benchmark,budget,method,mode,metric,cases,mean,case_std
pipe,0.375,uniform,original,relative_l2,9,0.01517189500813866,0.011399946139931524
pipe,0.375,uniform,fast,relative_l2,9,0.01596908910300394,0.011160131050969292
pipe,0.375,uniform,previous_runtime,relative_l2,9,0.01517189500813866,0.011399946139931524
pipe,0.375,pi,original,relative_l2,9,0.008959401694376791,0.004399314844450928
pipe,0.375,pi,fast,relative_l2,9,0.010447035831079678,0.004005178526517587
pipe,0.375,pi,previous_runtime,relative_l2,9,0.008959401694376791,0.004399314844450928
pipe,0.375,cpg,original,relative_l2,9,0.00638950453164485,0.004246529568842069
pipe,0.375,cpg,fast,relative_l2,9,0.007147392003122249,0.0037180031591517466
pipe,0.375,cpg,previous_runtime,relative_l2,9,0.005797502341675168,0.0033319719114043127
pipe,0.375,ca,original,relative_l2,9,0.006520233788634176,0.004238844451834705
pipe,0.375,ca,fast,relative_l2,9,0.0072356619647007386,0.003743993293414857
pipe,0.375,ca,previous_runtime,relative_l2,9,0.006059549930364122,0.003551142876134426
pipe,0.5,uniform,original,relative_l2,9,0.009874271745264066,0.005887670437449504
pipe,0.5,uniform,fast,relative_l2,9,0.010262284422175035,0.005784694424774849
pipe,0.5,uniform,previous_runtime,relative_l2,9,0.009874271745264066,0.005887670437449504
pipe,0.5,pi,original,relative_l2,9,0.006928896572735835,0.0028604170892662915
pipe,0.5,pi,fast,relative_l2,9,0.007523511279949463,0.002553043615083477
pipe,0.5,pi,previous_runtime,relative_l2,9,0.006928896572735835,0.0028604170892662915
pipe,0.5,cpg,original,relative_l2,9,0.005380638415537032,0.003732773993824013
pipe,0.5,cpg,fast,relative_l2,9,0.005870150826151423,0.0033965145824765308
pipe,0.5,cpg,previous_runtime,relative_l2,9,0.005126143963387148,0.003447438468444133
pipe,0.5,ca,original,relative_l2,9,0.006001012861586229,0.004175253298217921
pipe,0.5,ca,fast,relative_l2,9,0.006614643875824972,0.003725569401707277
pipe,0.5,ca,previous_runtime,relative_l2,9,0.0060733842798470685,0.004365865732702972
pipe,0.75,uniform,original,relative_l2,9,0.007260216975058204,0.004703858298822411
pipe,0.75,uniform,fast,relative_l2,9,0.007349743104873281,0.004641834935730809
pipe,0.75,uniform,previous_runtime,relative_l2,9,0.007260216975058204,0.004703858298822411
pipe,0.75,pi,original,relative_l2,9,0.005971323021264205,0.004619463696383007
pipe,0.75,pi,fast,relative_l2,9,0.006125736569588485,0.004506864821541725
pipe,0.75,pi,previous_runtime,relative_l2,9,0.005971323021264205,0.004619463696383007
pipe,0.75,cpg,original,relative_l2,9,0.00520065854269991,0.004901311538102951
pipe,0.75,cpg,fast,relative_l2,9,0.005333795344846301,0.004765203956282176
pipe,0.75,cpg,previous_runtime,relative_l2,9,0.005131354818881054,0.0048677283088440024
pipe,0.75,ca,original,relative_l2,9,0.005784089910733207,0.004868261357962568
pipe,0.75,ca,fast,relative_l2,9,0.006129107950387241,0.004650133897428507
pipe,0.75,ca,previous_runtime,relative_l2,9,0.0055807368505258964,0.004645553312297758
pipe,1.0,full,original,relative_l2,3,0.005053115969834228,0.005916363163128586
pipe,1.0,full,fast,relative_l2,3,0.005053115969834228,0.005916363163128586
pipe,1.0,full,previous_runtime,relative_l2,3,0.005053115969834228,0.005916363163128586
elasticity,0.375,uniform,original,relative_l2,9,0.12491712571064488,0.028743658299938246
elasticity,0.375,uniform,fast,relative_l2,9,0.12491712571064488,0.028743658299938246
elasticity,0.375,uniform,previous_runtime,relative_l2,9,0.12491712571064488,0.028743658299938246
elasticity,0.375,pi,original,relative_l2,9,0.09518520988460394,0.01387240002675409
elasticity,0.375,pi,fast,relative_l2,9,0.09518520988460394,0.01387240002675409
elasticity,0.375,pi,previous_runtime,relative_l2,9,0.09518520988460394,0.01387240002675409
elasticity,0.375,cpg,original,relative_l2,9,0.09356982940193447,0.024576674767031757
elasticity,0.375,cpg,fast,relative_l2,9,0.09356982940193447,0.024576674767031757
elasticity,0.375,cpg,previous_runtime,relative_l2,9,0.09246833526104156,0.024384083055565324
elasticity,0.375,ca,original,relative_l2,9,0.10840148907305426,0.020886033697802304
elasticity,0.375,ca,fast,relative_l2,9,0.10840148907305426,0.020886033697802304
elasticity,0.375,ca,previous_runtime,relative_l2,9,0.10376666046256497,0.020628085418282222
elasticity,0.5,uniform,original,relative_l2,9,0.08354224390829532,0.012526327989936968
elasticity,0.5,uniform,fast,relative_l2,9,0.08354224390829532,0.012526327989936968
elasticity,0.5,uniform,previous_runtime,relative_l2,9,0.08354224390829532,0.012526327989936968
elasticity,0.5,pi,original,relative_l2,9,0.06308906352415992,0.009968235697019448
elasticity,0.5,pi,fast,relative_l2,9,0.06308906352415992,0.009968235697019448
elasticity,0.5,pi,previous_runtime,relative_l2,9,0.06308906352415992,0.009968235697019448
elasticity,0.5,cpg,original,relative_l2,9,0.059729846411164716,0.009529534964441942
elasticity,0.5,cpg,fast,relative_l2,9,0.059729846411164716,0.009529534964441942
elasticity,0.5,cpg,previous_runtime,relative_l2,9,0.05961467206796205,0.009745708435449219
elasticity,0.5,ca,original,relative_l2,9,0.06129798884345114,0.0111190860047126
elasticity,0.5,ca,fast,relative_l2,9,0.06129798884345114,0.0111190860047126
elasticity,0.5,ca,previous_runtime,relative_l2,9,0.06107296723843755,0.009897790912591858
elasticity,0.75,uniform,original,relative_l2,9,0.04396306423032144,0.006865183831812218
elasticity,0.75,uniform,fast,relative_l2,9,0.04396306423032144,0.006865183831812218
elasticity,0.75,uniform,previous_runtime,relative_l2,9,0.04396306423032144,0.006865183831812218
elasticity,0.75,pi,original,relative_l2,9,0.034647879031462346,0.007376725172874307
elasticity,0.75,pi,fast,relative_l2,9,0.034647879031462346,0.007376725172874307
elasticity,0.75,pi,previous_runtime,relative_l2,9,0.034647879031462346,0.007376725172874307
elasticity,0.75,cpg,original,relative_l2,9,0.0320386603545639,0.009966511234292468
elasticity,0.75,cpg,fast,relative_l2,9,0.0320386603545639,0.009966511234292468
elasticity,0.75,cpg,previous_runtime,relative_l2,9,0.03099757563923936,0.01117692916285974
elasticity,0.75,ca,original,relative_l2,9,0.031060417528388992,0.007701704175101382
elasticity,0.75,ca,fast,relative_l2,9,0.031060417528388992,0.007701704175101382
elasticity,0.75,ca,previous_runtime,relative_l2,9,0.033734522059324576,0.009862966345074598
elasticity,1.0,full,original,relative_l2,3,0.009005026270945867,0.003038207383443143
elasticity,1.0,full,fast,relative_l2,3,0.009005026270945867,0.003038207383443143
elasticity,1.0,full,previous_runtime,relative_l2,3,0.009005026270945867,0.003038207383443143
darcy,0.375,uniform,original,relative_l2,9,0.025542145165339012,0.0053778038464422214
darcy,0.375,uniform,fast,relative_l2,9,0.025584117825736063,0.005399140350286459
darcy,0.375,uniform,previous_runtime,relative_l2,9,0.025542145165339012,0.0053778038464422214
darcy,0.375,pi,original,relative_l2,9,0.021190869602172435,0.0031362178625373785
darcy,0.375,pi,fast,relative_l2,9,0.0211829267818341,0.003168753889912891
darcy,0.375,pi,previous_runtime,relative_l2,9,0.021190869602172435,0.0031362178625373785
darcy,0.375,cpg,original,relative_l2,9,0.01568101085289811,0.0018288901301097866
darcy,0.375,cpg,fast,relative_l2,9,0.015887475285047848,0.001880679319835264
darcy,0.375,cpg,previous_runtime,relative_l2,9,0.015492634035890926,0.0016517309053010703
darcy,0.375,ca,original,relative_l2,9,0.015564179245604388,0.0018358610305422552
darcy,0.375,ca,fast,relative_l2,9,0.015763712625532618,0.0018744251948472977
darcy,0.375,ca,previous_runtime,relative_l2,9,0.015735450818643394,0.0016369413022094116
darcy,0.5,uniform,original,relative_l2,9,0.017235233501774458,0.002033513526116579
darcy,0.5,uniform,fast,relative_l2,9,0.017289509832690817,0.001976719962204498
darcy,0.5,uniform,previous_runtime,relative_l2,9,0.017235233501774458,0.002033513526116579
darcy,0.5,pi,original,relative_l2,9,0.017865787693871434,0.0026019761025944626
darcy,0.5,pi,fast,relative_l2,9,0.01790261138607327,0.002552588905959182
darcy,0.5,pi,previous_runtime,relative_l2,9,0.017865787693871434,0.0026019761025944626
darcy,0.5,cpg,original,relative_l2,9,0.014990015751543065,0.0016543707736069433
darcy,0.5,cpg,fast,relative_l2,9,0.015105631756921022,0.001692213476116979
darcy,0.5,cpg,previous_runtime,relative_l2,9,0.014577167475702943,0.0010918784866987253
darcy,0.5,ca,original,relative_l2,9,0.01495367908124561,0.0017731167705381107
darcy,0.5,ca,fast,relative_l2,9,0.015054253612782429,0.0018159043989420295
darcy,0.5,ca,previous_runtime,relative_l2,9,0.01476024440126894,0.0007021187962235929
darcy,0.75,uniform,original,relative_l2,9,0.01578399985292613,0.0019170436262503645
darcy,0.75,uniform,fast,relative_l2,9,0.015789078661463198,0.0018954756605306625
darcy,0.75,uniform,previous_runtime,relative_l2,9,0.01578399985292613,0.0019170436262503645
darcy,0.75,pi,original,relative_l2,9,0.015124559130371553,0.0010507323929170721
darcy,0.75,pi,fast,relative_l2,9,0.0151282730482369,0.0010125214830878852
darcy,0.75,pi,previous_runtime,relative_l2,9,0.015124559130371553,0.0010507323929170721
darcy,0.75,cpg,original,relative_l2,9,0.014122653169810095,0.0008753641218388458
darcy,0.75,cpg,fast,relative_l2,9,0.014143647756550482,0.0009008261712881802
darcy,0.75,cpg,previous_runtime,relative_l2,9,0.014209034729258172,0.0005493706195277142
darcy,0.75,ca,original,relative_l2,9,0.014190049916696297,0.0008751974287647048
darcy,0.75,ca,fast,relative_l2,9,0.014212141888571546,0.0008991659856012848
darcy,0.75,ca,previous_runtime,relative_l2,9,0.014299644527202414,0.0007139463608976885
darcy,1.0,full,original,relative_l2,3,0.01387069591631492,0.0003866141337929494
darcy,1.0,full,fast,relative_l2,3,0.01387069591631492,0.0003866141337929494
darcy,1.0,full,previous_runtime,relative_l2,3,0.01387069591631492,0.0003866141337929494
plasticity2d,0.375,uniform,original,relative_l2,9,0.04331958881106685,0.015051480628815781
plasticity2d,0.375,uniform,fast,relative_l2,9,0.03941909090303251,0.008586358046398833
plasticity2d,0.375,uniform,previous_runtime,relative_l2,9,0.04331958881106685,0.015051480628815781
plasticity2d,0.375,pi,original,relative_l2,9,0.03613776274366109,0.009408477877879821
plasticity2d,0.375,pi,fast,relative_l2,9,0.034257825950220026,0.008311707498921326
plasticity2d,0.375,pi,previous_runtime,relative_l2,9,0.03613776274366109,0.009408477877879821
plasticity2d,0.375,cpg,original,relative_l2,9,0.034080334332391896,0.008611889943954109
plasticity2d,0.375,cpg,fast,relative_l2,9,0.034332216730970755,0.008571212938471812
plasticity2d,0.375,cpg,previous_runtime,relative_l2,9,0.03419211036730394,0.008222189894838167
plasticity2d,0.375,ca,original,relative_l2,9,0.034337886861319514,0.0083079017916922
plasticity2d,0.375,ca,fast,relative_l2,9,0.03432121800044997,0.008372617298719028
plasticity2d,0.375,ca,previous_runtime,relative_l2,9,0.03414285285858653,0.008014141975018076
plasticity2d,0.5,uniform,original,relative_l2,9,0.03840514662842019,0.008820548638052374
plasticity2d,0.5,uniform,fast,relative_l2,9,0.038350916040750443,0.008605699474661749
plasticity2d,0.5,uniform,previous_runtime,relative_l2,9,0.03840514662842019,0.008820548638052374
plasticity2d,0.5,pi,original,relative_l2,9,0.03409653498906288,0.0075787174172931284
plasticity2d,0.5,pi,fast,relative_l2,9,0.033666621361245735,0.00780330353292608
plasticity2d,0.5,pi,previous_runtime,relative_l2,9,0.03409653498906288,0.0075787174172931284
plasticity2d,0.5,cpg,original,relative_l2,9,0.03405481261977027,0.008355745276909538
plasticity2d,0.5,cpg,fast,relative_l2,9,0.03427699675034837,0.008287397748806657
plasticity2d,0.5,cpg,previous_runtime,relative_l2,9,0.03433758974667845,0.008264830028457652
plasticity2d,0.5,ca,original,relative_l2,9,0.0336861877509961,0.007844916912009847
plasticity2d,0.5,ca,fast,relative_l2,9,0.03371490928234819,0.007857684564357575
plasticity2d,0.5,ca,previous_runtime,relative_l2,9,0.03396851573881667,0.007915536907505932
plasticity2d,0.75,uniform,original,relative_l2,9,0.03522195652588026,0.007591600372589055
plasticity2d,0.75,uniform,fast,relative_l2,9,0.03513232026506338,0.007737725905933486
plasticity2d,0.75,uniform,previous_runtime,relative_l2,9,0.03522195652588026,0.007591600372589055
plasticity2d,0.75,pi,original,relative_l2,9,0.03396037430543187,0.008022795623250159
plasticity2d,0.75,pi,fast,relative_l2,9,0.033939716525188415,0.00802340649239975
plasticity2d,0.75,pi,previous_runtime,relative_l2,9,0.03396037430543187,0.008022795623250159
plasticity2d,0.75,cpg,original,relative_l2,9,0.033988704518408436,0.007838110738214565
plasticity2d,0.75,cpg,fast,relative_l2,9,0.03408496919423357,0.007826653887082546
plasticity2d,0.75,cpg,previous_runtime,relative_l2,9,0.033903111419572696,0.007690976712935138
plasticity2d,0.75,ca,original,relative_l2,9,0.033839368012825784,0.008083870933723454
plasticity2d,0.75,ca,fast,relative_l2,9,0.033836162275408546,0.008077788774468247
plasticity2d,0.75,ca,previous_runtime,relative_l2,9,0.03388703593562347,0.007691874204667721
plasticity2d,1.0,full,original,relative_l2,3,0.03398706826070944,0.008602628836853081
plasticity2d,1.0,full,fast,relative_l2,3,0.03398706826070944,0.008602628836853081
plasticity2d,1.0,full,previous_runtime,relative_l2,3,0.03398706826070944,0.008602628836853081
airfoil2d,0.375,uniform,original,relative_l2,9,0.012334825556142452,0.0023215457451463985
airfoil2d,0.375,uniform,fast,relative_l2,9,0.012632482899045859,0.0024185055469040243
airfoil2d,0.375,uniform,previous_runtime,relative_l2,9,0.012334825556142452,0.0023215457451463985
airfoil2d,0.375,pi,original,relative_l2,9,0.00809015692005793,0.002415496368963567
airfoil2d,0.375,pi,fast,relative_l2,9,0.008087637084108874,0.0022835856872077975
airfoil2d,0.375,pi,previous_runtime,relative_l2,9,0.00809015692005793,0.002415496368963567
airfoil2d,0.375,cpg,original,relative_l2,9,0.0070215364105112605,0.0017583624555083735
airfoil2d,0.375,cpg,fast,relative_l2,9,0.00709433758836492,0.0017665450827237404
airfoil2d,0.375,cpg,previous_runtime,relative_l2,9,0.0070270816785121225,0.00169915540722165
airfoil2d,0.375,ca,original,relative_l2,9,0.007580849541389909,0.001859642180841069
airfoil2d,0.375,ca,fast,relative_l2,9,0.00762462941346178,0.0018622052005369493
airfoil2d,0.375,ca,previous_runtime,relative_l2,9,0.007494594341625838,0.0020390868587817777
airfoil2d,0.5,uniform,original,relative_l2,9,0.010289460574775996,0.0018403967411750987
airfoil2d,0.5,uniform,fast,relative_l2,9,0.01066550810971797,0.0018765899545170283
airfoil2d,0.5,uniform,previous_runtime,relative_l2,9,0.010289460574775996,0.0018403967411750987
airfoil2d,0.5,pi,original,relative_l2,9,0.006894749634911734,0.0019426143030705646
airfoil2d,0.5,pi,fast,relative_l2,9,0.006886326014365664,0.0019287675892981691
airfoil2d,0.5,pi,previous_runtime,relative_l2,9,0.006894749634911734,0.0019426143030705646
airfoil2d,0.5,cpg,original,relative_l2,9,0.006022310678906566,0.001863142712110416
airfoil2d,0.5,cpg,fast,relative_l2,9,0.006038157601957201,0.001860271589903682
airfoil2d,0.5,cpg,previous_runtime,relative_l2,9,0.006111862635577994,0.0017498527678555418
airfoil2d,0.5,ca,original,relative_l2,9,0.0064779693028665635,0.001680191911383777
airfoil2d,0.5,ca,fast,relative_l2,9,0.006499810858989372,0.0016771060467661559
airfoil2d,0.5,ca,previous_runtime,relative_l2,9,0.006584504471789554,0.0016648891164351546
airfoil2d,0.75,uniform,original,relative_l2,9,0.007448408581871392,0.0016041856551882493
airfoil2d,0.75,uniform,fast,relative_l2,9,0.007516575873097879,0.0015927435012763253
airfoil2d,0.75,uniform,previous_runtime,relative_l2,9,0.007448408581871392,0.0016041856551882493
airfoil2d,0.75,pi,original,relative_l2,9,0.005515198640383497,0.0016282284368266838
airfoil2d,0.75,pi,fast,relative_l2,9,0.005544407101636094,0.0016528398708467007
airfoil2d,0.75,pi,previous_runtime,relative_l2,9,0.005515198640383497,0.0016282284368266838
airfoil2d,0.75,cpg,original,relative_l2,9,0.005499437122049716,0.0016985698002278972
airfoil2d,0.75,cpg,fast,relative_l2,9,0.005499108136139696,0.0016984702585344951
airfoil2d,0.75,cpg,previous_runtime,relative_l2,9,0.005549618760102806,0.0016363483755522973
airfoil2d,0.75,ca,original,relative_l2,9,0.00558151394460931,0.0016310619361555967
airfoil2d,0.75,ca,fast,relative_l2,9,0.005583083319543555,0.0016310042730193401
airfoil2d,0.75,ca,previous_runtime,relative_l2,9,0.005528769283384673,0.0015566371868203576
airfoil2d,1.0,full,original,relative_l2,3,0.005305788790186246,0.001984329692028153
airfoil2d,1.0,full,fast,relative_l2,3,0.005305788790186246,0.001984329692028153
airfoil2d,1.0,full,previous_runtime,relative_l2,3,0.005305788790186246,0.001984329692028153
shapenet_car,0.375,uniform,original,velocity_rel_l2,9,0.0819144936541364,0.0031105207839079224
shapenet_car,0.375,uniform,original,pressure_rel_l2,9,0.19919689837798404,0.03388050311068072
shapenet_car,0.375,uniform,original,field_error,9,0.18151294284312838,0.015921321876938826
shapenet_car,0.375,uniform,fast,velocity_rel_l2,9,0.0819144936541364,0.0031105207839079224
shapenet_car,0.375,uniform,fast,pressure_rel_l2,9,0.19919689837798404,0.03388050311068072
shapenet_car,0.375,uniform,fast,field_error,9,0.18151294284312838,0.015921321876938826
shapenet_car,0.375,uniform,previous_runtime,velocity_rel_l2,9,0.0819144936541364,0.0031105207839079224
shapenet_car,0.375,uniform,previous_runtime,pressure_rel_l2,9,0.19919689837798404,0.03388050311068072
shapenet_car,0.375,uniform,previous_runtime,field_error,9,0.18151294284312838,0.015921321876938826
shapenet_car,0.375,pi,original,velocity_rel_l2,9,0.06362722802235046,0.004018937371007528
shapenet_car,0.375,pi,original,pressure_rel_l2,9,0.06957340938728623,0.013250145593758332
shapenet_car,0.375,pi,original,field_error,9,0.09841393271599358,0.00805471272662365
shapenet_car,0.375,pi,fast,velocity_rel_l2,9,0.06362722802235046,0.004018937371007528
shapenet_car,0.375,pi,fast,pressure_rel_l2,9,0.06957340938728623,0.013250145593758332
shapenet_car,0.375,pi,fast,field_error,9,0.09841393271599358,0.00805471272662365
shapenet_car,0.375,pi,previous_runtime,velocity_rel_l2,9,0.06362722802235046,0.004018937371007528
shapenet_car,0.375,pi,previous_runtime,pressure_rel_l2,9,0.06957340938728623,0.013250145593758332
shapenet_car,0.375,pi,previous_runtime,field_error,9,0.09841393271599358,0.00805471272662365
shapenet_car,0.375,cpg,original,velocity_rel_l2,9,0.05045334413512613,0.0009377055913824578
shapenet_car,0.375,cpg,original,pressure_rel_l2,9,0.07164913302497679,0.02014850457404689
shapenet_car,0.375,cpg,original,field_error,9,0.08627791064761453,0.010235359108161136
shapenet_car,0.375,cpg,fast,velocity_rel_l2,9,0.05045334413512613,0.0009377055913824578
shapenet_car,0.375,cpg,fast,pressure_rel_l2,9,0.07164913302497679,0.02014850457404689
shapenet_car,0.375,cpg,fast,field_error,9,0.08627791064761453,0.010235359108161136
shapenet_car,0.375,cpg,previous_runtime,velocity_rel_l2,9,0.052485400630010066,0.0011590613155792867
shapenet_car,0.375,cpg,previous_runtime,pressure_rel_l2,9,0.07305574043884985,0.020635084155637543
shapenet_car,0.375,cpg,previous_runtime,field_error,9,0.08901327084943499,0.010484677679738359
shapenet_car,0.375,ca,original,velocity_rel_l2,9,0.05031980799085059,0.0009484171629624746
shapenet_car,0.375,ca,original,pressure_rel_l2,9,0.07174026026483189,0.0201195901661146
shapenet_car,0.375,ca,original,field_error,9,0.08618993812326653,0.010263612659682191
shapenet_car,0.375,ca,fast,velocity_rel_l2,9,0.05031980799085059,0.0009484171629624746
shapenet_car,0.375,ca,fast,pressure_rel_l2,9,0.07174026026483189,0.0201195901661146
shapenet_car,0.375,ca,fast,field_error,9,0.08618993812326653,0.010263612659682191
shapenet_car,0.375,ca,previous_runtime,velocity_rel_l2,9,0.05231013108703504,0.0012789053490094302
shapenet_car,0.375,ca,previous_runtime,pressure_rel_l2,9,0.07287844784079259,0.0205945705411036
shapenet_car,0.375,ca,previous_runtime,field_error,9,0.08874935500743134,0.01057729786205653
shapenet_car,0.5,uniform,original,velocity_rel_l2,9,0.06758524907023555,0.00396159789184825
shapenet_car,0.5,uniform,original,pressure_rel_l2,9,0.17548877608058439,0.023453675645232947
shapenet_car,0.5,uniform,original,field_error,9,0.15532963711052775,0.009429608627371185
shapenet_car,0.5,uniform,fast,velocity_rel_l2,9,0.06758524907023555,0.00396159789184825
shapenet_car,0.5,uniform,fast,pressure_rel_l2,9,0.17548877608058439,0.023453675645232947
shapenet_car,0.5,uniform,fast,field_error,9,0.15532963711052775,0.009429608627371185
shapenet_car,0.5,uniform,previous_runtime,velocity_rel_l2,9,0.06758524907023555,0.00396159789184825
shapenet_car,0.5,uniform,previous_runtime,pressure_rel_l2,9,0.17548877608058439,0.023453675645232947
shapenet_car,0.5,uniform,previous_runtime,field_error,9,0.15532963711052775,0.009429608627371185
shapenet_car,0.5,pi,original,velocity_rel_l2,9,0.043455805840271165,0.0028067716633886613
shapenet_car,0.5,pi,original,pressure_rel_l2,9,0.07113563172647903,0.013281549446971774
shapenet_car,0.5,pi,original,field_error,9,0.07902362170351068,0.005546766720018006
shapenet_car,0.5,pi,fast,velocity_rel_l2,9,0.043455805840271165,0.0028067716633886613
shapenet_car,0.5,pi,fast,pressure_rel_l2,9,0.07113563172647903,0.013281549446971774
shapenet_car,0.5,pi,fast,field_error,9,0.07902362170351068,0.005546766720018006
shapenet_car,0.5,pi,previous_runtime,velocity_rel_l2,9,0.043455805840271165,0.0028067716633886613
shapenet_car,0.5,pi,previous_runtime,pressure_rel_l2,9,0.07113563172647903,0.013281549446971774
shapenet_car,0.5,pi,previous_runtime,field_error,9,0.07902362170351068,0.005546766720018006
shapenet_car,0.5,cpg,original,velocity_rel_l2,9,0.03375208741265249,0.0006312730120875258
shapenet_car,0.5,cpg,original,pressure_rel_l2,9,0.07436828529441501,0.019922952290642747
shapenet_car,0.5,cpg,original,field_error,9,0.07093623005986,0.009827102944198255
shapenet_car,0.5,cpg,fast,velocity_rel_l2,9,0.03375208741265249,0.0006312730120875258
shapenet_car,0.5,cpg,fast,pressure_rel_l2,9,0.07436828529441501,0.019922952290642747
shapenet_car,0.5,cpg,fast,field_error,9,0.07093623005986,0.009827102944198255
shapenet_car,0.5,cpg,previous_runtime,velocity_rel_l2,9,0.03612882535322873,0.0011493361574721377
shapenet_car,0.5,cpg,previous_runtime,pressure_rel_l2,9,0.07617583697282077,0.019501153670268
shapenet_car,0.5,cpg,previous_runtime,field_error,9,0.07421674383963911,0.010730023989174551
shapenet_car,0.5,ca,original,velocity_rel_l2,9,0.03370171789274149,0.0006601458901102317
shapenet_car,0.5,ca,original,pressure_rel_l2,9,0.07446551357851842,0.0199639130639487
shapenet_car,0.5,ca,original,field_error,9,0.0709344746820007,0.00990034557884676
shapenet_car,0.5,ca,fast,velocity_rel_l2,9,0.03370171789274149,0.0006601458901102317
shapenet_car,0.5,ca,fast,pressure_rel_l2,9,0.07446551357851842,0.0199639130639487
shapenet_car,0.5,ca,fast,field_error,9,0.0709344746820007,0.00990034557884676
shapenet_car,0.5,ca,previous_runtime,velocity_rel_l2,9,0.03609131957410087,0.0011746605891745931
shapenet_car,0.5,ca,previous_runtime,pressure_rel_l2,9,0.07633478666141891,0.019537409387817863
shapenet_car,0.5,ca,previous_runtime,field_error,9,0.07425871290481033,0.010756208913538673
shapenet_car,0.75,uniform,original,velocity_rel_l2,9,0.04392400118448942,0.005978848307872419
shapenet_car,0.75,uniform,original,pressure_rel_l2,9,0.11326101203747213,0.0225335499436503
shapenet_car,0.75,uniform,original,field_error,9,0.1005545072032255,0.010076128333860056
shapenet_car,0.75,uniform,fast,velocity_rel_l2,9,0.04392400118448942,0.005978848307872419
shapenet_car,0.75,uniform,fast,pressure_rel_l2,9,0.11326101203747213,0.0225335499436503
shapenet_car,0.75,uniform,fast,field_error,9,0.1005545072032255,0.010076128333860056
shapenet_car,0.75,uniform,previous_runtime,velocity_rel_l2,9,0.04392400118448942,0.005978848307872419
shapenet_car,0.75,uniform,previous_runtime,pressure_rel_l2,9,0.11326101203747212,0.02253354994365029
shapenet_car,0.75,uniform,previous_runtime,field_error,9,0.1005545072032255,0.010076128333860054
shapenet_car,0.75,pi,original,velocity_rel_l2,9,0.03158746499404317,0.013191061946143723
shapenet_car,0.75,pi,original,pressure_rel_l2,9,0.07371283908046908,0.014396711111317068
shapenet_car,0.75,pi,original,field_error,9,0.0684438845342777,0.012661983507933015
shapenet_car,0.75,pi,fast,velocity_rel_l2,9,0.03158746499404317,0.013191061946143723
shapenet_car,0.75,pi,fast,pressure_rel_l2,9,0.07371283908046908,0.014396711111317068
shapenet_car,0.75,pi,fast,field_error,9,0.0684438845342777,0.012661983507933015
shapenet_car,0.75,pi,previous_runtime,velocity_rel_l2,9,0.03158746499404317,0.013191061946143723
shapenet_car,0.75,pi,previous_runtime,pressure_rel_l2,9,0.07371283908046908,0.014396711111317068
shapenet_car,0.75,pi,previous_runtime,field_error,9,0.0684438845342777,0.012661983507933015
shapenet_car,0.75,cpg,original,velocity_rel_l2,9,0.022587091286324454,0.002961803128618078
shapenet_car,0.75,cpg,original,pressure_rel_l2,9,0.071275398346187,0.020459518642806318
shapenet_car,0.75,cpg,original,field_error,9,0.05822479045941795,0.010682609649002079
shapenet_car,0.75,cpg,fast,velocity_rel_l2,9,0.022587091286324454,0.002961803128618078
shapenet_car,0.75,cpg,fast,pressure_rel_l2,9,0.071275398346187,0.020459518642806318
shapenet_car,0.75,cpg,fast,field_error,9,0.05822479045941795,0.010682609649002079
shapenet_car,0.75,cpg,previous_runtime,velocity_rel_l2,9,0.02284784880038975,0.003344597867308551
shapenet_car,0.75,cpg,previous_runtime,pressure_rel_l2,9,0.07165170903185564,0.020194225984557918
shapenet_car,0.75,cpg,previous_runtime,field_error,9,0.05867370331631757,0.01048881078689131
shapenet_car,0.75,ca,original,velocity_rel_l2,9,0.022593310865695444,0.0029936038223156466
shapenet_car,0.75,ca,original,pressure_rel_l2,9,0.07124697896710422,0.020470840060082065
shapenet_car,0.75,ca,original,field_error,9,0.05821680034924754,0.01063970884695342
shapenet_car,0.75,ca,fast,velocity_rel_l2,9,0.022593310865695444,0.0029936038223156466
shapenet_car,0.75,ca,fast,pressure_rel_l2,9,0.07124697896710422,0.020470840060082065
shapenet_car,0.75,ca,fast,field_error,9,0.05821680034924754,0.01063970884695342
shapenet_car,0.75,ca,previous_runtime,velocity_rel_l2,9,0.022827215363271876,0.003324170819033321
shapenet_car,0.75,ca,previous_runtime,pressure_rel_l2,9,0.07167049083631026,0.02016962102877582
shapenet_car,0.75,ca,previous_runtime,field_error,9,0.058662460781427006,0.010484887601665748
shapenet_car,1.0,full,original,velocity_rel_l2,3,0.022597441139320534,0.012595143712015302
shapenet_car,1.0,full,original,pressure_rel_l2,3,0.07167009512583415,0.018833742943152234
shapenet_car,1.0,full,original,field_error,3,0.05843248715003332,0.012840027838564612
shapenet_car,1.0,full,fast,velocity_rel_l2,3,0.022597441139320534,0.012595143712015302
shapenet_car,1.0,full,fast,pressure_rel_l2,3,0.07167009512583415,0.018833742943152234
shapenet_car,1.0,full,fast,field_error,3,0.05843248715003332,0.012840027838564612
shapenet_car,1.0,full,previous_runtime,velocity_rel_l2,3,0.022597441139320534,0.012595143712015302
shapenet_car,1.0,full,previous_runtime,pressure_rel_l2,3,0.07167009512583415,0.018833742943152234
shapenet_car,1.0,full,previous_runtime,field_error,3,0.05843248715003332,0.012840027838564612
superwing,0.375,uniform,original,relative_l2,9,0.043845385522749025,0.00880869953512897
superwing,0.375,uniform,fast,relative_l2,9,0.05263054460187449,0.0107724638003668
superwing,0.375,uniform,previous_runtime,relative_l2,9,0.043845385522749025,0.00880869953512897
superwing,0.375,pi,original,relative_l2,9,0.03706802779442883,0.0056607439260237345
superwing,0.375,pi,fast,relative_l2,9,0.04567086958355911,0.006165616000854293
superwing,0.375,pi,previous_runtime,relative_l2,9,0.03706802779442883,0.0056607439260237345
superwing,0.375,cpg,original,relative_l2,9,0.031148759290568262,0.007554214591859994
superwing,0.375,cpg,fast,relative_l2,9,0.03333476331968711,0.007574849822071041
superwing,0.375,cpg,previous_runtime,relative_l2,9,0.030747887610278895,0.007418254724624723
superwing,0.375,ca,original,relative_l2,9,0.03992213897339567,0.010281919700834249
superwing,0.375,ca,fast,relative_l2,9,0.043867634350174295,0.010059996334728647
superwing,0.375,ca,previous_runtime,relative_l2,9,0.03969847924061493,0.010212181148295365
superwing,0.5,uniform,original,relative_l2,9,0.038573881463229244,0.010828589432268205
superwing,0.5,uniform,fast,relative_l2,9,0.04145042150912903,0.010471579828191835
superwing,0.5,uniform,previous_runtime,relative_l2,9,0.038573881463229244,0.010828589432268205
superwing,0.5,pi,original,relative_l2,9,0.032197549110767186,0.007063104594601817
superwing,0.5,pi,fast,relative_l2,9,0.03739946551576289,0.00504075880189518
superwing,0.5,pi,previous_runtime,relative_l2,9,0.032197549110767186,0.007063104594601817
superwing,0.5,cpg,original,relative_l2,9,0.026836617911303297,0.007702425073058408
superwing,0.5,cpg,fast,relative_l2,9,0.027113378079879603,0.007686454416342216
superwing,0.5,cpg,previous_runtime,relative_l2,9,0.026414506292471353,0.0077258509179165
superwing,0.5,ca,original,relative_l2,9,0.026851555007066187,0.007747751463170996
superwing,0.5,ca,fast,relative_l2,9,0.027485849574665256,0.007511179166150721
superwing,0.5,ca,previous_runtime,relative_l2,9,0.026471304680654235,0.007725323681290672
superwing,0.75,uniform,original,relative_l2,9,0.029480661035871485,0.008100923842266166
superwing,0.75,uniform,fast,relative_l2,9,0.030647745104254314,0.008197358454341734
superwing,0.75,uniform,previous_runtime,relative_l2,9,0.029480661035871485,0.008100923842266166
superwing,0.75,pi,original,relative_l2,9,0.02815697739821457,0.006907660535096512
superwing,0.75,pi,fast,relative_l2,9,0.028586865491083555,0.0068725893270929475
superwing,0.75,pi,previous_runtime,relative_l2,9,0.02815697739821457,0.006907660535096512
superwing,0.75,cpg,original,relative_l2,9,0.024703206817251418,0.007919340862929
superwing,0.75,cpg,fast,relative_l2,9,0.02459730608646337,0.007926616186031589
superwing,0.75,cpg,previous_runtime,relative_l2,9,0.02463465995648785,0.00791514610113548
superwing,0.75,ca,original,relative_l2,9,0.02500477688572612,0.007650753976081542
superwing,0.75,ca,fast,relative_l2,9,0.025152722756466846,0.007506050521200578
superwing,0.75,ca,previous_runtime,relative_l2,9,0.024911328550674374,0.007605557352029655
superwing,1.0,full,original,relative_l2,3,0.023385861267646153,0.010148229882293299
superwing,1.0,full,fast,relative_l2,3,0.023385861267646153,0.010148229882293299
superwing,1.0,full,previous_runtime,relative_l2,3,0.023385861267646153,0.010148229882293299
driverml,0.375,uniform,original,relative_l2,9,0.07570560607645246,0.002365837551127536
driverml,0.375,uniform,fast,relative_l2,9,0.07570560607645246,0.002365837551127536
driverml,0.375,uniform,previous_runtime,relative_l2,9,0.07570560607645246,0.002365837551127536
driverml,0.375,pi,original,relative_l2,9,0.06687509351306492,0.003725965778253066
driverml,0.375,pi,fast,relative_l2,9,0.06687509351306492,0.003725965778253066
driverml,0.375,pi,previous_runtime,relative_l2,9,0.06687509351306492,0.003725965778253066
driverml,0.375,cpg,original,relative_l2,9,0.06008062718643083,0.004061643065244256
driverml,0.375,cpg,fast,relative_l2,9,0.06008062718643083,0.004061643065244256
driverml,0.375,cpg,previous_runtime,relative_l2,9,0.06008061683840222,0.0040616084442897825
driverml,0.375,ca,original,relative_l2,9,0.06065923306677076,0.004289161796923043
driverml,0.375,ca,fast,relative_l2,9,0.06065923306677076,0.004289161796923043
driverml,0.375,ca,previous_runtime,relative_l2,9,0.0606591941581832,0.004289078074165787
driverml,0.5,uniform,original,relative_l2,9,0.07141092419624329,0.0026650948459253734
driverml,0.5,uniform,fast,relative_l2,9,0.07141092419624329,0.0026650948459253734
driverml,0.5,uniform,previous_runtime,relative_l2,9,0.07141092419624329,0.0026650948459253734
driverml,0.5,pi,original,relative_l2,9,0.0625254867805375,0.004120849735065737
driverml,0.5,pi,fast,relative_l2,9,0.0625254867805375,0.004120849735065737
driverml,0.5,pi,previous_runtime,relative_l2,9,0.0625254867805375,0.004120849735065737
driverml,0.5,cpg,original,relative_l2,9,0.05820963407556216,0.004216408434665297
driverml,0.5,cpg,fast,relative_l2,9,0.05820963407556216,0.004216408434665297
driverml,0.5,cpg,previous_runtime,relative_l2,9,0.058209611309899226,0.0042163508286925935
driverml,0.5,ca,original,relative_l2,9,0.05845156063636144,0.004378725176813386
driverml,0.5,ca,fast,relative_l2,9,0.05845156063636144,0.004378725176813386
driverml,0.5,ca,previous_runtime,relative_l2,9,0.058451527108748756,0.004378642605086886
driverml,0.75,uniform,original,relative_l2,9,0.06453472127517064,0.0033871330263078618
driverml,0.75,uniform,fast,relative_l2,9,0.06453472127517064,0.0033871330263078618
driverml,0.75,uniform,previous_runtime,relative_l2,9,0.06453472127517064,0.0033871330263078618
driverml,0.75,pi,original,relative_l2,9,0.05825681984424591,0.004331435167275065
driverml,0.75,pi,fast,relative_l2,9,0.05825681984424591,0.004331435167275065
driverml,0.75,pi,previous_runtime,relative_l2,9,0.05825681984424591,0.004331435167275065
driverml,0.75,cpg,original,relative_l2,9,0.05665461180938615,0.004348597486908628
driverml,0.75,cpg,fast,relative_l2,9,0.05665461180938615,0.004348597486908628
driverml,0.75,cpg,previous_runtime,relative_l2,9,0.05665460808409585,0.0043485744480334714
driverml,0.75,ca,original,relative_l2,9,0.05659343550602595,0.004394897141325825
driverml,0.75,ca,fast,relative_l2,9,0.05659343550602595,0.004394897141325825
driverml,0.75,ca,previous_runtime,relative_l2,9,0.05659343426426252,0.004394892483276168
driverml,1.0,full,original,relative_l2,3,0.05607480804125468,0.005079094693411045
driverml,1.0,full,fast,relative_l2,3,0.05607480804125468,0.005079094693411045
driverml,1.0,full,previous_runtime,relative_l2,3,0.05607480804125468,0.005079094693411045
