benchmark,budget,method,component,n,mean_ms,case_std_ms
pipe,0.375,uniform,adapter_increment_ms,9,2580.176511572467,5790.005681916276
pipe,0.375,uniform,case_preparation_ms,9,67.86504222287073,0.3739121683761167
pipe,0.375,uniform,reported_shared_input_preparation_ms,9,2585.7219886448647,5610.164036639755
pipe,0.375,uniform,gpu_runtime_and_reconstruction_preparation_ms,9,374.6755835082796,982.6686279212279
pipe,0.375,uniform,first_sampled_call_ms,9,64.78756417830785,117.65743927050691
pipe,0.375,uniform,graph_setup_ms,9,69.17003211047914,117.64563718177395
pipe,0.375,uniform,first_full_original_after_sampled_ms,9,4.129461116260952,0.02633192070672963
pipe,0.375,uniform,first_full_fast_after_sampled_ms,9,4.023740688959758,0.06667153316882306
pipe,0.375,pi,adapter_increment_ms,9,0.028927293088701036,0.007806560802637493
pipe,0.375,pi,case_preparation_ms,9,68.82211979892519,1.260893023927299
pipe,0.375,pi,reported_shared_input_preparation_ms,9,2586.6800356242393,5611.407302868302
pipe,0.375,pi,gpu_runtime_and_reconstruction_preparation_ms,9,49.08413853910234,3.914162438893799
pipe,0.375,pi,first_sampled_call_ms,9,26.148935986889732,1.6237937815554102
pipe,0.375,pi,graph_setup_ms,9,30.699048605230118,1.763540898787443
pipe,0.375,pi,first_full_original_after_sampled_ms,9,4.257286588350932,0.10526371731222497
pipe,0.375,pi,first_full_fast_after_sampled_ms,9,4.18958564599355,0.09348836126790935
pipe,0.375,cpg,adapter_increment_ms,9,5.7039103574222985,9.067578080161017
pipe,0.375,cpg,case_preparation_ms,9,0.15090405941009521,0.01270988798521921
pipe,0.375,cpg,reported_shared_input_preparation_ms,9,2523.5149885217347,5619.273463293745
pipe,0.375,cpg,gpu_runtime_and_reconstruction_preparation_ms,9,136.94352325465945,54.35711945080906
pipe,0.375,cpg,first_sampled_call_ms,9,1006.4519420266151,256.69964499167844
pipe,0.375,cpg,graph_setup_ms,9,1011.0246216257414,256.56092918442243
pipe,0.375,cpg,first_full_original_after_sampled_ms,9,68.95478732056088,1.9406869069122357
pipe,0.375,cpg,first_full_fast_after_sampled_ms,9,11.088201569186317,0.22066917882000575
pipe,0.375,ca,adapter_increment_ms,9,0.20301093657811484,0.01463641811282037
pipe,0.375,ca,case_preparation_ms,9,0.1502078440454271,0.0247414540584536
pipe,0.375,ca,reported_shared_input_preparation_ms,9,2518.030392626921,5610.202646370187
pipe,0.375,ca,gpu_runtime_and_reconstruction_preparation_ms,9,47.15584135717816,2.087866961703091
pipe,0.375,ca,first_sampled_call_ms,9,43.5138377878401,6.017754430602657
pipe,0.375,ca,graph_setup_ms,9,48.20384416315291,6.158653170491804
pipe,0.375,ca,first_full_original_after_sampled_ms,9,68.19940275616116,1.7584360685630724
pipe,0.375,ca,first_full_fast_after_sampled_ms,9,10.24034453762902,0.2871662073954074
pipe,0.5,uniform,adapter_increment_ms,9,0.0969900025261773,0.009563031911167844
pipe,0.5,uniform,case_preparation_ms,9,93.8629772928026,1.490543305512824
pipe,0.5,uniform,reported_shared_input_preparation_ms,9,2611.7258924576972,5608.889337555563
pipe,0.5,uniform,gpu_runtime_and_reconstruction_preparation_ms,9,121.110410326057,206.1812451015624
pipe,0.5,uniform,first_sampled_call_ms,9,29.59695789549086,4.318011690470134
pipe,0.5,uniform,graph_setup_ms,9,34.78042036294937,4.308633449952803
pipe,0.5,uniform,first_full_original_after_sampled_ms,9,4.917731715573205,0.07430817889638655
pipe,0.5,uniform,first_full_fast_after_sampled_ms,9,4.819946156607734,0.05056946380884619
pipe,0.5,pi,adapter_increment_ms,9,0.029375155766805012,0.01155329223801613
pipe,0.5,pi,case_preparation_ms,9,94.34359934594896,1.3119416893672704
pipe,0.5,pi,reported_shared_input_preparation_ms,9,2612.198835445775,5609.668431566195
pipe,0.5,pi,gpu_runtime_and_reconstruction_preparation_ms,9,47.713780568705666,4.044551269338956
pipe,0.5,pi,first_sampled_call_ms,9,27.82484061188168,0.9988499416575451
pipe,0.5,pi,graph_setup_ms,9,33.19503780868318,1.0803289932498625
pipe,0.5,pi,first_full_original_after_sampled_ms,9,5.115896463394165,0.11438002273849847
pipe,0.5,pi,first_full_fast_after_sampled_ms,9,4.980663458506267,0.07426586808924471
pipe,0.5,cpg,adapter_increment_ms,9,2.706170082092285,0.05440829829795382
pipe,0.5,cpg,case_preparation_ms,9,0.14347169134351942,0.00512985745254437
pipe,0.5,cpg,reported_shared_input_preparation_ms,9,2520.5126139852737,5610.213170518177
pipe,0.5,cpg,gpu_runtime_and_reconstruction_preparation_ms,9,64.43223191632165,0.5347864369125258
pipe,0.5,cpg,first_sampled_call_ms,9,77.22481754091051,66.36283596312693
pipe,0.5,cpg,graph_setup_ms,9,124.58202408419714,194.45366852776368
pipe,0.5,cpg,first_full_original_after_sampled_ms,9,94.57872145705753,0.6353696667816169
pipe,0.5,cpg,first_full_fast_after_sampled_ms,9,54.68358016676373,128.45693864402477
pipe,0.5,ca,adapter_increment_ms,9,0.2072594232029385,0.025960832968842357
pipe,0.5,ca,case_preparation_ms,9,0.14247248570124307,0.006212693112259814
pipe,0.5,ca,reported_shared_input_preparation_ms,9,2518.0222541093826,5610.2058643270075
pipe,0.5,ca,gpu_runtime_and_reconstruction_preparation_ms,9,50.1518158449067,5.845773148759491
pipe,0.5,ca,first_sampled_call_ms,9,45.58944205443064,1.0727538281378133
pipe,0.5,ca,graph_setup_ms,9,50.24053901433945,1.0645544574229162
pipe,0.5,ca,first_full_original_after_sampled_ms,9,94.43390286631055,1.762625078870591
pipe,0.5,ca,first_full_fast_after_sampled_ms,9,11.022941933737862,0.3101961792176685
pipe,0.75,uniform,adapter_increment_ms,9,0.10463015900717841,0.016806666804104975
pipe,0.75,uniform,case_preparation_ms,9,147.99352155791388,2.6047674066628326
pipe,0.75,uniform,reported_shared_input_preparation_ms,9,2665.85401362843,5609.596845758398
pipe,0.75,uniform,gpu_runtime_and_reconstruction_preparation_ms,9,112.59842829571829,196.48811352816404
pipe,0.75,uniform,first_sampled_call_ms,9,34.86919982565774,0.39572203144074924
pipe,0.75,uniform,graph_setup_ms,9,41.759234335687424,0.4460567461565419
pipe,0.75,uniform,first_full_original_after_sampled_ms,9,6.686871250470479,0.06893358371634907
pipe,0.75,uniform,first_full_fast_after_sampled_ms,9,6.554344462023841,0.044672581051351905
pipe,0.75,pi,adapter_increment_ms,9,0.025472707218594022,0.0009748198860599734
pipe,0.75,pi,case_preparation_ms,9,146.41421288251877,1.8418364232105977
pipe,0.75,pi,reported_shared_input_preparation_ms,9,2664.2686327298484,5609.503024368812
pipe,0.75,pi,gpu_runtime_and_reconstruction_preparation_ms,9,50.48550499810113,5.674657115279419
pipe,0.75,pi,first_sampled_call_ms,9,35.2863147854805,0.48599237731708883
pipe,0.75,pi,graph_setup_ms,9,42.443941036860146,0.5658787141221058
pipe,0.75,pi,first_full_original_after_sampled_ms,9,6.942273014121586,0.09555421685563277
pipe,0.75,pi,first_full_fast_after_sampled_ms,9,6.816238164901733,0.055457278098904904
pipe,0.75,cpg,adapter_increment_ms,9,2.7052495214674206,0.05492777611569129
pipe,0.75,cpg,case_preparation_ms,9,0.14860928058624268,0.00900678282106291
pipe,0.75,cpg,reported_shared_input_preparation_ms,9,2520.511546068721,5610.208609648769
pipe,0.75,cpg,gpu_runtime_and_reconstruction_preparation_ms,9,64.63913785086737,0.8467199947577279
pipe,0.75,cpg,first_sampled_call_ms,9,75.68073686626222,57.7100071420359
pipe,0.75,cpg,graph_setup_ms,9,80.14405187633302,57.66825757987785
pipe,0.75,cpg,first_full_original_after_sampled_ms,9,146.79857840140662,2.7390267111851223
pipe,0.75,cpg,first_full_fast_after_sampled_ms,9,13.656867874993218,0.07842887371944032
pipe,0.75,ca,adapter_increment_ms,9,0.2062395215034485,0.010873809064340137
pipe,0.75,ca,case_preparation_ms,9,0.31014780203501385,0.1571540200290672
pipe,0.75,ca,reported_shared_input_preparation_ms,9,2518.186336590184,5610.240328452149
pipe,0.75,ca,gpu_runtime_and_reconstruction_preparation_ms,9,50.43532864915,5.774171058387258
pipe,0.75,ca,first_sampled_call_ms,9,51.33267740408579,2.988886053411529
pipe,0.75,ca,graph_setup_ms,9,56.17524600691266,3.280112486599555
pipe,0.75,ca,first_full_original_after_sampled_ms,9,145.993505915006,2.981479890920601
pipe,0.75,ca,first_full_fast_after_sampled_ms,9,13.132166531350878,0.6253577767456836
pipe,1.0,full,adapter_increment_ms,3,0.10143965482711792,0.004417685413887102
pipe,1.0,full,case_preparation_ms,3,0.6039440631866455,0.10818174986093318
pipe,1.0,full,reported_shared_input_preparation_ms,3,6305.933644374211,9675.577984477788
pipe,1.0,full,gpu_runtime_and_reconstruction_preparation_ms,3,0.03785391648610433,0.006700745565421436
pipe,1.0,full,first_sampled_call_ms,3,41.20548566182455,0.2286063936005767
pipe,1.0,full,graph_setup_ms,3,33.65649779637655,0.20477612299556514
pipe,1.0,full,first_full_original_after_sampled_ms,3,7.428072392940521,0.010606895236459614
pipe,1.0,full,first_full_fast_after_sampled_ms,3,7.397870222727458,0.0060756564916784085
elasticity,0.375,uniform,adapter_increment_ms,9,44.46688128842248,6.207367270157068
elasticity,0.375,uniform,case_preparation_ms,9,3.660556342866686,0.09621498947885762
elasticity,0.375,uniform,reported_shared_input_preparation_ms,9,44.998347759246826,3.1378113631957576
elasticity,0.375,uniform,gpu_runtime_and_reconstruction_preparation_ms,9,0.18811888164944118,0.01063472868677541
elasticity,0.375,uniform,first_sampled_call_ms,9,21.91918260521359,0.8247660171111373
elasticity,0.375,uniform,graph_setup_ms,9,23.954445289240944,0.8343743909485819
elasticity,0.375,uniform,first_full_original_after_sampled_ms,9,1.7992481589317322,0.022105114878721036
elasticity,0.375,uniform,first_full_fast_after_sampled_ms,9,1.7376003993882074,0.019812420092885273
elasticity,0.375,pi,adapter_increment_ms,9,0.025317072868347168,0.0009655978323650143
elasticity,0.375,pi,case_preparation_ms,9,7.039489017592536,0.21258954644881758
elasticity,0.375,pi,reported_shared_input_preparation_ms,9,48.37969359424379,2.993913547044255
elasticity,0.375,pi,gpu_runtime_and_reconstruction_preparation_ms,9,0.1751192741923862,0.006601362035984033
elasticity,0.375,pi,first_sampled_call_ms,9,21.46409617529975,0.47786205830959666
elasticity,0.375,pi,graph_setup_ms,9,23.53396432267295,0.509910848054288
elasticity,0.375,pi,first_full_original_after_sampled_ms,9,1.8232208159234788,0.0406809002899069
elasticity,0.375,pi,first_full_fast_after_sampled_ms,9,1.7590547601381938,0.027367871229062417
elasticity,0.375,cpg,adapter_increment_ms,9,11.477625204457176,15.645228527658189
elasticity,0.375,cpg,case_preparation_ms,9,0.11451956298616198,0.03424224735599097
elasticity,0.375,cpg,reported_shared_input_preparation_ms,9,52.72666861613592,15.420468358931977
elasticity,0.375,cpg,gpu_runtime_and_reconstruction_preparation_ms,9,7.397102812925975,0.2554687882199606
elasticity,0.375,cpg,first_sampled_call_ms,9,766.3644875089327,196.39633745026237
elasticity,0.375,cpg,graph_setup_ms,9,764.0016145176357,196.40741047760247
elasticity,0.375,cpg,first_full_original_after_sampled_ms,9,5.212948554091984,0.05144189226808779
elasticity,0.375,cpg,first_full_fast_after_sampled_ms,9,5.027563207679325,0.14291009175626393
elasticity,0.375,ca,adapter_increment_ms,9,0.16886327001783583,0.008189743898844214
elasticity,0.375,ca,case_preparation_ms,9,0.11226534843444824,0.012062264488049262
elasticity,0.375,ca,reported_shared_input_preparation_ms,9,41.462687154610954,3.1276384528433567
elasticity,0.375,ca,gpu_runtime_and_reconstruction_preparation_ms,9,3.6941087908214993,3.8810252587602
elasticity,0.375,ca,first_sampled_call_ms,9,35.794129802121056,3.6213846070179456
elasticity,0.375,ca,graph_setup_ms,9,34.02801106373469,3.5800805104881497
elasticity,0.375,ca,first_full_original_after_sampled_ms,9,4.621682895554437,0.1179747498620936
elasticity,0.375,ca,first_full_fast_after_sampled_ms,9,4.446304506725735,0.14414144563352627
elasticity,0.5,uniform,adapter_increment_ms,9,0.09497751792271932,0.008395120841801013
elasticity,0.5,uniform,case_preparation_ms,9,6.206577022870381,0.3346764468676806
elasticity,0.5,uniform,reported_shared_input_preparation_ms,9,47.5463792681694,3.263087892202755
elasticity,0.5,uniform,gpu_runtime_and_reconstruction_preparation_ms,9,0.179115268919203,0.005363657539499468
elasticity,0.5,uniform,first_sampled_call_ms,9,22.234506905078888,0.8161552769598082
elasticity,0.5,uniform,graph_setup_ms,9,24.390272796154022,0.8301007429075679
elasticity,0.5,uniform,first_full_original_after_sampled_ms,9,1.928988430235121,0.07864487569287111
elasticity,0.5,uniform,first_full_fast_after_sampled_ms,9,1.753667990366618,0.018091449959948203
elasticity,0.5,pi,adapter_increment_ms,9,0.02480049928029378,0.001109686382615824
elasticity,0.5,pi,case_preparation_ms,9,7.825767000516255,0.26689435821082913
elasticity,0.5,pi,reported_shared_input_preparation_ms,9,49.16519009404712,3.030164508726884
elasticity,0.5,pi,gpu_runtime_and_reconstruction_preparation_ms,9,0.17297681834962633,0.01004423386443581
elasticity,0.5,pi,first_sampled_call_ms,9,21.43465148078071,0.8275206144913365
elasticity,0.5,pi,graph_setup_ms,9,23.545096317927044,0.8538711661306095
elasticity,0.5,pi,first_full_original_after_sampled_ms,9,1.8586830960379706,0.04899683299960549
elasticity,0.5,pi,first_full_fast_after_sampled_ms,9,1.7877982722388372,0.018920798853500995
elasticity,0.5,cpg,adapter_increment_ms,9,0.6431639194488525,0.014974821835482495
elasticity,0.5,cpg,case_preparation_ms,9,0.08970499038696289,0.0038358932700091075
elasticity,0.5,cpg,reported_shared_input_preparation_ms,9,41.891745395130584,3.1259415048600534
elasticity,0.5,cpg,gpu_runtime_and_reconstruction_preparation_ms,9,3.4319269988271923,0.06391922485464319
elasticity,0.5,cpg,first_sampled_call_ms,9,44.3035364151001,1.1600127086256162
elasticity,0.5,cpg,graph_setup_ms,9,41.85224986738629,1.133768194169518
elasticity,0.5,cpg,first_full_original_after_sampled_ms,9,6.095204088422987,0.03466131854391581
elasticity,0.5,cpg,first_full_fast_after_sampled_ms,9,5.897544324398041,0.039709119073505106
elasticity,0.5,ca,adapter_increment_ms,9,0.16640292273627388,0.006746249539014628
elasticity,0.5,ca,case_preparation_ms,9,0.11065188381406996,0.0063430461258145955
elasticity,0.5,ca,reported_shared_input_preparation_ms,9,41.461510790718926,3.1256165767035395
elasticity,0.5,ca,gpu_runtime_and_reconstruction_preparation_ms,9,2.381819817754957,0.05153586096593775
elasticity,0.5,ca,first_sampled_call_ms,9,35.28423027859794,1.3621470329583578
elasticity,0.5,ca,graph_setup_ms,9,33.48039587338766,1.3677598419511097
elasticity,0.5,ca,first_full_original_after_sampled_ms,9,5.502147807015313,0.06049498569017476
elasticity,0.5,ca,first_full_fast_after_sampled_ms,9,5.33961339129342,0.13601650547659933
elasticity,0.75,uniform,adapter_increment_ms,9,0.09361820088492499,0.006239958860415162
elasticity,0.75,uniform,case_preparation_ms,9,7.441110081142849,0.2592034796161702
elasticity,0.75,uniform,reported_shared_input_preparation_ms,9,48.778931299845375,3.16129453150884
elasticity,0.75,uniform,gpu_runtime_and_reconstruction_preparation_ms,9,0.18740610943900216,0.009334098089893071
elasticity,0.75,uniform,first_sampled_call_ms,9,22.59286575847202,0.9704815016230138
elasticity,0.75,uniform,graph_setup_ms,9,24.801890883180832,0.9609981522928747
elasticity,0.75,uniform,first_full_original_after_sampled_ms,9,1.9505951139662001,0.028751942592756936
elasticity,0.75,uniform,first_full_fast_after_sampled_ms,9,1.9182273083262973,0.02240418929379957
elasticity,0.75,pi,adapter_increment_ms,9,0.027122596899668377,0.0049554623142598515
elasticity,0.75,pi,case_preparation_ms,9,9.77990362379286,0.29451776397046614
elasticity,0.75,pi,reported_shared_input_preparation_ms,9,51.11818843417697,3.0124719701453206
elasticity,0.75,pi,gpu_runtime_and_reconstruction_preparation_ms,9,0.18060952425003052,0.010446108572608422
elasticity,0.75,pi,first_sampled_call_ms,9,22.25036422411601,0.6468566119815565
elasticity,0.75,pi,graph_setup_ms,9,24.49386732445823,0.6572456615818549
elasticity,0.75,pi,first_full_original_after_sampled_ms,9,2.004506687323252,0.04454641171824301
elasticity,0.75,pi,first_full_fast_after_sampled_ms,9,1.9086144036716886,0.012911768278623895
elasticity,0.75,cpg,adapter_increment_ms,9,0.6579268309805129,0.023853347112710116
elasticity,0.75,cpg,case_preparation_ms,9,0.0898299945725335,0.003718593243426328
elasticity,0.75,cpg,reported_shared_input_preparation_ms,9,41.90188232395384,3.1282118177066596
elasticity,0.75,cpg,gpu_runtime_and_reconstruction_preparation_ms,9,3.5438305801815457,0.3300925388270558
elasticity,0.75,cpg,first_sampled_call_ms,9,69.7739256752862,74.89133236884548
elasticity,0.75,cpg,graph_setup_ms,9,67.16062873601913,74.85407936517404
elasticity,0.75,cpg,first_full_original_after_sampled_ms,9,8.00484750005934,0.08231846575574522
elasticity,0.75,cpg,first_full_fast_after_sampled_ms,9,7.876815895239512,0.17299031399713755
elasticity,0.75,ca,adapter_increment_ms,9,0.17245279418097603,0.011402651600900735
elasticity,0.75,ca,case_preparation_ms,9,0.11672410700056288,0.008417391413346121
elasticity,0.75,ca,reported_shared_input_preparation_ms,9,41.46746463245816,3.1294658178911674
elasticity,0.75,ca,gpu_runtime_and_reconstruction_preparation_ms,9,2.3947879672050476,0.05114742575110448
elasticity,0.75,ca,first_sampled_call_ms,9,35.433641738361786,1.2334650199760102
elasticity,0.75,ca,graph_setup_ms,9,33.46697241067886,1.2161804824624878
elasticity,0.75,ca,first_full_original_after_sampled_ms,9,7.314089271757338,0.07191116355274789
elasticity,0.75,ca,first_full_fast_after_sampled_ms,9,7.157408528857761,0.07342362399318542
elasticity,1.0,full,adapter_increment_ms,3,0.10202576716740926,0.016397135696403355
elasticity,1.0,full,case_preparation_ms,3,1.4791935682296753,0.4050433713144861
elasticity,1.0,full,reported_shared_input_preparation_ms,3,42.11382816235224,1.3713642348934592
elasticity,1.0,full,gpu_runtime_and_reconstruction_preparation_ms,3,0.03924469153086344,0.00511392315421168
elasticity,1.0,full,first_sampled_call_ms,3,22.837368150552113,1.2177404909914433
elasticity,1.0,full,graph_setup_ms,3,21.340360244115193,1.1696041836757793
elasticity,1.0,full,first_full_original_after_sampled_ms,3,1.2820760409037273,0.013050181273855698
elasticity,1.0,full,first_full_fast_after_sampled_ms,3,1.257568597793579,0.012389031887513365
darcy,0.375,uniform,adapter_increment_ms,9,97.42564459641774,2.7010573830979077
darcy,0.375,uniform,case_preparation_ms,9,26.41889949639638,0.17105697857706176
darcy,0.375,uniform,reported_shared_input_preparation_ms,9,122.79747674862544,2.8049074807663232
darcy,0.375,uniform,gpu_runtime_and_reconstruction_preparation_ms,9,103.37049762407939,227.12115507581692
darcy,0.375,uniform,first_sampled_call_ms,9,23.79026595089171,4.242637380744367
darcy,0.375,uniform,graph_setup_ms,9,26.696383125252193,4.241845038813193
darcy,0.375,uniform,first_full_original_after_sampled_ms,9,2.7556460764673023,0.023684031392152128
darcy,0.375,uniform,first_full_fast_after_sampled_ms,9,2.5115484992663064,0.014191474689739999
darcy,0.375,pi,adapter_increment_ms,9,0.02525912390814887,0.0022323715556012867
darcy,0.375,pi,case_preparation_ms,9,27.30668667289946,0.24374261788272378
darcy,0.375,pi,reported_shared_input_preparation_ms,9,123.68920611010657,2.9269828669707176
darcy,0.375,pi,gpu_runtime_and_reconstruction_preparation_ms,9,32.782631615797676,16.383863997746445
darcy,0.375,pi,first_sampled_call_ms,9,22.543269726965164,0.2827544956107782
darcy,0.375,pi,graph_setup_ms,9,25.557546979851193,0.3002997107041485
darcy,0.375,pi,first_full_original_after_sampled_ms,9,2.8394502070215015,0.026265709506806078
darcy,0.375,pi,first_full_fast_after_sampled_ms,9,2.604372799396515,0.025682339364634106
darcy,0.375,cpg,adapter_increment_ms,9,4.782398541768392,0.9511028249853575
darcy,0.375,cpg,case_preparation_ms,9,0.12774268786112467,0.0069804266548090434
darcy,0.375,cpg,reported_shared_input_preparation_ms,9,101.08782516585455,3.44227649981709
darcy,0.375,cpg,gpu_runtime_and_reconstruction_preparation_ms,9,47.48589876625273,0.74272388563289
darcy,0.375,cpg,first_sampled_call_ms,9,1018.7153187063005,380.92081744153245
darcy,0.375,cpg,graph_setup_ms,9,1031.1373348037403,354.1591725298256
darcy,0.375,cpg,first_full_original_after_sampled_ms,9,27.8056338429451,0.3515052784357365
darcy,0.375,cpg,first_full_fast_after_sampled_ms,9,16.86004052559535,28.560197787047183
darcy,0.375,ca,adapter_increment_ms,9,0.18940120935440063,0.010287916439857851
darcy,0.375,ca,case_preparation_ms,9,0.10498447550667657,0.003775310678241709
darcy,0.375,ca,reported_shared_input_preparation_ms,9,96.50316337744395,2.76869805344324
darcy,0.375,ca,gpu_runtime_and_reconstruction_preparation_ms,9,36.43863565391965,1.336281893653131
darcy,0.375,ca,first_sampled_call_ms,9,37.1007008685006,1.2994186567257053
darcy,0.375,ca,graph_setup_ms,9,40.09357591470083,1.2813557546324315
darcy,0.375,ca,first_full_original_after_sampled_ms,9,26.904282470544178,0.4264111125508992
darcy,0.375,ca,first_full_fast_after_sampled_ms,9,6.5908713473214044,0.06347748330950245
darcy,0.5,uniform,adapter_increment_ms,9,0.09489556153615315,0.007490593598122292
darcy,0.5,uniform,case_preparation_ms,9,37.986062467098236,0.4590264823106616
darcy,0.5,uniform,reported_shared_input_preparation_ms,9,134.36672174268298,2.6220629564441222
darcy,0.5,uniform,gpu_runtime_and_reconstruction_preparation_ms,9,88.01283190647762,183.61730415492352
darcy,0.5,uniform,first_sampled_call_ms,9,23.043670588069492,0.2972582770605143
darcy,0.5,uniform,graph_setup_ms,9,26.202197704050278,0.3068155118099371
darcy,0.5,uniform,first_full_original_after_sampled_ms,9,3.077936669190725,0.03716904526250955
darcy,0.5,uniform,first_full_fast_after_sampled_ms,9,2.8026012910736933,0.021718400195895673
darcy,0.5,pi,adapter_increment_ms,9,0.027875105539957683,0.007058293676859168
darcy,0.5,pi,case_preparation_ms,9,37.23156617747413,0.41333203702893184
darcy,0.5,pi,reported_shared_input_preparation_ms,9,133.61346390512256,2.94424778086012
darcy,0.5,pi,gpu_runtime_and_reconstruction_preparation_ms,9,27.069796290662552,0.44577646030840207
darcy,0.5,pi,first_sampled_call_ms,9,23.0922583076689,0.3731855955650741
darcy,0.5,pi,graph_setup_ms,9,26.339564058515762,0.39371683089211906
darcy,0.5,pi,first_full_original_after_sampled_ms,9,3.140990932782491,0.020592851157901066
darcy,0.5,pi,first_full_fast_after_sampled_ms,9,2.9001525706715054,0.022155599751301512
darcy,0.5,cpg,adapter_increment_ms,9,4.780983759297265,0.9019007526341103
darcy,0.5,cpg,case_preparation_ms,9,0.12714084651735094,0.00492308792019754
darcy,0.5,cpg,reported_shared_input_preparation_ms,9,101.07470138205423,3.3505812446477883
darcy,0.5,cpg,gpu_runtime_and_reconstruction_preparation_ms,9,24.868597586949665,2.584075471201936
darcy,0.5,cpg,first_sampled_call_ms,9,48.3007464143965,0.9396651341032235
darcy,0.5,cpg,graph_setup_ms,9,51.293603248066375,0.9615553719601355
darcy,0.5,cpg,first_full_original_after_sampled_ms,9,37.47205684582392,0.5149100252618716
darcy,0.5,cpg,first_full_fast_after_sampled_ms,9,7.780287000868055,0.11305991705105439
darcy,0.5,ca,adapter_increment_ms,9,0.19179781277974448,0.011695535097937644
darcy,0.5,ca,case_preparation_ms,9,0.1057287057240804,0.005620907572153489
darcy,0.5,ca,reported_shared_input_preparation_ms,9,96.5040408902698,2.769667112877221
darcy,0.5,ca,gpu_runtime_and_reconstruction_preparation_ms,9,34.683688647217224,1.3008631603932344
darcy,0.5,ca,first_sampled_call_ms,9,37.275160352389015,0.39709593078763905
darcy,0.5,ca,graph_setup_ms,9,40.41460156440735,0.6618072383763174
darcy,0.5,ca,first_full_original_after_sampled_ms,9,36.72273622618781,0.5619313927272408
darcy,0.5,ca,first_full_fast_after_sampled_ms,9,7.094846003585392,0.4033890825813133
darcy,0.75,uniform,adapter_increment_ms,9,0.08959571520487468,0.006362754389055053
darcy,0.75,uniform,case_preparation_ms,9,59.79605846934848,1.36748075326986
darcy,0.75,uniform,reported_shared_input_preparation_ms,9,156.17446270253924,2.8920143832415324
darcy,0.75,uniform,gpu_runtime_and_reconstruction_preparation_ms,9,98.90307072136137,214.9996105424912
darcy,0.75,uniform,first_sampled_call_ms,9,24.93315190076828,0.4012282467674348
darcy,0.75,uniform,graph_setup_ms,9,28.764483829339344,0.419829761480907
darcy,0.75,uniform,first_full_original_after_sampled_ms,9,3.757619195514255,0.033128661121840625
darcy,0.75,uniform,first_full_fast_after_sampled_ms,9,3.498115473323398,0.034912222109337726
darcy,0.75,pi,adapter_increment_ms,9,0.025270713700188532,0.0005990630256969927
darcy,0.75,pi,case_preparation_ms,9,60.55153823561139,0.7514014178153184
darcy,0.75,pi,reported_shared_input_preparation_ms,9,156.92705826626883,3.0243942978800646
darcy,0.75,pi,gpu_runtime_and_reconstruction_preparation_ms,9,27.03979280259874,0.9950271037643542
darcy,0.75,pi,first_sampled_call_ms,9,25.19899109999339,0.3721617452721611
darcy,0.75,pi,graph_setup_ms,9,29.19384754366345,0.37400408737199237
darcy,0.75,pi,first_full_original_after_sampled_ms,9,3.903246588177151,0.032932468564771215
darcy,0.75,pi,first_full_fast_after_sampled_ms,9,3.640400038825141,0.021486968659531126
darcy,0.75,cpg,adapter_increment_ms,9,4.797982672850291,0.8928150520293517
darcy,0.75,cpg,case_preparation_ms,9,0.1341948906580607,0.008184194024588738
darcy,0.75,cpg,reported_shared_input_preparation_ms,9,101.09481794966592,3.323352401282134
darcy,0.75,cpg,gpu_runtime_and_reconstruction_preparation_ms,9,24.128502441777123,0.5715463504229866
darcy,0.75,cpg,first_sampled_call_ms,9,50.35325470897887,1.12006413007269
darcy,0.75,cpg,graph_setup_ms,9,53.342134588294556,1.098351663211269
darcy,0.75,cpg,first_full_original_after_sampled_ms,9,60.021361543072594,0.7458658034894387
darcy,0.75,cpg,first_full_fast_after_sampled_ms,9,8.570931024021572,0.10510734401961704
darcy,0.75,ca,adapter_increment_ms,9,0.21170824766159058,0.0314036485815968
darcy,0.75,ca,case_preparation_ms,9,0.1142281625005934,0.0027155708269425856
darcy,0.75,ca,reported_shared_input_preparation_ms,9,96.51268521944682,2.7714071104771647
darcy,0.75,ca,gpu_runtime_and_reconstruction_preparation_ms,9,35.18017133076986,0.9860692842138489
darcy,0.75,ca,first_sampled_call_ms,9,40.0321880976359,0.8811532434536756
darcy,0.75,ca,graph_setup_ms,9,43.07707730266783,0.9568944989256298
darcy,0.75,ca,first_full_original_after_sampled_ms,9,59.03918627235625,0.8077321538398758
darcy,0.75,ca,first_full_fast_after_sampled_ms,9,7.802398668395148,0.1623980566043251
darcy,1.0,full,adapter_increment_ms,3,0.1092006762822469,0.026304137712449046
darcy,1.0,full,case_preparation_ms,3,1.5291844805081685,0.3207779460796515
darcy,1.0,full,reported_shared_input_preparation_ms,3,99.22455996274948,4.150630870320932
darcy,1.0,full,gpu_runtime_and_reconstruction_preparation_ms,3,0.03732492526372274,0.003930181853390751
darcy,1.0,full,first_sampled_call_ms,3,26.034563779830933,0.3399580676623969
darcy,1.0,full,graph_setup_ms,3,22.379348675409954,0.3321139054795205
darcy,1.0,full,first_full_original_after_sampled_ms,3,3.5430466135342917,0.003382270916034771
darcy,1.0,full,first_full_fast_after_sampled_ms,3,3.5260443886121116,0.005544680498853693
plasticity2d,0.375,uniform,adapter_increment_ms,9,1868.460519446267,5573.430065174422
plasticity2d,0.375,uniform,case_preparation_ms,9,12.709696259763506,0.23280640753463624
plasticity2d,0.375,uniform,reported_shared_input_preparation_ms,9,1875.0962250762516,5558.726586048714
plasticity2d,0.375,uniform,gpu_runtime_and_reconstruction_preparation_ms,9,329.12327845891315,949.7714543340941
plasticity2d,0.375,uniform,first_sampled_call_ms,9,63.3720134695371,122.76720423686882
plasticity2d,0.375,uniform,graph_setup_ms,9,66.1567822098732,122.72200416024776
plasticity2d,0.375,uniform,first_full_original_after_sampled_ms,9,2.6220414373609753,0.18864441971225848
plasticity2d,0.375,uniform,first_full_fast_after_sampled_ms,9,2.1897115641170077,0.1949192101676451
plasticity2d,0.375,pi,adapter_increment_ms,9,0.13922982745700413,0.013527472646497833
plasticity2d,0.375,pi,case_preparation_ms,9,15.515798495875465,0.23061743484595165
plasticity2d,0.375,pi,reported_shared_input_preparation_ms,9,1877.9065989785724,5558.692833305718
plasticity2d,0.375,pi,gpu_runtime_and_reconstruction_preparation_ms,9,12.059047818183899,0.16926785956099633
plasticity2d,0.375,pi,first_sampled_call_ms,9,22.457407580481636,1.226244551955343
plasticity2d,0.375,pi,graph_setup_ms,9,25.32614850335651,1.2427051206284152
plasticity2d,0.375,pi,first_full_original_after_sampled_ms,9,2.5885129968325296,0.06256878978612405
plasticity2d,0.375,pi,first_full_fast_after_sampled_ms,9,2.256851229402754,0.14455566097159697
plasticity2d,0.375,cpg,adapter_increment_ms,9,0.23129830757776895,0.009783939350690433
plasticity2d,0.375,cpg,case_preparation_ms,9,0.096334351433648,0.003157986786874574
plasticity2d,0.375,cpg,reported_shared_input_preparation_ms,9,1862.4988264507717,5558.66384439909
plasticity2d,0.375,cpg,gpu_runtime_and_reconstruction_preparation_ms,9,43.28589720858468,53.51291515753606
plasticity2d,0.375,cpg,first_sampled_call_ms,9,966.361156768269,258.57589372224413
plasticity2d,0.375,cpg,graph_setup_ms,9,1078.2236928741138,530.936835194898
plasticity2d,0.375,cpg,first_full_original_after_sampled_ms,9,15.085834595892164,0.43967487486836776
plasticity2d,0.375,cpg,first_full_fast_after_sampled_ms,9,115.39074199067221,324.79338227342697
plasticity2d,0.375,ca,adapter_increment_ms,9,0.23304671049118042,0.03005673688535792
plasticity2d,0.375,ca,case_preparation_ms,9,0.10423031118181017,0.0032233538186403213
plasticity2d,0.375,ca,reported_shared_input_preparation_ms,9,1862.5055510136817,5558.663446076255
plasticity2d,0.375,ca,gpu_runtime_and_reconstruction_preparation_ms,9,11.238043506940206,0.1587288897710221
plasticity2d,0.375,ca,first_sampled_call_ms,9,33.465882970227135,6.548421143408582
plasticity2d,0.375,ca,graph_setup_ms,9,37.59541114171346,6.421249354021604
plasticity2d,0.375,ca,first_full_original_after_sampled_ms,9,14.071886738141378,0.33930684626036717
plasticity2d,0.375,ca,first_full_fast_after_sampled_ms,9,6.834787627061208,0.4713753304294447
plasticity2d,0.5,uniform,adapter_increment_ms,9,0.22714253928926256,0.01710569545266347
plasticity2d,0.5,uniform,case_preparation_ms,9,18.428223000632393,0.8322918653084239
plasticity2d,0.5,uniform,reported_shared_input_preparation_ms,9,1880.8156905902756,5558.1932885275355
plasticity2d,0.5,uniform,gpu_runtime_and_reconstruction_preparation_ms,9,71.21975388791826,176.80880547158566
plasticity2d,0.5,uniform,first_sampled_call_ms,9,22.59351975387997,0.3748007820625648
plasticity2d,0.5,uniform,graph_setup_ms,9,25.587230920791626,0.3755837455916566
plasticity2d,0.5,uniform,first_full_original_after_sampled_ms,9,2.7847571505440607,0.05852177726283068
plasticity2d,0.5,uniform,first_full_fast_after_sampled_ms,9,2.3038006491131253,0.041034549235958874
plasticity2d,0.5,pi,adapter_increment_ms,9,0.13998150825500488,0.011074709137347203
plasticity2d,0.5,pi,case_preparation_ms,9,20.187493827607895,0.4074988304865004
plasticity2d,0.5,pi,reported_shared_input_preparation_ms,9,1882.5769325097401,5558.694825337195
plasticity2d,0.5,pi,gpu_runtime_and_reconstruction_preparation_ms,9,11.978162659539116,0.24627742121618518
plasticity2d,0.5,pi,first_sampled_call_ms,9,23.035823471016354,0.8717762539905557
plasticity2d,0.5,pi,graph_setup_ms,9,26.144752899805706,0.9041000758828586
plasticity2d,0.5,pi,first_full_original_after_sampled_ms,9,2.847292357020908,0.09513475935865234
plasticity2d,0.5,pi,first_full_fast_after_sampled_ms,9,2.3874094088872275,0.09967764396021833
plasticity2d,0.5,cpg,adapter_increment_ms,9,0.23332486550013223,0.008731637831760265
plasticity2d,0.5,cpg,case_preparation_ms,9,0.09624080525504218,0.0029437520617920797
plasticity2d,0.5,cpg,reported_shared_input_preparation_ms,9,1862.4989961584408,5558.664437376382
plasticity2d,0.5,cpg,gpu_runtime_and_reconstruction_preparation_ms,9,13.164203200075361,0.2672060254315817
plasticity2d,0.5,cpg,first_sampled_call_ms,9,47.062039375305176,0.8158071127577332
plasticity2d,0.5,cpg,graph_setup_ms,9,50.57330512338214,0.9260486127883464
plasticity2d,0.5,cpg,first_full_original_after_sampled_ms,9,19.299637112352585,0.5164360595694946
plasticity2d,0.5,cpg,first_full_fast_after_sampled_ms,9,7.146081162823571,0.28764724753395676
plasticity2d,0.5,ca,adapter_increment_ms,9,0.213447544309828,0.00958915130234497
plasticity2d,0.5,ca,case_preparation_ms,9,0.09985764821370442,0.004697576295162396
plasticity2d,0.5,ca,reported_shared_input_preparation_ms,9,1862.501501209206,5558.664498167254
plasticity2d,0.5,ca,gpu_runtime_and_reconstruction_preparation_ms,9,11.218801140785217,0.19217172069436683
plasticity2d,0.5,ca,first_sampled_call_ms,9,32.42907921473185,1.9638710767439644
plasticity2d,0.5,ca,graph_setup_ms,9,36.397479474544525,1.962918078128605
plasticity2d,0.5,ca,first_full_original_after_sampled_ms,9,18.442784746487934,0.16996186202257227
plasticity2d,0.5,ca,first_full_fast_after_sampled_ms,9,6.688880423704783,0.09947682025247381
plasticity2d,0.75,uniform,adapter_increment_ms,9,0.24150808652242026,0.04870136023163751
plasticity2d,0.75,uniform,case_preparation_ms,9,27.422808938556248,1.2793490394771365
plasticity2d,0.75,uniform,reported_shared_input_preparation_ms,9,1889.8061323497031,5558.3274855625405
plasticity2d,0.75,uniform,gpu_runtime_and_reconstruction_preparation_ms,9,79.35512645377054,200.4810086278101
plasticity2d,0.75,uniform,first_sampled_call_ms,9,72.50978300968806,131.77900026097885
plasticity2d,0.75,uniform,graph_setup_ms,9,76.06374637948142,131.73579643794403
plasticity2d,0.75,uniform,first_full_original_after_sampled_ms,9,3.3686964048279657,1.0723831063780804
plasticity2d,0.75,uniform,first_full_fast_after_sampled_ms,9,2.5599300861358643,0.048203992898464165
plasticity2d,0.75,pi,adapter_increment_ms,9,0.14697594775093925,0.010107001466010072
plasticity2d,0.75,pi,case_preparation_ms,9,29.71488568517897,0.30062054802892635
plasticity2d,0.75,pi,reported_shared_input_preparation_ms,9,1892.1041025055779,5558.7103936946905
plasticity2d,0.75,pi,gpu_runtime_and_reconstruction_preparation_ms,9,11.863751543892754,0.13181697860734234
plasticity2d,0.75,pi,first_sampled_call_ms,9,27.774041725529564,14.9813198484092
plasticity2d,0.75,pi,graph_setup_ms,9,32.33070092068778,18.56498019226024
plasticity2d,0.75,pi,first_full_original_after_sampled_ms,9,4.166536033153534,3.198459667563833
plasticity2d,0.75,pi,first_full_fast_after_sampled_ms,9,2.79765741692649,0.41339332836983
plasticity2d,0.75,cpg,adapter_increment_ms,9,0.23433814446131387,0.007754571837506128
plasticity2d,0.75,cpg,case_preparation_ms,9,0.10071363714006212,0.014378789629613602
plasticity2d,0.75,cpg,reported_shared_input_preparation_ms,9,1862.5030873550309,5558.661570523753
plasticity2d,0.75,cpg,gpu_runtime_and_reconstruction_preparation_ms,9,12.083557744820913,2.0701952911353327
plasticity2d,0.75,cpg,first_sampled_call_ms,9,67.7129841513104,59.792906208796104
plasticity2d,0.75,cpg,graph_setup_ms,9,136.98549237516193,200.34117692688693
plasticity2d,0.75,cpg,first_full_original_after_sampled_ms,9,28.715915150112576,0.5450257172808985
plasticity2d,0.75,cpg,first_full_fast_after_sampled_ms,9,73.23685536781947,197.6150237597412
plasticity2d,0.75,ca,adapter_increment_ms,9,0.21977722644805908,0.010706833639059107
plasticity2d,0.75,ca,case_preparation_ms,9,0.10217312309477064,0.005800708977244199
plasticity2d,0.75,ca,reported_shared_input_preparation_ms,9,1862.5046610832214,5558.665221444346
plasticity2d,0.75,ca,gpu_runtime_and_reconstruction_preparation_ms,9,11.040321654743618,0.07156145125357335
plasticity2d,0.75,ca,first_sampled_call_ms,9,44.50359609391954,39.30053665263629
plasticity2d,0.75,ca,graph_setup_ms,9,53.05472430255678,40.16456258753766
plasticity2d,0.75,ca,first_full_original_after_sampled_ms,9,27.658118969864315,0.3996366532735371
plasticity2d,0.75,ca,first_full_fast_after_sampled_ms,9,11.564103265603384,14.763040880932168
plasticity2d,1.0,full,adapter_increment_ms,3,0.21554529666900635,0.02290703632415827
plasticity2d,1.0,full,case_preparation_ms,3,1.023702323436737,0.2713535208902261
plasticity2d,1.0,full,reported_shared_input_preparation_ms,3,5569.179231921832,9627.633718952435
plasticity2d,1.0,full,gpu_runtime_and_reconstruction_preparation_ms,3,0.03406653801600138,0.002019428066995753
plasticity2d,1.0,full,first_sampled_call_ms,3,23.20290853579839,0.6050785489557906
plasticity2d,1.0,full,graph_setup_ms,3,21.013351778189342,0.5321086664626535
plasticity2d,1.0,full,first_full_original_after_sampled_ms,3,2.0679707328478494,0.005663423141982052
plasticity2d,1.0,full,first_full_fast_after_sampled_ms,3,2.0478169123331704,0.002974492869643475
airfoil2d,0.375,uniform,adapter_increment_ms,9,4.14139942990409,8.985296834931992
airfoil2d,0.375,uniform,case_preparation_ms,9,48.0140315161811,0.6350032807643161
airfoil2d,0.375,uniform,reported_shared_input_preparation_ms,9,47.98165791564517,0.6344307210276179
airfoil2d,0.375,uniform,gpu_runtime_and_reconstruction_preparation_ms,9,99.93613511323929,187.7655959429146
airfoil2d,0.375,uniform,first_sampled_call_ms,9,28.47614304886924,10.672861031866907
airfoil2d,0.375,uniform,graph_setup_ms,9,32.063624097241295,10.946179641353897
airfoil2d,0.375,uniform,first_full_original_after_sampled_ms,9,3.469743662410312,0.293718778961661
airfoil2d,0.375,uniform,first_full_fast_after_sampled_ms,9,3.0996062689357333,0.10255282448002749
airfoil2d,0.375,pi,adapter_increment_ms,9,0.06774730152553982,0.004865255435581532
airfoil2d,0.375,pi,case_preparation_ms,9,53.21644908852048,0.6824172210580854
airfoil2d,0.375,pi,reported_shared_input_preparation_ms,9,53.18640338049995,0.6809614373569458
airfoil2d,0.375,pi,gpu_runtime_and_reconstruction_preparation_ms,9,40.40253907442093,1.6441645720626445
airfoil2d,0.375,pi,first_sampled_call_ms,9,25.058194994926453,0.41328600002915616
airfoil2d,0.375,pi,graph_setup_ms,9,28.632863528198666,0.4360253877698454
airfoil2d,0.375,pi,first_full_original_after_sampled_ms,9,3.4607425332069397,0.040016259821371185
airfoil2d,0.375,pi,first_full_fast_after_sampled_ms,9,3.191589481300778,0.029378051794740238
airfoil2d,0.375,cpg,adapter_increment_ms,9,9.881652891635895,0.27451896082304506
airfoil2d,0.375,cpg,case_preparation_ms,9,0.1675196819835239,0.013665987395382608
airfoil2d,0.375,cpg,reported_shared_input_preparation_ms,9,9.500166608227623,0.2885732401066753
airfoil2d,0.375,cpg,gpu_runtime_and_reconstruction_preparation_ms,9,23.40780778063668,0.1431425479340293
airfoil2d,0.375,cpg,first_sampled_call_ms,9,109.32882047361798,180.01167808464004
airfoil2d,0.375,cpg,graph_setup_ms,9,113.9763527446323,180.1919889497151
airfoil2d,0.375,cpg,first_full_original_after_sampled_ms,9,49.58016177018484,0.475365369954311
airfoil2d,0.375,cpg,first_full_fast_after_sampled_ms,9,10.552927023834652,0.4717881370006123
airfoil2d,0.375,ca,adapter_increment_ms,9,9.44226731856664,0.12987252530454635
airfoil2d,0.375,ca,case_preparation_ms,9,0.21040191253026327,0.02783944858238369
airfoil2d,0.375,ca,reported_shared_input_preparation_ms,9,9.168798724810282,0.12104131610612048
airfoil2d,0.375,ca,gpu_runtime_and_reconstruction_preparation_ms,9,85.33230837848451,1.4794102915188465
airfoil2d,0.375,ca,first_sampled_call_ms,9,935.3535696864128,358.74624520659864
airfoil2d,0.375,ca,graph_setup_ms,9,939.7662414444817,358.8026688070644
airfoil2d,0.375,ca,first_full_original_after_sampled_ms,9,48.190433118078445,0.49277946295283354
airfoil2d,0.375,ca,first_full_fast_after_sampled_ms,9,8.907515969541338,0.5419325635333107
airfoil2d,0.5,uniform,adapter_increment_ms,9,1.1243861582544115,0.5195288373462909
airfoil2d,0.5,uniform,case_preparation_ms,9,66.12062123086717,1.5517893730536483
airfoil2d,0.5,uniform,reported_shared_input_preparation_ms,9,66.11004885700014,1.5526639428641227
airfoil2d,0.5,uniform,gpu_runtime_and_reconstruction_preparation_ms,9,39.46536613835229,1.3239728482833297
airfoil2d,0.5,uniform,first_sampled_call_ms,9,26.17203775379393,0.5650136891585883
airfoil2d,0.5,uniform,graph_setup_ms,9,30.659817159175873,1.5767442310286972
airfoil2d,0.5,uniform,first_full_original_after_sampled_ms,9,3.991088933414883,0.09780942861450684
airfoil2d,0.5,uniform,first_full_fast_after_sampled_ms,9,4.094337423642476,1.1649124531465382
airfoil2d,0.5,pi,adapter_increment_ms,9,0.0665585199991862,0.0018737765827370227
airfoil2d,0.5,pi,case_preparation_ms,9,72.47184879249997,0.9438004530356017
airfoil2d,0.5,pi,reported_shared_input_preparation_ms,9,72.44142558839586,0.9427579147622267
airfoil2d,0.5,pi,gpu_runtime_and_reconstruction_preparation_ms,9,36.829025381141236,1.6881021461343377
airfoil2d,0.5,pi,first_sampled_call_ms,9,26.202667090627884,0.40982307499005133
airfoil2d,0.5,pi,graph_setup_ms,9,30.413078765074413,0.4375556975361018
airfoil2d,0.5,pi,first_full_original_after_sampled_ms,9,4.108609424697028,0.03618856018232554
airfoil2d,0.5,pi,first_full_fast_after_sampled_ms,9,3.8373139169481068,0.05320771193828998
airfoil2d,0.5,cpg,adapter_increment_ms,9,9.985873268710243,0.276592419504875
airfoil2d,0.5,cpg,case_preparation_ms,9,0.16654117239846122,0.006155050825418118
airfoil2d,0.5,cpg,reported_shared_input_preparation_ms,9,9.630217320389217,0.26811634927084915
airfoil2d,0.5,cpg,gpu_runtime_and_reconstruction_preparation_ms,9,2.0470238394207425,0.03380970273500581
airfoil2d,0.5,cpg,first_sampled_call_ms,9,50.73335270086924,1.053641559478836
airfoil2d,0.5,cpg,graph_setup_ms,9,54.75350717703501,1.0922312734480826
airfoil2d,0.5,cpg,first_full_original_after_sampled_ms,9,67.38915046056111,0.3296326160481711
airfoil2d,0.5,cpg,first_full_fast_after_sampled_ms,9,10.36890513367123,0.17526911387633265
airfoil2d,0.5,ca,adapter_increment_ms,9,9.635163678063286,0.24541895324994634
airfoil2d,0.5,ca,case_preparation_ms,9,0.23876047796673244,0.11009473494523682
airfoil2d,0.5,ca,reported_shared_input_preparation_ms,9,9.362921118736267,0.17821102527720975
airfoil2d,0.5,ca,gpu_runtime_and_reconstruction_preparation_ms,9,37.5542938709259,1.6333273004119802
airfoil2d,0.5,ca,first_sampled_call_ms,9,38.88806535138024,2.322169480936305
airfoil2d,0.5,ca,graph_setup_ms,9,43.01790561940935,2.41799593248843
airfoil2d,0.5,ca,first_full_original_after_sampled_ms,9,66.02270983987384,0.9116292656272178
airfoil2d,0.5,ca,first_full_fast_after_sampled_ms,9,9.186430109871758,0.19121873072794507
airfoil2d,0.75,uniform,adapter_increment_ms,9,0.21758261654112074,0.07833679012793572
airfoil2d,0.75,uniform,case_preparation_ms,9,104.28416397836473,1.9826974235520725
airfoil2d,0.75,uniform,reported_shared_input_preparation_ms,9,104.27278694179323,1.9843564922955956
airfoil2d,0.75,uniform,gpu_runtime_and_reconstruction_preparation_ms,9,114.77681001027425,233.54071328950485
airfoil2d,0.75,uniform,first_sampled_call_ms,9,28.254545397228664,0.6667256101615641
airfoil2d,0.75,uniform,graph_setup_ms,9,33.41634654336505,0.8378605123829047
airfoil2d,0.75,uniform,first_full_original_after_sampled_ms,9,4.999768402841356,0.1094701486875115
airfoil2d,0.75,uniform,first_full_fast_after_sampled_ms,9,4.746717711289723,0.1386888386753871
airfoil2d,0.75,pi,adapter_increment_ms,9,0.06736483838823107,0.0038487912234104094
airfoil2d,0.75,pi,case_preparation_ms,9,112.55050284994974,3.1399629379123595
airfoil2d,0.75,pi,reported_shared_input_preparation_ms,9,112.51991904444165,3.1398182761948816
airfoil2d,0.75,pi,gpu_runtime_and_reconstruction_preparation_ms,9,37.47515628735224,1.1838584731013089
airfoil2d,0.75,pi,first_sampled_call_ms,9,28.106161289744907,0.4423431194401266
airfoil2d,0.75,pi,graph_setup_ms,9,33.422703544298805,0.5219263071103296
airfoil2d,0.75,pi,first_full_original_after_sampled_ms,9,5.175992846488953,0.08957214211653744
airfoil2d,0.75,pi,first_full_fast_after_sampled_ms,9,4.887397090593974,0.048523248081449484
airfoil2d,0.75,cpg,adapter_increment_ms,9,9.97282647424274,0.3346545417626163
airfoil2d,0.75,cpg,case_preparation_ms,9,0.17668306827545166,0.02089458774162019
airfoil2d,0.75,cpg,reported_shared_input_preparation_ms,9,9.62332718902164,0.32536730931237834
airfoil2d,0.75,cpg,gpu_runtime_and_reconstruction_preparation_ms,9,2.047970063156552,0.05638272432049616
airfoil2d,0.75,cpg,first_sampled_call_ms,9,108.30528785785039,168.13903245832023
airfoil2d,0.75,cpg,graph_setup_ms,9,112.24784950415294,168.19833475212323
airfoil2d,0.75,cpg,first_full_original_after_sampled_ms,9,105.30592915084627,0.96829027012498
airfoil2d,0.75,cpg,first_full_fast_after_sampled_ms,9,11.320206854078505,0.15466256403614828
airfoil2d,0.75,ca,adapter_increment_ms,9,9.523788260089027,0.12565345888306842
airfoil2d,0.75,ca,case_preparation_ms,9,0.19832121001349556,0.026646012166967974
airfoil2d,0.75,ca,reported_shared_input_preparation_ms,9,9.23498554362191,0.1264197043814267
airfoil2d,0.75,ca,gpu_runtime_and_reconstruction_preparation_ms,9,37.53904667165544,1.3485428015481942
airfoil2d,0.75,ca,first_sampled_call_ms,9,39.8894167608685,0.9836645195054045
airfoil2d,0.75,ca,graph_setup_ms,9,43.911349442270065,0.9889413347331121
airfoil2d,0.75,ca,first_full_original_after_sampled_ms,9,103.67259465985828,1.6838110700892635
airfoil2d,0.75,ca,first_full_fast_after_sampled_ms,9,10.120107895798153,0.06892466979184025
airfoil2d,1.0,full,adapter_increment_ms,3,0.5259290337562561,0.5236230413074247
airfoil2d,1.0,full,case_preparation_ms,3,0.6378342707951864,0.5613360622595889
airfoil2d,1.0,full,reported_shared_input_preparation_ms,3,0.6944164633750916,0.5149847026415341
airfoil2d,1.0,full,gpu_runtime_and_reconstruction_preparation_ms,3,0.09166946013768514,0.007306715421102988
airfoil2d,1.0,full,first_sampled_call_ms,3,33.43853602806727,0.8165506048726807
airfoil2d,1.0,full,graph_setup_ms,3,27.987288932005566,0.8068696162467881
airfoil2d,1.0,full,first_full_original_after_sampled_ms,3,5.31515230735143,0.01073429929004468
airfoil2d,1.0,full,first_full_fast_after_sampled_ms,3,5.29975692431132,0.01166776225358909
shapenet_car,0.375,uniform,adapter_increment_ms,9,359.0834861000379,182.61330104103158
shapenet_car,0.375,uniform,case_preparation_ms,9,1.3206071323818631,0.059946848806095535
shapenet_car,0.375,uniform,reported_shared_input_preparation_ms,9,227.31886721319623,35.666262862997044
shapenet_car,0.375,uniform,gpu_runtime_and_reconstruction_preparation_ms,9,16.26145425770018,0.4873685950105004
shapenet_car,0.375,uniform,first_sampled_call_ms,9,80.63594334655338,128.08017938255296
shapenet_car,0.375,uniform,graph_setup_ms,9,91.06267823113336,131.2678870816959
shapenet_car,0.375,uniform,first_full_original_after_sampled_ms,9,9.61238725317849,3.448050888497714
shapenet_car,0.375,uniform,first_full_fast_after_sampled_ms,9,8.641680081685385,0.17837776762367302
shapenet_car,0.375,pi,adapter_increment_ms,9,0.023402273654937744,0.0005730775239633195
shapenet_car,0.375,pi,case_preparation_ms,9,30.963617894384598,0.7480476207949557
shapenet_car,0.375,pi,reported_shared_input_preparation_ms,9,256.9569870829582,35.26365639233678
shapenet_car,0.375,pi,gpu_runtime_and_reconstruction_preparation_ms,9,16.87055163913303,0.6200673984606873
shapenet_car,0.375,pi,first_sampled_call_ms,9,38.10074014796151,0.5996580253133167
shapenet_car,0.375,pi,graph_setup_ms,9,47.561160392231415,0.7225315815694762
shapenet_car,0.375,pi,first_full_original_after_sampled_ms,9,8.578486740589142,0.13081979415538633
shapenet_car,0.375,pi,first_full_fast_after_sampled_ms,9,8.692566719320086,0.14206071670399945
shapenet_car,0.375,cpg,adapter_increment_ms,9,0.023550457424587674,0.0005977372458010925
shapenet_car,0.375,cpg,case_preparation_ms,9,0.24328711960050795,0.005826981755737257
shapenet_car,0.375,cpg,reported_shared_input_preparation_ms,9,226.25453604592218,35.628397424449055
shapenet_car,0.375,cpg,gpu_runtime_and_reconstruction_preparation_ms,9,276.71811564101114,107.71825274457642
shapenet_car,0.375,cpg,first_sampled_call_ms,9,392.77202718787726,696.1236755581216
shapenet_car,0.375,cpg,graph_setup_ms,9,1075.4709409342872,459.83498785995437
shapenet_car,0.375,cpg,first_full_original_after_sampled_ms,9,680.4662272334099,257.20858264889165
shapenet_car,0.375,cpg,first_full_fast_after_sampled_ms,9,16.240141457981533,0.14581322056916537
shapenet_car,0.375,ca,adapter_increment_ms,9,0.028029912047915988,0.004651797970999659
shapenet_car,0.375,ca,case_preparation_ms,9,0.27897705634435016,0.09924699943917323
shapenet_car,0.375,ca,reported_shared_input_preparation_ms,9,226.2887880206108,35.7165656038089
shapenet_car,0.375,ca,gpu_runtime_and_reconstruction_preparation_ms,9,15.572393933931986,16.022126228988533
shapenet_car,0.375,ca,first_sampled_call_ms,9,53.00216293997235,0.810597485122331
shapenet_car,0.375,ca,graph_setup_ms,9,69.2316997382376,0.8337983216692296
shapenet_car,0.375,ca,first_full_original_after_sampled_ms,9,13.925881849394905,0.21961945302505545
shapenet_car,0.375,ca,first_full_fast_after_sampled_ms,9,13.956474761168161,0.18742547592449318
shapenet_car,0.5,uniform,adapter_increment_ms,9,0.07207608885235256,0.004631523918187939
shapenet_car,0.5,uniform,case_preparation_ms,9,1.8611252307891846,0.5056165933699986
shapenet_car,0.5,uniform,reported_shared_input_preparation_ms,9,227.86041845877966,35.48880577637427
shapenet_car,0.5,uniform,gpu_runtime_and_reconstruction_preparation_ms,9,19.763872027397156,4.651771634429001
shapenet_car,0.5,uniform,first_sampled_call_ms,9,45.2895098262363,0.19227373230273492
shapenet_car,0.5,uniform,graph_setup_ms,9,56.43323312203089,0.3673826572248686
shapenet_car,0.5,uniform,first_full_original_after_sampled_ms,9,10.303429431385464,0.2296961852572306
shapenet_car,0.5,uniform,first_full_fast_after_sampled_ms,9,10.298466516865624,0.1474859963881485
shapenet_car,0.5,pi,adapter_increment_ms,9,0.02420610851711697,0.0009433774135759335
shapenet_car,0.5,pi,case_preparation_ms,9,30.997828476958805,0.7658494990960489
shapenet_car,0.5,pi,reported_shared_input_preparation_ms,9,256.988100707531,35.29943417424058
shapenet_car,0.5,pi,gpu_runtime_and_reconstruction_preparation_ms,9,17.921888166003757,2.0338652623345714
shapenet_car,0.5,pi,first_sampled_call_ms,9,45.681927767064835,0.491926690552858
shapenet_car,0.5,pi,graph_setup_ms,9,56.93142033285565,0.5720494839975868
shapenet_car,0.5,pi,first_full_original_after_sampled_ms,9,10.44536547528373,0.1375820774290702
shapenet_car,0.5,pi,first_full_fast_after_sampled_ms,9,10.424847404162088,0.07702721016036942
shapenet_car,0.5,cpg,adapter_increment_ms,9,0.030231144693162706,0.018750067800143582
shapenet_car,0.5,cpg,case_preparation_ms,9,0.24161901738908556,0.003270654490385878
shapenet_car,0.5,cpg,reported_shared_input_preparation_ms,9,226.25262869728937,35.62776614105507
shapenet_car,0.5,cpg,gpu_runtime_and_reconstruction_preparation_ms,9,10.008394718170166,0.18432505413038924
shapenet_car,0.5,cpg,first_sampled_call_ms,9,71.91355609231525,0.8279810553001592
shapenet_car,0.5,cpg,graph_setup_ms,9,92.2017635570632,0.8995484467722419
shapenet_car,0.5,cpg,first_full_original_after_sampled_ms,9,17.946114970578087,0.13179569875915617
shapenet_car,0.5,cpg,first_full_fast_after_sampled_ms,9,17.90188004573186,0.10651927261549962
shapenet_car,0.5,ca,adapter_increment_ms,9,0.02564738194147746,0.004874244479796788
shapenet_car,0.5,ca,case_preparation_ms,9,0.2427183919482761,0.006470766456977161
shapenet_car,0.5,ca,reported_shared_input_preparation_ms,9,226.25384479761124,35.627542512340625
shapenet_car,0.5,ca,gpu_runtime_and_reconstruction_preparation_ms,9,9.7260938750373,0.16581314217145196
shapenet_car,0.5,ca,first_sampled_call_ms,9,61.413427193959556,0.9744253103406249
shapenet_car,0.5,ca,graph_setup_ms,9,79.51518644889195,1.139537159391252
shapenet_car,0.5,ca,first_full_original_after_sampled_ms,9,15.82020190027025,0.159700406495457
shapenet_car,0.5,ca,first_full_fast_after_sampled_ms,9,15.7640493578381,0.26459942972646733
shapenet_car,0.75,uniform,adapter_increment_ms,9,0.0772219565179613,0.00883868370251029
shapenet_car,0.75,uniform,case_preparation_ms,9,1.8570712871021695,0.33943503194554475
shapenet_car,0.75,uniform,reported_shared_input_preparation_ms,9,227.8549704286787,35.42095113229003
shapenet_car,0.75,uniform,gpu_runtime_and_reconstruction_preparation_ms,9,20.63245243496365,3.070234733376017
shapenet_car,0.75,uniform,first_sampled_call_ms,9,60.678704745239685,0.6015001340473664
shapenet_car,0.75,uniform,graph_setup_ms,9,75.60414903693729,0.6689644968579768
shapenet_car,0.75,uniform,first_full_original_after_sampled_ms,9,14.101176626152462,0.14255390250379954
shapenet_car,0.75,uniform,first_full_fast_after_sampled_ms,9,14.10149617327584,0.11792002663285718
shapenet_car,0.75,pi,adapter_increment_ms,9,0.025496714644961886,0.0044350585372081325
shapenet_car,0.75,pi,case_preparation_ms,9,31.022019684314728,0.7280098695508402
shapenet_car,0.75,pi,reported_shared_input_preparation_ms,9,257.01397326257495,35.54796957856272
shapenet_car,0.75,pi,gpu_runtime_and_reconstruction_preparation_ms,9,20.00480310784446,0.30217692067166785
shapenet_car,0.75,pi,first_sampled_call_ms,9,60.71843124098248,0.4577203633333295
shapenet_car,0.75,pi,graph_setup_ms,9,75.78599701325099,0.595711887308206
shapenet_car,0.75,pi,first_full_original_after_sampled_ms,9,14.32353506485621,0.17567310057760618
shapenet_car,0.75,pi,first_full_fast_after_sampled_ms,9,14.244573811690012,0.11706461037843785
shapenet_car,0.75,cpg,adapter_increment_ms,9,0.026089449723561604,0.003224156434328061
shapenet_car,0.75,cpg,case_preparation_ms,9,0.24621271424823338,0.005231108089623324
shapenet_car,0.75,cpg,reported_shared_input_preparation_ms,9,226.25706179274454,35.63033115306848
shapenet_car,0.75,cpg,gpu_runtime_and_reconstruction_preparation_ms,9,10.122000343269772,0.33084318437448923
shapenet_car,0.75,cpg,first_sampled_call_ms,9,100.40239575836394,36.308878477954586
shapenet_car,0.75,cpg,graph_setup_ms,9,124.72351143757503,36.22521252458217
shapenet_car,0.75,cpg,first_full_original_after_sampled_ms,9,21.88461439477073,0.16653706217353284
shapenet_car,0.75,cpg,first_full_fast_after_sampled_ms,9,21.928076942761738,0.8562756543266166
shapenet_car,0.75,ca,adapter_increment_ms,9,0.030411614312065974,0.014832424149572915
shapenet_car,0.75,ca,case_preparation_ms,9,0.2510903610123528,0.008712072863750881
shapenet_car,0.75,ca,reported_shared_input_preparation_ms,9,226.26118610302606,35.626253718444076
shapenet_car,0.75,ca,gpu_runtime_and_reconstruction_preparation_ms,9,9.78565298848682,0.12755137269663558
shapenet_car,0.75,ca,first_sampled_call_ms,9,77.92749007542928,1.5538774609523236
shapenet_car,0.75,ca,graph_setup_ms,9,100.26004082626767,1.7365470296199084
shapenet_car,0.75,ca,first_full_original_after_sampled_ms,9,19.73092473215527,0.13097538533331135
shapenet_car,0.75,ca,first_full_fast_after_sampled_ms,9,20.005854467550915,0.8908327945717835
shapenet_car,1.0,full,adapter_increment_ms,3,0.09124477704366048,0.015986759127380918
shapenet_car,1.0,full,case_preparation_ms,3,1.0919421911239624,0.31082979789372017
shapenet_car,1.0,full,reported_shared_input_preparation_ms,3,246.13209813833237,55.95810068902363
shapenet_car,1.0,full,gpu_runtime_and_reconstruction_preparation_ms,3,0.08309384187062581,0.0038511382531765353
shapenet_car,1.0,full,first_sampled_call_ms,3,76.45017405351003,0.24898182560412385
shapenet_car,1.0,full,graph_setup_ms,3,59.94238704442978,0.24851850570597828
shapenet_car,1.0,full,first_full_original_after_sampled_ms,3,16.391749183336895,0.0226803925807029
shapenet_car,1.0,full,first_full_fast_after_sampled_ms,3,16.353555023670197,0.015039391421072495
superwing,0.375,uniform,adapter_increment_ms,9,191.84553374846777,126.31248526242877
superwing,0.375,uniform,case_preparation_ms,9,144.28330378399954,1.9894506318792582
superwing,0.375,uniform,reported_shared_input_preparation_ms,9,313.8789501455095,96.34994187635229
superwing,0.375,uniform,gpu_runtime_and_reconstruction_preparation_ms,9,169.34226370520062,221.3550191073109
superwing,0.375,uniform,first_sampled_call_ms,9,35.57554963562224,1.7632011941458476
superwing,0.375,uniform,graph_setup_ms,9,42.759892013337875,1.719375155071994
superwing,0.375,uniform,first_full_original_after_sampled_ms,9,6.932871209250556,0.05540312835837386
superwing,0.375,uniform,first_full_fast_after_sampled_ms,9,6.6422174374262495,0.09582898444925621
superwing,0.375,pi,adapter_increment_ms,9,0.016063451766967773,0.0010609035520674668
superwing,0.375,pi,case_preparation_ms,9,168.56970389684042,2.4340452371534584
superwing,0.375,pi,reported_shared_input_preparation_ms,9,338.16747781303195,95.38533948936194
superwing,0.375,pi,gpu_runtime_and_reconstruction_preparation_ms,9,95.31473533974753,5.338142518519718
superwing,0.375,pi,first_sampled_call_ms,9,35.74317776494556,0.30217826565087863
superwing,0.375,pi,graph_setup_ms,9,43.21853650940789,0.37116782758961286
superwing,0.375,pi,first_full_original_after_sampled_ms,9,7.210573388470544,0.0782854064976726
superwing,0.375,pi,first_full_fast_after_sampled_ms,9,6.903130147192213,0.10144502291398226
superwing,0.375,cpg,adapter_increment_ms,9,0.017403728432125516,0.0005780618848724146
superwing,0.375,cpg,case_preparation_ms,9,0.17403728432125515,0.007002880373277717
superwing,0.375,cpg,reported_shared_input_preparation_ms,9,169.7919029328558,95.82515554113705
superwing,0.375,cpg,gpu_runtime_and_reconstruction_preparation_ms,9,167.01111528608533,1.85260101302101
superwing,0.375,cpg,first_sampled_call_ms,9,1043.3253720402718,391.58226080478937
superwing,0.375,cpg,graph_setup_ms,9,1051.715968383683,391.8089549279778
superwing,0.375,cpg,first_full_original_after_sampled_ms,9,145.1839589410358,1.94194641709057
superwing,0.375,cpg,first_full_fast_after_sampled_ms,9,19.597575068473816,1.0570984150727596
superwing,0.375,ca,adapter_increment_ms,9,0.02310756180021498,0.011956515290246291
superwing,0.375,ca,case_preparation_ms,9,0.46241945690578884,0.03224508668344465
superwing,0.375,ca,reported_shared_input_preparation_ms,9,170.07302658425436,95.83425525756581
superwing,0.375,ca,gpu_runtime_and_reconstruction_preparation_ms,9,92.73921284410689,1.1488407523141069
superwing,0.375,ca,first_sampled_call_ms,9,47.05997225311067,0.47548327193308004
superwing,0.375,ca,graph_setup_ms,9,55.647307799922096,0.8534089144485669
superwing,0.375,ca,first_full_original_after_sampled_ms,9,141.59208370579614,3.3791668305846407
superwing,0.375,ca,first_full_fast_after_sampled_ms,9,17.79834594991472,1.2185536702350024
superwing,0.5,uniform,adapter_increment_ms,9,0.031972924868265785,0.0026072108919465336
superwing,0.5,uniform,case_preparation_ms,9,195.29061847262912,4.514289269761393
superwing,0.5,uniform,reported_shared_input_preparation_ms,9,364.8844700720575,96.25524390785112
superwing,0.5,uniform,gpu_runtime_and_reconstruction_preparation_ms,9,174.29188142220178,225.9303489742623
superwing,0.5,uniform,first_sampled_call_ms,9,42.683765292167664,1.4849839415637536
superwing,0.5,uniform,graph_setup_ms,9,85.81815328862932,102.25623232247793
superwing,0.5,uniform,first_full_original_after_sampled_ms,9,42.89315806494819,102.49731790918858
superwing,0.5,uniform,first_full_fast_after_sampled_ms,9,8.380912244319916,0.06709320564411221
superwing,0.5,pi,adapter_increment_ms,9,0.017194284333123103,0.0007927149713313103
superwing,0.5,pi,case_preparation_ms,9,227.5845789247089,2.718143182111816
superwing,0.5,pi,reported_shared_input_preparation_ms,9,397.1796292397711,95.53370152679219
superwing,0.5,pi,gpu_runtime_and_reconstruction_preparation_ms,9,92.35105663537979,0.7980477788650403
superwing,0.5,pi,first_sampled_call_ms,9,42.861582504378426,0.21170307918520695
superwing,0.5,pi,graph_setup_ms,9,52.15355836682849,0.22662599367344968
superwing,0.5,pi,first_full_original_after_sampled_ms,9,9.040147066116333,0.07947053263088173
superwing,0.5,pi,first_full_fast_after_sampled_ms,9,8.717384603288439,0.05396281540083482
superwing,0.5,cpg,adapter_increment_ms,9,0.01755356788635254,0.001267934718669876
superwing,0.5,cpg,case_preparation_ms,9,0.17562508583068848,0.004644812593198792
superwing,0.5,cpg,reported_shared_input_preparation_ms,9,169.7934360967742,95.82423917959497
superwing,0.5,cpg,gpu_runtime_and_reconstruction_preparation_ms,9,66.21591581238641,4.834127874215834
superwing,0.5,cpg,first_sampled_call_ms,9,67.15954177909427,1.198504163466778
superwing,0.5,cpg,graph_setup_ms,9,92.95942551559872,49.55971094701471
superwing,0.5,cpg,first_full_original_after_sampled_ms,9,199.51320853498248,4.324593237768635
superwing,0.5,cpg,first_full_fast_after_sampled_ms,9,39.00085720751021,49.82103101451373
superwing,0.5,ca,adapter_increment_ms,9,0.018907917870415583,0.0015498540887936923
superwing,0.5,ca,case_preparation_ms,9,1.0421913531091478,1.6579805848537845
superwing,0.5,ca,reported_shared_input_preparation_ms,9,170.652997162607,95.63929635757414
superwing,0.5,ca,gpu_runtime_and_reconstruction_preparation_ms,9,98.52668891350429,9.85059352188247
superwing,0.5,ca,first_sampled_call_ms,9,60.48095722993215,16.83826070186751
superwing,0.5,ca,graph_setup_ms,9,75.56228919161691,19.116103087548595
superwing,0.5,ca,first_full_original_after_sampled_ms,9,197.00104494889578,4.486337996130482
superwing,0.5,ca,first_full_fast_after_sampled_ms,9,26.27971437242296,12.60255325339839
superwing,0.75,uniform,adapter_increment_ms,9,0.03243320518069797,0.002709342563936661
superwing,0.75,uniform,case_preparation_ms,9,310.6568629542987,6.3186328723831595
superwing,0.75,uniform,reported_shared_input_preparation_ms,9,480.2505166994201,96.23005900979962
superwing,0.75,uniform,gpu_runtime_and_reconstruction_preparation_ms,9,160.44493516286215,197.71515143248396
superwing,0.75,uniform,first_sampled_call_ms,9,54.26782866319021,0.4395202236117527
superwing,0.75,uniform,graph_setup_ms,9,66.43804079956479,0.46805805688023
superwing,0.75,uniform,first_full_original_after_sampled_ms,9,11.936950186888376,0.1359018368622199
superwing,0.75,uniform,first_full_fast_after_sampled_ms,9,11.388125518957773,0.09336069373853596
superwing,0.75,pi,adapter_increment_ms,9,0.017096598943074543,0.001820394275222978
superwing,0.75,pi,case_preparation_ms,9,344.8187601235178,8.025459284545567
superwing,0.75,pi,reported_shared_input_preparation_ms,9,514.4145157602098,96.36848787346047
superwing,0.75,pi,gpu_runtime_and_reconstruction_preparation_ms,9,92.94769333468543,1.0972913357238547
superwing,0.75,pi,first_sampled_call_ms,9,55.872002409564125,0.6368484532248762
superwing,0.75,pi,graph_setup_ms,9,68.64754110574722,0.7901147926901231
superwing,0.75,pi,first_full_original_after_sampled_ms,9,12.525612281428444,0.2080618142352482
superwing,0.75,pi,first_full_fast_after_sampled_ms,9,11.916757457786137,0.1313323759146956
superwing,0.75,cpg,adapter_increment_ms,9,0.01761813958485921,0.0005609005701576294
superwing,0.75,cpg,case_preparation_ms,9,0.3788611955112881,0.023080746816053224
superwing,0.75,cpg,reported_shared_input_preparation_ms,9,169.99218612909317,95.82570312596998
superwing,0.75,cpg,gpu_runtime_and_reconstruction_preparation_ms,9,64.58306478129492,1.2823630752381705
superwing,0.75,cpg,first_sampled_call_ms,9,80.47103219562106,0.9130543682618039
superwing,0.75,cpg,graph_setup_ms,9,90.00239355696573,1.7746030007243991
superwing,0.75,cpg,first_full_original_after_sampled_ms,9,304.9051952030924,6.380078322187043
superwing,0.75,cpg,first_full_fast_after_sampled_ms,9,26.08865416712231,2.253913447147945
superwing,0.75,ca,adapter_increment_ms,9,0.02124243312411838,0.005967419081448697
superwing,0.75,ca,case_preparation_ms,9,0.1950545443428887,0.003506477412855154
superwing,0.75,ca,reported_shared_input_preparation_ms,9,169.81104181872473,95.82363450078321
superwing,0.75,ca,gpu_runtime_and_reconstruction_preparation_ms,9,95.69812069336574,4.836707938037992
superwing,0.75,ca,first_sampled_call_ms,9,67.62957241800096,0.5615107279001361
superwing,0.75,ca,graph_setup_ms,9,77.198536031776,1.8636866187138457
superwing,0.75,ca,first_full_original_after_sampled_ms,9,304.0470596816805,6.332182579479612
superwing,0.75,ca,first_full_fast_after_sampled_ms,9,24.216533535056644,2.332739286417761
superwing,1.0,full,adapter_increment_ms,3,0.03277510404586792,0.0035291773138946348
superwing,1.0,full,case_preparation_ms,3,1.362033188343048,0.9679807232755324
superwing,1.0,full,reported_shared_input_preparation_ms,3,234.57540074984232,167.17129193846074
superwing,1.0,full,gpu_runtime_and_reconstruction_preparation_ms,3,0.04098316033681234,0.0031192612982767287
superwing,1.0,full,first_sampled_call_ms,3,66.54199212789536,0.4633408544131403
superwing,1.0,full,graph_setup_ms,3,52.77925729751587,0.44997776111769366
superwing,1.0,full,first_full_original_after_sampled_ms,3,13.62789918979009,0.005785078778161115
superwing,1.0,full,first_full_fast_after_sampled_ms,3,13.61066848039627,0.017710641285512384
driverml,0.375,uniform,adapter_increment_ms,9,30508.84840803014,825.618010005858
driverml,0.375,uniform,case_preparation_ms,9,3500.5555003881454,167.72629982624724
driverml,0.375,uniform,reported_shared_input_preparation_ms,9,33368.27166957987,945.4794926270931
driverml,0.375,uniform,gpu_runtime_and_reconstruction_preparation_ms,9,6.705425679683685,0.23034168732616903
driverml,0.375,uniform,first_sampled_call_ms,9,2073.165924184852,67.09232656237943
driverml,0.375,uniform,graph_setup_ms,9,0.0,0.0
driverml,0.375,uniform,first_full_original_after_sampled_ms,9,1739.8798738916714,45.91837354818632
driverml,0.375,uniform,first_full_fast_after_sampled_ms,9,1739.8696566621463,46.29417035002031
driverml,0.375,pi,adapter_increment_ms,9,0.06110303931766086,0.020104458996910306
driverml,0.375,pi,case_preparation_ms,9,3119.23471175962,104.01876209067706
driverml,0.375,pi,reported_shared_input_preparation_ms,9,32986.93392094639,883.0479935734693
driverml,0.375,pi,gpu_runtime_and_reconstruction_preparation_ms,9,6.432402465078566,0.1724078579950361
driverml,0.375,pi,first_sampled_call_ms,9,1754.8537933164173,46.5081522071776
driverml,0.375,pi,graph_setup_ms,9,0.0,0.0
driverml,0.375,pi,first_full_original_after_sampled_ms,9,1759.1760845647918,46.81986906992891
driverml,0.375,pi,first_full_fast_after_sampled_ms,9,1770.8625710672802,46.85142311870869
driverml,0.375,cpg,adapter_increment_ms,9,55.07173968685998,1.6555805357623972
driverml,0.375,cpg,case_preparation_ms,9,31.058008472124737,20.57022210157321
driverml,0.375,cpg,reported_shared_input_preparation_ms,9,29953.80987972021,836.5478207130482
driverml,0.375,cpg,gpu_runtime_and_reconstruction_preparation_ms,9,32466.82326661216,1103.3289733101803
driverml,0.375,cpg,first_sampled_call_ms,9,5392.881504363484,561.3478670430763
driverml,0.375,cpg,graph_setup_ms,9,3334.068075650268,633.9965420087561
driverml,0.375,cpg,first_full_original_after_sampled_ms,9,2250.570383336809,60.92118993443845
driverml,0.375,cpg,first_full_fast_after_sampled_ms,9,2245.670220918126,61.44781566113251
driverml,0.375,ca,adapter_increment_ms,9,54.573142694102394,2.2307422868173776
driverml,0.375,ca,case_preparation_ms,9,64.80798208051257,2.7277965730064047
driverml,0.375,ca,reported_shared_input_preparation_ms,9,29987.03750057353,831.5793650383691
driverml,0.375,ca,gpu_runtime_and_reconstruction_preparation_ms,9,34.914890925089516,1.0977798947626658
driverml,0.375,ca,first_sampled_call_ms,9,1818.3547962043021,46.082172395763585
driverml,0.375,ca,graph_setup_ms,9,43.21832292609744,2.672318971420664
driverml,0.375,ca,first_full_original_after_sampled_ms,9,1787.1504368053543,46.59697442120285
driverml,0.375,ca,first_full_fast_after_sampled_ms,9,1775.504481461313,46.295931673723445
driverml,0.5,uniform,adapter_increment_ms,9,1.4209888047642178,1.502557906777156
driverml,0.5,uniform,case_preparation_ms,9,4058.47188582023,142.06851261485295
driverml,0.5,uniform,reported_shared_input_preparation_ms,9,33926.18207964632,946.0048468609493
driverml,0.5,uniform,gpu_runtime_and_reconstruction_preparation_ms,9,6.447363230917189,0.2175266233101948
driverml,0.5,uniform,first_sampled_call_ms,9,2304.1407623224786,60.67424333823092
driverml,0.5,uniform,graph_setup_ms,9,0.0,0.0
driverml,0.5,uniform,first_full_original_after_sampled_ms,9,2301.104262471199,60.067002571372385
driverml,0.5,uniform,first_full_fast_after_sampled_ms,9,2301.9301775428985,60.10191845049685
driverml,0.5,pi,adapter_increment_ms,9,0.034683280520968966,0.024761723952951165
driverml,0.5,pi,case_preparation_ms,9,3394.556282295121,110.09800692202204
driverml,0.5,pi,reported_shared_input_preparation_ms,9,33262.26042459408,915.4563238824686
driverml,0.5,pi,gpu_runtime_and_reconstruction_preparation_ms,9,6.614435050222609,0.4992216391360481
driverml,0.5,pi,first_sampled_call_ms,9,2340.876272155179,61.77567023443391
driverml,0.5,pi,graph_setup_ms,9,0.0,0.0
driverml,0.5,pi,first_full_original_after_sampled_ms,9,2347.7803195516267,71.18129880134114
driverml,0.5,pi,first_full_fast_after_sampled_ms,9,2354.3545173274147,60.524375945656146
driverml,0.5,cpg,adapter_increment_ms,9,54.78526817427741,1.9344028455389317
driverml,0.5,cpg,case_preparation_ms,9,35.50156123108334,21.066351598952703
driverml,0.5,cpg,reported_shared_input_preparation_ms,9,29957.941693564255,834.4862535823817
driverml,0.5,cpg,gpu_runtime_and_reconstruction_preparation_ms,9,68.42681682772107,7.843475406993143
driverml,0.5,cpg,first_sampled_call_ms,9,2839.8510118325553,78.50736495493626
driverml,0.5,cpg,graph_setup_ms,9,299.2923549479908,9.608969323203
driverml,0.5,cpg,first_full_original_after_sampled_ms,9,2836.7652048667273,76.00778952094419
driverml,0.5,cpg,first_full_fast_after_sampled_ms,9,2840.1442906922766,76.35377669487679
driverml,0.5,ca,adapter_increment_ms,9,51.25383618805144,3.5691509244043127
driverml,0.5,ca,case_preparation_ms,9,49.88311479489008,20.93865806699812
driverml,0.5,ca,reported_shared_input_preparation_ms,9,29968.810803360408,835.3894568541011
driverml,0.5,ca,gpu_runtime_and_reconstruction_preparation_ms,9,34.52264103624556,1.283023131558679
driverml,0.5,ca,first_sampled_call_ms,9,2468.251450194253,252.02866626520546
driverml,0.5,ca,graph_setup_ms,9,146.7524551683002,179.59154672525344
driverml,0.5,ca,first_full_original_after_sampled_ms,9,2363.1118891967667,61.92960046048638
driverml,0.5,ca,first_full_fast_after_sampled_ms,9,2360.236569411225,62.140120108581726
driverml,0.75,uniform,adapter_increment_ms,9,1.1910291181670294,0.9455786130883026
driverml,0.75,uniform,case_preparation_ms,9,5670.066950221856,137.2364574552814
driverml,0.75,uniform,reported_shared_input_preparation_ms,9,35537.78063174751,918.1401390458625
driverml,0.75,uniform,gpu_runtime_and_reconstruction_preparation_ms,9,6.414245400163862,0.16381458533483806
driverml,0.75,uniform,first_sampled_call_ms,9,3455.007519159052,91.57748445285002
driverml,0.75,uniform,graph_setup_ms,9,0.0,0.0
driverml,0.75,uniform,first_full_original_after_sampled_ms,9,3450.4285802443824,90.04254140653015
driverml,0.75,uniform,first_full_fast_after_sampled_ms,9,3452.0095131463477,92.69548308565044
driverml,0.75,pi,adapter_increment_ms,9,0.07573184039857653,0.018817742674364136
driverml,0.75,pi,case_preparation_ms,9,4347.012893193298,167.4152231083919
driverml,0.75,pi,reported_shared_input_preparation_ms,9,34214.71290787061,934.4348007454381
driverml,0.75,pi,gpu_runtime_and_reconstruction_preparation_ms,9,6.434839632776049,0.1745092809813837
driverml,0.75,pi,first_sampled_call_ms,9,3509.040360649427,93.50304296798677
driverml,0.75,pi,graph_setup_ms,9,0.0,0.0
driverml,0.75,pi,first_full_original_after_sampled_ms,9,3509.6281468868256,93.38749630008094
driverml,0.75,pi,first_full_fast_after_sampled_ms,9,3510.6025288502374,93.4161245508389
driverml,0.75,cpg,adapter_increment_ms,9,53.60075251923667,3.562452730918278
driverml,0.75,cpg,case_preparation_ms,9,60.239983101685844,15.088488359811222
driverml,0.75,cpg,reported_shared_input_preparation_ms,9,29981.492614580526,833.8390249346778
driverml,0.75,cpg,gpu_runtime_and_reconstruction_preparation_ms,9,64.41242827309503,4.622094669282137
driverml,0.75,cpg,first_sampled_call_ms,9,4033.9332769314447,106.51330570768553
driverml,0.75,cpg,graph_setup_ms,9,304.79510542419223,9.858419895271924
driverml,0.75,cpg,first_full_original_after_sampled_ms,9,4003.746518658267,103.91999751701906
driverml,0.75,cpg,first_full_fast_after_sampled_ms,9,4005.4707419541146,108.91604201277777
driverml,0.75,ca,adapter_increment_ms,9,55.31535545984904,1.9727265040609652
driverml,0.75,ca,case_preparation_ms,9,47.05806656016244,21.036142988714328
driverml,0.75,ca,reported_shared_input_preparation_ms,9,29970.013139976396,841.7920080078894
driverml,0.75,ca,gpu_runtime_and_reconstruction_preparation_ms,9,34.39220951663123,1.689650794757035
driverml,0.75,ca,first_sampled_call_ms,9,3540.4834788706567,94.5423267489303
driverml,0.75,ca,graph_setup_ms,9,93.17540046241548,3.8230618864018155
driverml,0.75,ca,first_full_original_after_sampled_ms,9,3504.9188170168136,91.06170121490297
driverml,0.75,ca,first_full_fast_after_sampled_ms,9,3508.9844887455306,92.98704379569486
driverml,1.0,full,adapter_increment_ms,3,0.972519318262736,0.13604550122648668
driverml,1.0,full,case_preparation_ms,3,176.9272436698278,6.909952230246855
driverml,1.0,full,reported_shared_input_preparation_ms,3,30284.858067830402,1009.1852983849014
driverml,1.0,full,gpu_runtime_and_reconstruction_preparation_ms,3,0.14086316029230753,0.005321495152621794
driverml,1.0,full,first_sampled_call_ms,3,4603.987798094749,143.62254774894157
driverml,1.0,full,graph_setup_ms,3,0.0,0.0
driverml,1.0,full,first_full_original_after_sampled_ms,3,4600.1746108134585,143.49736965136367
driverml,1.0,full,first_full_fast_after_sampled_ms,3,4602.242266138394,142.49086315174148
