benchmark,budget,method,stage,cases,mean_ms,case_std_ms,repeat_std_ms,repeats_per_case_min,repeats_per_case_max
pipe,0.375,uniform,coarse_ms,9,0.0,0.0,0.0,5,5
pipe,0.375,uniform,density_sampling_compensation_ms,9,0.0,0.0,0.0,5,5
pipe,0.375,uniform,fine_ms,9,3.2237187027931213,0.0024205492752036855,0.0053004401798072975,5,5
pipe,0.375,uniform,decode_ms,9,0.03133432732688056,0.002901651397910789,0.003568034135864097,5,5
pipe,0.375,uniform,sampled_export_ms,9,0.03603299458821615,0.0034054896474975107,0.004277300315926613,5,5
pipe,0.375,uniform,reconstruction_original_ms,9,0.0799309876230028,0.0012677823038036832,0.0018672853858253567,5,5
pipe,0.375,uniform,full_export_original_ms,9,0.04201763206058078,0.001702188007569062,0.0050643218543090516,5,5
pipe,0.375,uniform,reconstruction_fast_ms,9,0.04643930329216851,0.002101177788400092,0.003006306347250748,5,5
pipe,0.375,uniform,full_export_fast_ms,9,0.038665864202711314,0.002540902489822753,0.0036266726064563258,5,5
pipe,0.375,pi,coarse_ms,9,0.0,0.0,0.0,5,5
pipe,0.375,pi,density_sampling_compensation_ms,9,0.0,0.0,0.0,5,5
pipe,0.375,pi,fine_ms,9,3.365461197164324,0.0019241919961199387,0.0036890929523902697,5,5
pipe,0.375,pi,decode_ms,9,0.029442542129092746,0.002794507601464721,0.003037180540531309,5,5
pipe,0.375,pi,sampled_export_ms,9,0.030001004536946613,0.0019364127772334874,0.002303518494983532,5,5
pipe,0.375,pi,reconstruction_original_ms,9,0.07364402214686076,0.0007459065701876735,0.001248612983703634,5,5
pipe,0.375,pi,full_export_original_ms,9,0.038198630015055336,0.0026509637964799637,0.002831762702709519,5,5
pipe,0.375,pi,reconstruction_fast_ms,9,0.04511442449357775,0.0005831419447668156,0.0018327506176997615,5,5
pipe,0.375,pi,full_export_fast_ms,9,0.03667241997188992,0.0017043131233268145,0.003021760524514878,5,5
pipe,0.375,cpg,coarse_ms,9,1.4742213818762038,0.0012076296671109737,0.0022997413181887276,5,5
pipe,0.375,cpg,density_sampling_compensation_ms,9,0.2396754092640347,0.0027426022460089513,0.0036691168170609858,5,5
pipe,0.375,cpg,fine_ms,9,3.3632743689748974,0.004103878725359728,0.004166964590206631,5,5
pipe,0.375,cpg,decode_ms,9,0.029415223333570693,0.003900890257747049,0.005697901785646116,5,5
pipe,0.375,cpg,sampled_export_ms,9,0.05138715108235677,0.004181916776794618,0.006577047632657891,5,5
pipe,0.375,cpg,reconstruction_original_ms,9,63.053251802921295,1.6348376606291597,0.7663346436307449,5,5
pipe,0.375,cpg,full_export_original_ms,9,0.0,0.0,0.0,5,5
pipe,0.375,cpg,reconstruction_fast_ms,9,1.0979687174161274,0.0688637529236931,0.01718853201333469,5,5
pipe,0.375,cpg,full_export_fast_ms,9,0.08355793025758532,0.005040834264653302,0.006970767303220572,5,5
pipe,0.375,ca,coarse_ms,9,0.5984715289539762,0.0016212288945206238,0.0019118824716839815,5,5
pipe,0.375,ca,density_sampling_compensation_ms,9,0.18130640188852945,0.002022619943168316,0.002879617861139378,5,5
pipe,0.375,ca,fine_ms,9,3.360921641190847,0.0019524673994322998,0.002846830458489483,5,5
pipe,0.375,ca,decode_ms,9,0.02902795871098836,0.002644012448214279,0.0034249468010512157,5,5
pipe,0.375,ca,sampled_export_ms,9,0.05659096770816379,0.003153235624319349,0.003756334671632635,5,5
pipe,0.375,ca,reconstruction_original_ms,9,63.64215115706126,1.569377910106436,1.1921193067445057,5,5
pipe,0.375,ca,full_export_original_ms,9,0.0,0.0,0.0,5,5
pipe,0.375,ca,reconstruction_fast_ms,9,1.1048105027940538,0.06514276145086152,0.018594212464129525,5,5
pipe,0.375,ca,full_export_fast_ms,9,0.08409122625986735,0.005082271986819733,0.006634164714731488,5,5
pipe,0.5,uniform,coarse_ms,9,0.0,0.0,0.0,5,5
pipe,0.5,uniform,density_sampling_compensation_ms,9,0.0,0.0,0.0,5,5
pipe,0.5,uniform,fine_ms,9,4.026057985093859,0.004935422267343498,0.004441609949564882,5,5
pipe,0.5,uniform,decode_ms,9,0.030348201592763264,0.0023299860856223088,0.0030697509224221465,5,5
pipe,0.5,uniform,sampled_export_ms,9,0.035141574011908636,0.0016090319197479698,0.002929460008116961,5,5
pipe,0.5,uniform,reconstruction_original_ms,9,0.0797534982363383,0.0015145300459366458,0.0022054466688706,5,5
pipe,0.5,uniform,full_export_original_ms,9,0.04018594821294149,0.0016152420559817765,0.0025757629227225916,5,5
pipe,0.5,uniform,reconstruction_fast_ms,9,0.04659046729405721,0.0007760930458171166,0.002698010818742837,5,5
pipe,0.5,uniform,full_export_fast_ms,9,0.037171774440341525,0.002483737745372026,0.0022267817633916747,5,5
pipe,0.5,pi,coarse_ms,9,0.0,0.0,0.0,5,5
pipe,0.5,pi,density_sampling_compensation_ms,9,0.0,0.0,0.0,5,5
pipe,0.5,pi,fine_ms,9,4.1907623410224915,0.026010770666185158,0.055060496669955244,5,5
pipe,0.5,pi,decode_ms,9,0.031239125463697646,0.004890298599891664,0.007903429431454778,5,5
pipe,0.5,pi,sampled_export_ms,9,0.03021061420440674,0.0021857306469080092,0.003595631978695879,5,5
pipe,0.5,pi,reconstruction_original_ms,9,0.07414503229988946,0.0009188579198796761,0.0025871677878628453,5,5
pipe,0.5,pi,full_export_original_ms,9,0.03670073217815823,0.0007611380224859569,0.0013564243011764969,5,5
pipe,0.5,pi,reconstruction_fast_ms,9,0.045709974235958524,0.0013285430064553783,0.003032500713882359,5,5
pipe,0.5,pi,full_export_fast_ms,9,0.036190284623040095,0.001077457114784491,0.0016617996279067921,5,5
pipe,0.5,cpg,coarse_ms,9,1.4748440848456488,0.0012263113479234946,0.0021717150939263483,5,5
pipe,0.5,cpg,density_sampling_compensation_ms,9,0.23966729640960693,0.0026119469061420242,0.0034980503673613535,5,5
pipe,0.5,cpg,fine_ms,9,4.180618955029382,0.0026167902236161043,0.0045212814970133465,5,5
pipe,0.5,cpg,decode_ms,9,0.028358399868011475,0.0023150567711220215,0.002627358742713606,5,5
pipe,0.5,cpg,sampled_export_ms,9,0.052389833662245006,0.003088885528258377,0.0028364679877377536,5,5
pipe,0.5,cpg,reconstruction_original_ms,9,88.62418118450377,1.3450491574233032,0.5360094913704749,5,5
pipe,0.5,cpg,full_export_original_ms,9,0.0,0.0,0.0,5,5
pipe,0.5,cpg,reconstruction_fast_ms,9,1.0915466480784946,0.019942009535912346,0.012506735017918012,5,5
pipe,0.5,cpg,full_export_fast_ms,9,0.08559409115049574,0.005193707644602789,0.004931255885238478,5,5
pipe,0.5,ca,coarse_ms,9,0.5989506840705872,0.0021266100197561044,0.003183797171199556,5,5
pipe,0.5,ca,density_sampling_compensation_ms,9,0.18321855200661552,0.002366297294706364,0.003203982695431998,5,5
pipe,0.5,ca,fine_ms,9,4.183562099933624,0.0037360408009324674,0.006984433691486516,5,5
pipe,0.5,ca,decode_ms,9,0.02939270602332221,0.002703622543731612,0.003770259876502952,5,5
pipe,0.5,ca,sampled_export_ms,9,0.06007585260603163,0.003281775308195178,0.002877344067007285,5,5
pipe,0.5,ca,reconstruction_original_ms,9,88.48627590470844,1.3072688549610867,0.4321058704454418,5,5
pipe,0.5,ca,full_export_original_ms,9,0.0,0.0,0.0,5,5
pipe,0.5,ca,reconstruction_fast_ms,9,1.1085238721635606,0.06342325560109172,0.014587844698839982,5,5
pipe,0.5,ca,full_export_fast_ms,9,0.08188320530785455,0.005208586723818928,0.004734619938588598,5,5
pipe,0.75,uniform,coarse_ms,9,0.0,0.0,0.0,5,5
pipe,0.75,uniform,density_sampling_compensation_ms,9,0.0,0.0,0.0,5,5
pipe,0.75,uniform,fine_ms,9,5.756936636235979,0.003830316005440047,0.008417406361583434,5,5
pipe,0.75,uniform,decode_ms,9,0.03402514590157403,0.002763033469120943,0.005351098240231621,5,5
pipe,0.75,uniform,sampled_export_ms,9,0.040058791637420654,0.0028560047343758055,0.004781721834872816,5,5
pipe,0.75,uniform,reconstruction_original_ms,9,0.07941838767793444,0.0024231967112425903,0.003533450710825465,5,5
pipe,0.75,uniform,full_export_original_ms,9,0.04159808158874512,0.0022439114103100706,0.0035126407332089957,5,5
pipe,0.75,uniform,reconstruction_fast_ms,9,0.0471949577331543,0.001212056503627722,0.0028477489431848737,5,5
pipe,0.75,uniform,full_export_fast_ms,9,0.03692805767059326,0.001557940097692042,0.00217760813308826,5,5
pipe,0.75,pi,coarse_ms,9,0.0,0.0,0.0,5,5
pipe,0.75,pi,density_sampling_compensation_ms,9,0.0,0.0,0.0,5,5
pipe,0.75,pi,fine_ms,9,5.998037921057807,0.006679539808317798,0.00698718239627211,5,5
pipe,0.75,pi,decode_ms,9,0.03443045748604669,0.006927085442036927,0.015132212404335816,5,5
pipe,0.75,pi,sampled_export_ms,9,0.03489189677768283,0.0034468233225899395,0.0056935662363424505,5,5
pipe,0.75,pi,reconstruction_original_ms,9,0.07552454868952434,0.0014436841429394643,0.002742333598806578,5,5
pipe,0.75,pi,full_export_original_ms,9,0.03754827711317274,0.0016001043852021165,0.004325454584223027,5,5
pipe,0.75,pi,reconstruction_fast_ms,9,0.046324729919433594,0.0010809028501791713,0.002530937237416228,5,5
pipe,0.75,pi,full_export_fast_ms,9,0.03657788038253784,0.0011599977356606297,0.002371297280061113,5,5
pipe,0.75,cpg,coarse_ms,9,1.475077039665646,0.0010666010610585772,0.003334548666335014,5,5
pipe,0.75,cpg,density_sampling_compensation_ms,9,0.24373531341552734,0.002339621942333224,0.004381325729480523,5,5
pipe,0.75,cpg,fine_ms,9,5.991772976186541,0.0018736778950471504,0.006058325230055797,5,5
pipe,0.75,cpg,decode_ms,9,0.03201779392030504,0.003365205873387753,0.0038931623292350424,5,5
pipe,0.75,cpg,sampled_export_ms,9,0.06016227934095594,0.0027749997024972017,0.005474740215794526,5,5
pipe,0.75,cpg,reconstruction_original_ms,9,139.08408764335843,2.5838124129204116,1.5078678673987203,5,5
pipe,0.75,cpg,full_export_original_ms,9,0.0,0.0,0.0,5,5
pipe,0.75,cpg,reconstruction_fast_ms,9,1.0820650392108493,0.010633929818658527,0.017865630852792823,5,5
pipe,0.75,cpg,full_export_fast_ms,9,0.07979306909773085,0.005668080484902242,0.004946768585443391,5,5
pipe,0.75,ca,coarse_ms,9,0.5998788608445061,0.0030591423827487875,0.006768606005910616,5,5
pipe,0.75,ca,density_sampling_compensation_ms,9,0.18588039610120985,0.0027689951004972336,0.005490431819193565,5,5
pipe,0.75,ca,fine_ms,9,6.002741389804417,0.008782445131387482,0.017322085727845493,5,5
pipe,0.75,ca,decode_ms,9,0.031211144394344754,0.0031498855559622756,0.003933251203837194,5,5
pipe,0.75,ca,sampled_export_ms,9,0.06616728173361884,0.0043776117209735925,0.0051948654583632995,5,5
pipe,0.75,ca,reconstruction_original_ms,9,138.1105022297965,1.8911067639187844,1.526984706061114,5,5
pipe,0.75,ca,full_export_original_ms,9,0.0,0.0,0.0,5,5
pipe,0.75,ca,reconstruction_fast_ms,9,1.1304290758238897,0.14510971629376845,0.022042689173370156,5,5
pipe,0.75,ca,full_export_fast_ms,9,0.07817380958133274,0.004461241184335329,0.006914152442624745,5,5
pipe,1.0,full,coarse_ms,3,0.0,0.0,0.0,5,5
pipe,1.0,full,density_sampling_compensation_ms,3,0.0,0.0,0.0,5,5
pipe,1.0,full,fine_ms,3,7.380504409472148,0.003497498182504158,0.008023574719414384,5,5
pipe,1.0,full,decode_ms,3,0.028953949610392254,0.0024082089887377017,0.0022573804290447618,5,5
pipe,1.0,full,sampled_export_ms,3,0.03344068924585978,0.0021739207662634747,0.0016601915492469531,5,5
pipe,1.0,full,reconstruction_original_ms,3,0.007197757562001546,0.0002528869447265741,0.0007313609231556134,5,5
pipe,1.0,full,full_export_original_ms,3,0.02805789311726888,0.0007353905474153131,0.001315535691079026,5,5
pipe,1.0,full,reconstruction_fast_ms,3,0.00667572021484375,6.994027914226852e-05,0.00015989554679668113,5,5
pipe,1.0,full,full_export_fast_ms,3,0.02791782220204671,0.00045244679501701404,0.0008678567277527474,5,5
elasticity,0.375,uniform,coarse_ms,9,0.0,0.0,0.0,5,5
elasticity,0.375,uniform,density_sampling_compensation_ms,9,0.0,0.0,0.0,5,5
elasticity,0.375,uniform,fine_ms,9,1.0335091087553236,0.015655656998385965,0.0059177969375481445,5,5
elasticity,0.375,uniform,decode_ms,9,0.02899931536780463,0.004068137731129462,0.0030431814135023823,5,5
elasticity,0.375,uniform,sampled_export_ms,9,0.045051508479648165,0.005852594206355641,0.0039048872077675546,5,5
elasticity,0.375,uniform,reconstruction_original_ms,9,0.07444371779759724,0.003443747573943583,0.002128514955181158,5,5
elasticity,0.375,uniform,full_export_original_ms,9,0.026069415940178767,0.001124068293263258,0.0006150202440057925,5,5
elasticity,0.375,uniform,reconstruction_fast_ms,9,0.06887399488025242,0.0016073194198122228,0.001297954676037465,5,5
elasticity,0.375,uniform,full_export_fast_ms,9,0.023928946918911405,0.0006281312758685845,0.0010880237378363387,5,5
elasticity,0.375,pi,coarse_ms,9,0.0,0.0,0.0,5,5
elasticity,0.375,pi,density_sampling_compensation_ms,9,0.0,0.0,0.0,5,5
elasticity,0.375,pi,fine_ms,9,1.0078069236543443,0.01128610229865027,0.007676446396793962,5,5
elasticity,0.375,pi,decode_ms,9,0.024984114699893527,0.002050042260813274,0.0020545329308262663,5,5
elasticity,0.375,pi,sampled_export_ms,9,0.025214751561482746,0.0013045562389849422,0.001549782652095503,5,5
elasticity,0.375,pi,reconstruction_original_ms,9,0.06974654065238105,0.002030074919895212,0.0011361743196291161,5,5
elasticity,0.375,pi,full_export_original_ms,9,0.023481249809265137,0.001166657674509743,0.0011213653219893933,5,5
elasticity,0.375,pi,reconstruction_fast_ms,9,0.0676729612880283,0.0022562693136318627,0.001782456488886536,5,5
elasticity,0.375,pi,full_export_fast_ms,9,0.023381908734639485,0.0009260091606039924,0.0008674746394239876,5,5
elasticity,0.375,cpg,coarse_ms,9,0.9239572617742751,0.002877351023015782,0.0020065289479603305,5,5
elasticity,0.375,cpg,density_sampling_compensation_ms,9,0.21774984068340725,0.003134175186317689,0.0019688589003622526,5,5
elasticity,0.375,cpg,fine_ms,9,1.0131026307741802,0.0034143286907615924,0.0028531980858714865,5,5
elasticity,0.375,cpg,decode_ms,9,0.02451125118467543,0.001957955705264254,0.0015068351816716235,5,5
elasticity,0.375,cpg,sampled_export_ms,9,0.04116396109263102,0.004733476522930099,0.002709129529056991,5,5
elasticity,0.375,cpg,reconstruction_original_ms,9,2.9388528731134205,0.10413904013144343,0.0502949760191178,5,5
elasticity,0.375,cpg,full_export_original_ms,9,0.0,0.0,0.0,5,5
elasticity,0.375,cpg,reconstruction_fast_ms,9,2.831387519836426,0.10888022329513938,0.032984789673476955,5,5
elasticity,0.375,cpg,full_export_fast_ms,9,0.0,0.0,0.0,5,5
elasticity,0.375,ca,coarse_ms,9,0.42360689904954696,0.011936158615797686,0.00719293142187159,5,5
elasticity,0.375,ca,density_sampling_compensation_ms,9,0.1872299445999993,0.017901580630434552,0.00363751133938643,5,5
elasticity,0.375,ca,fine_ms,9,1.040313806798723,0.0049668664387816815,0.005717720188716443,5,5
elasticity,0.375,ca,decode_ms,9,0.0251084566116333,0.0020411173887377155,0.0016480662573847428,5,5
elasticity,0.375,ca,sampled_export_ms,9,0.06161580483118693,0.005931401317132541,0.00338555881691945,5,5
elasticity,0.375,ca,reconstruction_original_ms,9,2.887750996483697,0.0630095997196966,0.0316278050626626,5,5
elasticity,0.375,ca,full_export_original_ms,9,0.0,0.0,0.0,5,5
elasticity,0.375,ca,reconstruction_fast_ms,9,2.817742029825846,0.07082807636616843,0.04674549654029728,5,5
elasticity,0.375,ca,full_export_fast_ms,9,0.0,0.0,0.0,5,5
elasticity,0.5,uniform,coarse_ms,9,0.0,0.0,0.0,5,5
elasticity,0.5,uniform,density_sampling_compensation_ms,9,0.0,0.0,0.0,5,5
elasticity,0.5,uniform,fine_ms,9,1.072076956431071,0.006672017222169671,0.004376333461369037,5,5
elasticity,0.5,uniform,decode_ms,9,0.027982062763637967,0.0008214727541685461,0.0012371793215386715,5,5
elasticity,0.5,uniform,sampled_export_ms,9,0.04436489608552721,0.0025372102822485165,0.001652625999859038,5,5
elasticity,0.5,uniform,reconstruction_original_ms,9,0.07377945714526707,0.0015355536552229957,0.0009089820289834262,5,5
elasticity,0.5,uniform,full_export_original_ms,9,0.02573182185490926,0.0004075835331673731,0.0004569163002741386,5,5
elasticity,0.5,uniform,reconstruction_fast_ms,9,0.06912748018900554,0.00088053381103131,0.0010494245552599844,5,5
elasticity,0.5,uniform,full_export_fast_ms,9,0.023564365175035264,0.00045646453593394063,0.0007655742973974235,5,5
elasticity,0.5,pi,coarse_ms,9,0.0,0.0,0.0,5,5
elasticity,0.5,pi,density_sampling_compensation_ms,9,0.0,0.0,0.0,5,5
elasticity,0.5,pi,fine_ms,9,1.0538642605145772,0.001538111868805892,0.0016174362210855163,5,5
elasticity,0.5,pi,decode_ms,9,0.02541343371073405,0.001005001578212839,0.0013689003184095849,5,5
elasticity,0.5,pi,sampled_export_ms,9,0.02527352836396959,0.0005971684632410139,0.0015392994879098619,5,5
elasticity,0.5,pi,reconstruction_original_ms,9,0.07082737154430813,0.0011228262542843429,0.0008437407430196087,5,5
elasticity,0.5,pi,full_export_original_ms,9,0.02328919039832221,0.000573061756277847,0.0009923590367958983,5,5
elasticity,0.5,pi,reconstruction_fast_ms,9,0.06886273622512817,0.0008575912789731694,0.0011916077329401998,5,5
elasticity,0.5,pi,full_export_fast_ms,9,0.022910038630167644,0.00037815568430916253,0.00042432566430784325,5,5
elasticity,0.5,cpg,coarse_ms,9,0.9240570995542738,0.001758552913098399,0.0017599852680940528,5,5
elasticity,0.5,cpg,density_sampling_compensation_ms,9,0.2921932273440891,0.0019982822618185596,0.0015411722018235435,5,5
elasticity,0.5,cpg,fine_ms,9,1.0520476433965895,0.002095575996198926,0.001894639658061065,5,5
elasticity,0.5,cpg,decode_ms,9,0.02554953098297119,0.001322809827518976,0.0016117586139397081,5,5
elasticity,0.5,cpg,sampled_export_ms,9,0.04031178024080065,0.0012588456037032295,0.001579485989405888,5,5
elasticity,0.5,cpg,reconstruction_original_ms,9,3.727939393785265,0.05562649455200356,0.07623692386488122,5,5
elasticity,0.5,cpg,full_export_original_ms,9,0.0,0.0,0.0,5,5
elasticity,0.5,cpg,reconstruction_fast_ms,9,3.6076486110687256,0.04560327826929948,0.03372927171755935,5,5
elasticity,0.5,cpg,full_export_fast_ms,9,0.0,0.0,0.0,5,5
elasticity,0.5,ca,coarse_ms,9,0.42483194006813896,0.007679565135153746,0.005078200872875879,5,5
elasticity,0.5,ca,density_sampling_compensation_ms,9,0.1975538002120124,0.014529464416715711,0.0013876624966300186,5,5
elasticity,0.5,ca,fine_ms,9,1.0930811365445454,0.0016003448226732957,0.0023702982594714737,5,5
elasticity,0.5,ca,decode_ms,9,0.025121039814419217,0.00118908257839427,0.0010374268733774018,5,5
elasticity,0.5,ca,sampled_export_ms,9,0.06279448668162028,0.003684479795926922,0.002278386111756602,5,5
elasticity,0.5,ca,reconstruction_original_ms,9,3.7057613333066306,0.03806493614195204,0.03439340890919375,5,5
elasticity,0.5,ca,full_export_original_ms,9,0.0,0.0,0.0,5,5
elasticity,0.5,ca,reconstruction_fast_ms,9,3.6215129825803967,0.03521552675733766,0.030566643049457626,5,5
elasticity,0.5,ca,full_export_fast_ms,9,0.0,0.0,0.0,5,5
elasticity,0.75,uniform,coarse_ms,9,0.0,0.0,0.0,5,5
elasticity,0.75,uniform,density_sampling_compensation_ms,9,0.0,0.0,0.0,5,5
elasticity,0.75,uniform,fine_ms,9,1.2015033099386427,0.008473799714249419,0.006545088463946206,5,5
elasticity,0.75,uniform,decode_ms,9,0.028200944264729817,0.001717973188578433,0.0013943151087089166,5,5
elasticity,0.75,uniform,sampled_export_ms,9,0.04828721284866333,0.004667214246854168,0.004113424245206424,5,5
elasticity,0.75,uniform,reconstruction_original_ms,9,0.07537206013997395,0.0022112660481632004,0.0018464769215176635,5,5
elasticity,0.75,uniform,full_export_original_ms,9,0.026277204354604084,0.0005854506751677522,0.0012015381516354581,5,5
elasticity,0.75,uniform,reconstruction_fast_ms,9,0.06980912552939521,0.0008519974104144584,0.0010326416905508309,5,5
elasticity,0.75,uniform,full_export_fast_ms,9,0.02367479933632745,0.0003071062483402887,0.0004887445840562983,5,5
elasticity,0.75,pi,coarse_ms,9,0.0,0.0,0.0,5,5
elasticity,0.75,pi,density_sampling_compensation_ms,9,0.0,0.0,0.0,5,5
elasticity,0.75,pi,fine_ms,9,1.1828036771880255,0.0016981331921867271,0.0025457247946888396,5,5
elasticity,0.75,pi,decode_ms,9,0.025846891933017306,0.0015497471116090217,0.0014553804357743867,5,5
elasticity,0.75,pi,sampled_export_ms,9,0.025583638085259333,0.0005814930885128076,0.0012873190879737393,5,5
elasticity,0.75,pi,reconstruction_original_ms,9,0.07194959455066258,0.001394198962001497,0.0012400428952176103,5,5
elasticity,0.75,pi,full_export_original_ms,9,0.023331079218122695,0.00036876067251006287,0.0005014818229952857,5,5
elasticity,0.75,pi,reconstruction_fast_ms,9,0.06898260778850979,0.0012103992990778996,0.0009232709452307026,5,5
elasticity,0.75,pi,full_export_fast_ms,9,0.023119979434543185,0.000560697209241004,0.00047238091167976955,5,5
elasticity,0.75,cpg,coarse_ms,9,0.9231807457076179,0.0017453077594985437,0.0018725422010520312,5,5
elasticity,0.75,cpg,density_sampling_compensation_ms,9,0.3413698739475674,0.03686569400733227,0.0011391185394668808,5,5
elasticity,0.75,cpg,fine_ms,9,1.1755688322914972,0.0022133092358397493,0.002687710249242761,5,5
elasticity,0.75,cpg,decode_ms,9,0.025288926230536565,0.0013511303744582416,0.0010347175894148235,5,5
elasticity,0.75,cpg,sampled_export_ms,9,0.04049357440736559,0.0012484007022018572,0.001629070200015071,5,5
elasticity,0.75,cpg,reconstruction_original_ms,9,5.401510993639628,0.046015701167966244,0.04022657945077372,5,5
elasticity,0.75,cpg,full_export_original_ms,9,0.0,0.0,0.0,5,5
elasticity,0.75,cpg,reconstruction_fast_ms,9,5.30746943420834,0.0377171462883846,0.03875950817963197,5,5
elasticity,0.75,cpg,full_export_fast_ms,9,0.0,0.0,0.0,5,5
elasticity,0.75,ca,coarse_ms,9,0.4307917422718472,0.008731991685065969,0.004167430158443808,5,5
elasticity,0.75,ca,density_sampling_compensation_ms,9,0.20510653654734293,0.014723107191588366,0.0008411797516636411,5,5
elasticity,0.75,ca,fine_ms,9,1.2172242005666096,0.0027756993771584507,0.002205366402991958,5,5
elasticity,0.75,ca,decode_ms,9,0.025739934709337022,0.0008186973716845086,0.0008053495970397152,5,5
elasticity,0.75,ca,sampled_export_ms,9,0.06542917754915026,0.005249092387499667,0.002725182867868012,5,5
elasticity,0.75,ca,reconstruction_original_ms,9,5.366475383440654,0.060505093794189786,0.05971302253856957,5,5
elasticity,0.75,ca,full_export_original_ms,9,0.0,0.0,0.0,5,5
elasticity,0.75,ca,reconstruction_fast_ms,9,5.287862983014849,0.045835099903666916,0.04504771560591397,5,5
elasticity,0.75,ca,full_export_fast_ms,9,0.0,0.0,0.0,5,5
elasticity,1.0,full,coarse_ms,3,0.0,0.0,0.0,5,5
elasticity,1.0,full,density_sampling_compensation_ms,3,0.0,0.0,0.0,5,5
elasticity,1.0,full,fine_ms,3,1.2537891666094463,0.0055093154533277155,0.02708891406468534,5,5
elasticity,1.0,full,decode_ms,3,0.024330119291941326,0.006473516575645765,0.0030210755346409806,5,5
elasticity,1.0,full,sampled_export_ms,3,0.027308364709218342,0.0051025164729944315,0.003505610204891764,5,5
elasticity,1.0,full,reconstruction_original_ms,3,0.007131695747375488,0.0005522704860583012,0.0004660336674450637,5,5
elasticity,1.0,full,full_export_original_ms,3,0.022180875142415363,0.0007878436186312406,0.00047377140057583785,5,5
elasticity,1.0,full,reconstruction_fast_ms,3,0.0066980719566345215,0.000125630133797872,0.00012656487614513476,5,5
elasticity,1.0,full,full_export_fast_ms,3,0.02237359682718913,0.0007923233868963971,0.0017742433081807361,5,5
darcy,0.375,uniform,coarse_ms,9,0.0,0.0,0.0,5,5
darcy,0.375,uniform,density_sampling_compensation_ms,9,0.0,0.0,0.0,5,5
darcy,0.375,uniform,fine_ms,9,1.9178640511300828,0.002907127547085757,0.00416414912887116,5,5
darcy,0.375,uniform,decode_ms,9,0.02717541323767768,0.0007372173284015492,0.0009243472134984844,5,5
darcy,0.375,uniform,sampled_export_ms,9,0.030288431379530165,0.00059123527217195,0.0018500318226384446,5,5
darcy,0.375,uniform,reconstruction_original_ms,9,0.07681349913279216,0.0010849987136415061,0.001074568723814848,5,5
darcy,0.375,uniform,full_export_original_ms,9,0.031483504507276744,0.0005938284637775476,0.0019601927063839855,5,5
darcy,0.375,uniform,reconstruction_fast_ms,9,0.04174179501003689,0.0005813931618491224,0.0013474887623442459,5,5
darcy,0.375,uniform,full_export_fast_ms,9,0.02979983886082967,0.0006972230870505665,0.001991462440522337,5,5
darcy,0.375,pi,coarse_ms,9,0.0,0.0,0.0,5,5
darcy,0.375,pi,density_sampling_compensation_ms,9,0.0,0.0,0.0,5,5
darcy,0.375,pi,fine_ms,9,1.9762083888053894,0.004062559000918063,0.0042330894009863194,5,5
darcy,0.375,pi,decode_ms,9,0.026240282588534884,0.0004541940854075427,0.0008010157665720837,5,5
darcy,0.375,pi,sampled_export_ms,9,0.0258291761080424,0.00046517465913681696,0.0008161807918047523,5,5
darcy,0.375,pi,reconstruction_original_ms,9,0.07502800888485378,0.0011466078292488666,0.0011347296486595023,5,5
darcy,0.375,pi,full_export_original_ms,9,0.029920372698042128,0.0009610728506252955,0.002339185029890425,5,5
darcy,0.375,pi,reconstruction_fast_ms,9,0.0420671370294359,0.0005848315562387987,0.0024361122512240032,5,5
darcy,0.375,pi,full_export_fast_ms,9,0.029123491711086698,0.001997057368932137,0.0030490762119665255,5,5
darcy,0.375,cpg,coarse_ms,9,1.1644739243719313,0.0010583155114093367,0.0016619944745422143,5,5
darcy,0.375,cpg,density_sampling_compensation_ms,9,0.3318857815530565,0.001149017171397499,0.0014573956939288191,5,5
darcy,0.375,cpg,fine_ms,9,1.980770958794488,0.0024493068893191128,0.004958534260846322,5,5
darcy,0.375,cpg,decode_ms,9,0.025559299521976046,0.0005020415005624749,0.0008823873443375207,5,5
darcy,0.375,cpg,sampled_export_ms,9,0.042503575483957924,0.0007552753913143802,0.0017704110034472969,5,5
darcy,0.375,cpg,reconstruction_original_ms,9,24.255573915110695,0.6152020327440926,1.2030463531621818,5,5
darcy,0.375,cpg,full_export_original_ms,9,0.0,0.0,0.0,5,5
darcy,0.375,cpg,reconstruction_fast_ms,9,0.6163641810417175,0.04626430311301399,0.10224177389524433,5,5
darcy,0.375,cpg,full_export_fast_ms,9,0.07041576835844252,0.025983485349492557,0.05645806808553481,5,5
darcy,0.375,ca,coarse_ms,9,0.4773024055692885,0.003499885772337531,0.008034686525068948,5,5
darcy,0.375,ca,density_sampling_compensation_ms,9,0.24618241522047254,0.002787295936618785,0.008004874613844448,5,5
darcy,0.375,ca,fine_ms,9,1.9945315188831754,0.00780149654309044,0.01224043402560927,5,5
darcy,0.375,ca,decode_ms,9,0.027769638432396784,0.002875256998043064,0.006636914484624401,5,5
darcy,0.375,ca,sampled_export_ms,9,0.050705009036593966,0.005017742349833447,0.011741171762684322,5,5
darcy,0.375,ca,reconstruction_original_ms,9,24.93908918566174,2.224724302978523,5.131138818138151,5,5
darcy,0.375,ca,full_export_original_ms,9,0.0,0.0,0.0,5,5
darcy,0.375,ca,reconstruction_fast_ms,9,0.597472157743242,0.01356630942952605,0.012485063682624876,5,5
darcy,0.375,ca,full_export_fast_ms,9,0.06039026710722181,0.006083418255390755,0.006309994559122619,5,5
darcy,0.5,uniform,coarse_ms,9,0.0,0.0,0.0,5,5
darcy,0.5,uniform,density_sampling_compensation_ms,9,0.0,0.0,0.0,5,5
darcy,0.5,uniform,fine_ms,9,2.1999488274256387,0.0018124815647920383,0.0032776323580339917,5,5
darcy,0.5,uniform,decode_ms,9,0.027139650450812444,0.0008682006055616812,0.000785704065011025,5,5
darcy,0.5,uniform,sampled_export_ms,9,0.03101660145653619,0.0009042069074051433,0.0014551238021060264,5,5
darcy,0.5,uniform,reconstruction_original_ms,9,0.07726351420084636,0.0009337301724864094,0.001025757930174861,5,5
darcy,0.5,uniform,full_export_original_ms,9,0.03161413802040948,0.0012024564122174448,0.002223604389540421,5,5
darcy,0.5,uniform,reconstruction_fast_ms,9,0.04250026411480374,0.0005799237845235104,0.0014939436994115371,5,5
darcy,0.5,uniform,full_export_fast_ms,9,0.02932482295566135,0.0007489657413838276,0.0018188095054312169,5,5
darcy,0.5,pi,coarse_ms,9,0.0,0.0,0.0,5,5
darcy,0.5,pi,density_sampling_compensation_ms,9,0.0,0.0,0.0,5,5
darcy,0.5,pi,fine_ms,9,2.2799409098095365,0.0014718614164329724,0.0023090345784554113,5,5
darcy,0.5,pi,decode_ms,9,0.027416977617475722,0.001831280230989974,0.0034634951708839216,5,5
darcy,0.5,pi,sampled_export_ms,9,0.026334656609429255,0.00043547253797389574,0.0006545207719989676,5,5
darcy,0.5,pi,reconstruction_original_ms,9,0.07555252975887722,0.0020612016222073012,0.0010745658538662852,5,5
darcy,0.5,pi,full_export_original_ms,9,0.028904941346910264,0.0009027406987546733,0.0010371039885408893,5,5
darcy,0.5,pi,reconstruction_fast_ms,9,0.041898091634114586,0.000632381826400854,0.0013257486526669813,5,5
darcy,0.5,pi,full_export_fast_ms,9,0.029647019174363878,0.004342667764912281,0.0076098465581060735,5,5
darcy,0.5,cpg,coarse_ms,9,1.1649621857537165,0.0011457499461243038,0.0014105044289477175,5,5
darcy,0.5,cpg,density_sampling_compensation_ms,9,0.35350736644532943,0.01482214623566259,0.001587385785815246,5,5
darcy,0.5,cpg,fine_ms,9,2.2830165094799466,0.0009518690757715497,0.0024007292199947445,5,5
darcy,0.5,cpg,decode_ms,9,0.025561948617299397,0.0005559361436515669,0.0008168391217817688,5,5
darcy,0.5,cpg,sampled_export_ms,9,0.04507833056979709,0.0013684800262674887,0.0021242199223509054,5,5
darcy,0.5,cpg,reconstruction_original_ms,9,33.33418667316437,0.5079326053426105,0.27448546458024176,5,5
darcy,0.5,cpg,full_export_original_ms,9,0.0,0.0,0.0,5,5
darcy,0.5,cpg,reconstruction_fast_ms,9,0.6107444564501444,0.013660363340206125,0.009697211864310606,5,5
darcy,0.5,cpg,full_export_fast_ms,9,0.06403128306070964,0.006706032551469875,0.005236358471667932,5,5
darcy,0.5,ca,coarse_ms,9,0.47623183992173934,0.0016654258955925729,0.0013921711061936088,5,5
darcy,0.5,ca,density_sampling_compensation_ms,9,0.2661443418926663,0.015425858311224758,0.0011947021410785947,5,5
darcy,0.5,ca,fine_ms,9,2.306731210814582,0.002348786575266226,0.0028393016881522936,5,5
darcy,0.5,ca,decode_ms,9,0.02627886003918118,0.00047321517395098743,0.0005294504172491781,5,5
darcy,0.5,ca,sampled_export_ms,9,0.04985878864924113,0.0013065274488569692,0.001133633851626219,5,5
darcy,0.5,ca,reconstruction_original_ms,9,33.53924502929052,0.546301101375476,0.5247483297125873,5,5
darcy,0.5,ca,full_export_original_ms,9,0.0,0.0,0.0,5,5
darcy,0.5,ca,reconstruction_fast_ms,9,0.6092222200499641,0.012968556681592752,0.010042655369924915,5,5
darcy,0.5,ca,full_export_fast_ms,9,0.06482733620537652,0.00588264286321745,0.0049518333381666085,5,5
darcy,0.75,uniform,coarse_ms,9,0.0,0.0,0.0,5,5
darcy,0.75,uniform,density_sampling_compensation_ms,9,0.0,0.0,0.0,5,5
darcy,0.75,uniform,fine_ms,9,2.8894702593485513,0.002799655866074767,0.005003192065983111,5,5
darcy,0.75,uniform,decode_ms,9,0.028414030869801838,0.0018665808582376384,0.004429438222871235,5,5
darcy,0.75,uniform,sampled_export_ms,9,0.0329400102297465,0.001127840481928391,0.002423203010998064,5,5
darcy,0.75,uniform,reconstruction_original_ms,9,0.07614211903678046,0.00247630584495055,0.0013740512739018717,5,5
darcy,0.75,uniform,full_export_original_ms,9,0.031384163432651095,0.0013895664612041838,0.0022590667390281417,5,5
darcy,0.75,uniform,reconstruction_fast_ms,9,0.043174955579969615,0.0008439649167865041,0.002301254138976888,5,5
darcy,0.75,uniform,full_export_fast_ms,9,0.0297634138001336,0.0013146801109436897,0.0018024366257924243,5,5
darcy,0.75,pi,coarse_ms,9,0.0,0.0,0.0,5,5
darcy,0.75,pi,density_sampling_compensation_ms,9,0.0,0.0,0.0,5,5
darcy,0.75,pi,fine_ms,9,3.0129816797044544,0.0024066310412866093,0.0035060043849347968,5,5
darcy,0.75,pi,decode_ms,9,0.02713302771250407,0.001009179972972348,0.0017435669297823234,5,5
darcy,0.75,pi,sampled_export_ms,9,0.027681721581353083,0.0006295658799335321,0.0007519838839905007,5,5
darcy,0.75,pi,reconstruction_original_ms,9,0.0747803184721205,0.002185737983826631,0.001356080718199338,5,5
darcy,0.75,pi,full_export_original_ms,9,0.02873573038313124,0.0005151077198777344,0.0010579556269970463,5,5
darcy,0.75,pi,reconstruction_fast_ms,9,0.042609704865349665,0.0007076088437199333,0.0019351827154480729,5,5
darcy,0.75,pi,full_export_fast_ms,9,0.02874169084760878,0.0011050604537008993,0.0016575438603258546,5,5
darcy,0.75,cpg,coarse_ms,9,1.165603432390425,0.0020427817826967286,0.004261009414894957,5,5
darcy,0.75,cpg,density_sampling_compensation_ms,9,0.36882443560494316,0.01185193001415106,0.0020476953865072272,5,5
darcy,0.75,cpg,fine_ms,9,3.0093843738238015,0.0016115292373250652,0.0038319113381898007,5,5
darcy,0.75,cpg,decode_ms,9,0.026087131765153673,0.0008486828706781937,0.0014285841494443134,5,5
darcy,0.75,cpg,sampled_export_ms,9,0.047331551710764565,0.0011836763914749627,0.0023534326988863597,5,5
darcy,0.75,cpg,reconstruction_original_ms,9,54.970081481668686,0.7504338002537455,0.6559731561470102,5,5
darcy,0.75,cpg,full_export_original_ms,9,0.0,0.0,0.0,5,5
darcy,0.75,cpg,reconstruction_fast_ms,9,0.6224004758728875,0.007895433778691313,0.008953934118091691,5,5
darcy,0.75,cpg,full_export_fast_ms,9,0.06943278842502171,0.0028535254968007737,0.004722070771749066,5,5
darcy,0.75,ca,coarse_ms,9,0.4776512583096822,0.0011904158008253143,0.003690895688576688,5,5
darcy,0.75,ca,density_sampling_compensation_ms,9,0.2787727448675368,0.000702460470339654,0.0011671992360890921,5,5
darcy,0.75,ca,fine_ms,9,3.026415076520708,0.002586910549320516,0.004449246593518421,5,5
darcy,0.75,ca,decode_ms,9,0.02717061175240411,0.0008900183803970109,0.0013972603338898147,5,5
darcy,0.75,ca,sampled_export_ms,9,0.05320128467347887,0.0013029269315325,0.0017613030004404292,5,5
darcy,0.75,ca,reconstruction_original_ms,9,54.936616288291084,0.7298322427486589,0.3900604085903426,5,5
darcy,0.75,ca,full_export_original_ms,9,0.0,0.0,0.0,5,5
darcy,0.75,ca,reconstruction_fast_ms,9,0.6248093313641019,0.009834347230540615,0.012099565875649693,5,5
darcy,0.75,ca,full_export_fast_ms,9,0.07022867600123088,0.0038054345670980594,0.007176159065008623,5,5
darcy,1.0,full,coarse_ms,3,0.0,0.0,0.0,5,5
darcy,1.0,full,density_sampling_compensation_ms,3,0.0,0.0,0.0,5,5
darcy,1.0,full,fine_ms,3,3.502485156059265,0.0050094173537194924,0.007936003098103259,5,5
darcy,1.0,full,decode_ms,3,0.025241573651631672,0.0010947987006101653,0.0030754913150158538,5,5
darcy,1.0,full,sampled_export_ms,3,0.028175612290700276,0.0013941924366185105,0.003688800185805961,5,5
darcy,1.0,full,reconstruction_original_ms,3,0.0071997443834940595,0.0005712303991124891,0.0012711441648409541,5,5
darcy,1.0,full,full_export_original_ms,3,0.024045010407765705,0.0002006646675570671,0.0006093296597629665,5,5
darcy,1.0,full,reconstruction_fast_ms,3,0.006641944249471028,6.209214515686849e-05,0.00013669328258711686,5,5
darcy,1.0,full,full_export_fast_ms,3,0.024196008841196697,0.00024794356105417874,0.0005481504437769294,5,5
plasticity2d,0.375,uniform,coarse_ms,9,0.0,0.0,0.0,5,5
plasticity2d,0.375,uniform,density_sampling_compensation_ms,9,0.0,0.0,0.0,5,5
plasticity2d,0.375,uniform,fine_ms,9,1.255229777759976,0.0021405299063191304,0.0023625167245893528,5,5
plasticity2d,0.375,uniform,decode_ms,9,0.0,0.0,0.0,5,5
plasticity2d,0.375,uniform,sampled_export_ms,9,0.05105965667300754,0.0026970699499691687,0.0030710446086378135,5,5
plasticity2d,0.375,uniform,reconstruction_original_ms,9,0.07922947406768799,0.002019789051033765,0.0011114122642614645,5,5
plasticity2d,0.375,uniform,full_export_original_ms,9,0.12943794329961142,0.01096639338455017,0.01267249505627621,5,5
plasticity2d,0.375,uniform,reconstruction_fast_ms,9,0.06888823376761542,0.0011577203626452442,0.0020831828678455136,5,5
plasticity2d,0.375,uniform,full_export_fast_ms,9,0.11214663585027058,0.003516232267181753,0.007380940062835978,5,5
plasticity2d,0.375,pi,coarse_ms,9,0.0,0.0,0.0,5,5
plasticity2d,0.375,pi,density_sampling_compensation_ms,9,0.0,0.0,0.0,5,5
plasticity2d,0.375,pi,fine_ms,9,1.282694935798645,0.002282512695849075,0.0027082772219636695,5,5
plasticity2d,0.375,pi,decode_ms,9,0.0,0.0,0.0,5,5
plasticity2d,0.375,pi,sampled_export_ms,9,0.045370393329196505,0.001736311269112315,0.0015535912674878307,5,5
plasticity2d,0.375,pi,reconstruction_original_ms,9,0.07837265729904175,0.0005232854166127677,0.0013527736869278786,5,5
plasticity2d,0.375,pi,full_export_original_ms,9,0.12052555878957112,0.004391480598703264,0.008060237142883182,5,5
plasticity2d,0.375,pi,reconstruction_fast_ms,9,0.06729794873131646,0.00046084081197878034,0.001159793219255886,5,5
plasticity2d,0.375,pi,full_export_fast_ms,9,0.12218505144119263,0.03095858379463585,0.07137211364973435,5,5
plasticity2d,0.375,cpg,coarse_ms,9,0.9672194719314575,0.0022402991459602997,0.0019532446981130563,5,5
plasticity2d,0.375,cpg,density_sampling_compensation_ms,9,0.3463503387239244,0.0029705293644065292,0.0014837696107656625,5,5
plasticity2d,0.375,cpg,fine_ms,9,1.2608013219303555,0.002786138822416915,0.0018167145860310636,5,5
plasticity2d,0.375,cpg,decode_ms,9,0.0,0.0,0.0,5,5
plasticity2d,0.375,cpg,sampled_export_ms,9,0.05958179632822672,0.0007754927070243979,0.001307701536867794,5,5
plasticity2d,0.375,cpg,reconstruction_original_ms,9,12.158990734153324,0.19297248686933952,0.10466357505528923,5,5
plasticity2d,0.375,cpg,full_export_original_ms,9,0.0,0.0,0.0,5,5
plasticity2d,0.375,cpg,reconstruction_fast_ms,9,0.5499720573425293,0.13766441103894178,0.023204330119222547,5,5
plasticity2d,0.375,cpg,full_export_fast_ms,9,0.13890531327989367,0.015787903712598,0.005624824417241764,5,5
plasticity2d,0.375,ca,coarse_ms,9,0.1805843578444587,0.0007372237287223105,0.0016751938242189836,5,5
plasticity2d,0.375,ca,density_sampling_compensation_ms,9,0.22133224540286595,0.0028267771930380456,0.0016015192017217632,5,5
plasticity2d,0.375,ca,fine_ms,9,1.294395989841885,0.0019500106862773427,0.0036274692999465155,5,5
plasticity2d,0.375,ca,decode_ms,9,0.0,0.0,0.0,5,5
plasticity2d,0.375,ca,sampled_export_ms,9,0.06868955161836413,0.0020162128441427317,0.0020939043453144486,5,5
plasticity2d,0.375,ca,reconstruction_original_ms,9,12.169280482663048,0.2006911067349904,0.4708705020067994,5,5
plasticity2d,0.375,ca,full_export_original_ms,9,0.0,0.0,0.0,5,5
plasticity2d,0.375,ca,reconstruction_fast_ms,9,0.6334036588668823,0.05151176459142218,0.026427452699252365,5,5
plasticity2d,0.375,ca,full_export_fast_ms,9,0.14136400487687853,0.012694584218022725,0.009314131328477089,5,5
plasticity2d,0.5,uniform,coarse_ms,9,0.0,0.0,0.0,5,5
plasticity2d,0.5,uniform,density_sampling_compensation_ms,9,0.0,0.0,0.0,5,5
plasticity2d,0.5,uniform,fine_ms,9,1.4067855146196153,0.002939044664228081,0.004456030316935528,5,5
plasticity2d,0.5,uniform,decode_ms,9,0.0,0.0,0.0,5,5
plasticity2d,0.5,uniform,sampled_export_ms,9,0.05617009268866645,0.0015392229531429535,0.00213773215824175,5,5
plasticity2d,0.5,uniform,reconstruction_original_ms,9,0.07992155022091335,0.0017733964389727902,0.0022050746804401565,5,5
plasticity2d,0.5,uniform,full_export_original_ms,9,0.13193488121032715,0.010403155136096793,0.011205426348520562,5,5
plasticity2d,0.5,uniform,reconstruction_fast_ms,9,0.06947384940253364,0.000952148766941208,0.00247725723555663,5,5
plasticity2d,0.5,uniform,full_export_fast_ms,9,0.11829121245278253,0.015193224162318655,0.03471913651536993,5,5
plasticity2d,0.5,pi,coarse_ms,9,0.0,0.0,0.0,5,5
plasticity2d,0.5,pi,density_sampling_compensation_ms,9,0.0,0.0,0.0,5,5
plasticity2d,0.5,pi,fine_ms,9,1.442364023791419,0.0026218981043801713,0.003862065066207757,5,5
plasticity2d,0.5,pi,decode_ms,9,0.0,0.0,0.0,5,5
plasticity2d,0.5,pi,sampled_export_ms,9,0.05058546861012777,0.0013353259295199103,0.0013804788577161482,5,5
plasticity2d,0.5,pi,reconstruction_original_ms,9,0.078621506690979,0.0026484290554727955,0.0023190888761359806,5,5
plasticity2d,0.5,pi,full_export_original_ms,9,0.12464970350265503,0.006937449201557535,0.008039859961155636,5,5
plasticity2d,0.5,pi,reconstruction_fast_ms,9,0.0682830810546875,0.0006770589829709653,0.002061914733453728,5,5
plasticity2d,0.5,pi,full_export_fast_ms,9,0.12117326259613037,0.017119274444641657,0.03391620380065677,5,5
plasticity2d,0.5,cpg,coarse_ms,9,0.9677749541070726,0.0025569847461930496,0.004793926826385595,5,5
plasticity2d,0.5,cpg,density_sampling_compensation_ms,9,0.34906384017732406,0.004485415346019546,0.003092200195236013,5,5
plasticity2d,0.5,cpg,fine_ms,9,1.4284319347805448,0.002926986272415416,0.0027993146630946575,5,5
plasticity2d,0.5,cpg,decode_ms,9,0.0,0.0,0.0,5,5
plasticity2d,0.5,cpg,sampled_export_ms,9,0.06689015361997816,0.001271946740033507,0.0016749401217049569,5,5
plasticity2d,0.5,cpg,reconstruction_original_ms,9,16.396593881977928,0.5070728178026578,0.6812208704720968,5,5
plasticity2d,0.5,cpg,full_export_original_ms,9,0.0,0.0,0.0,5,5
plasticity2d,0.5,cpg,reconstruction_fast_ms,9,0.508386062251197,0.06137635544934225,0.02064144635467727,5,5
plasticity2d,0.5,cpg,full_export_fast_ms,9,0.15062010950512356,0.02213478208344254,0.03469718108047314,5,5
plasticity2d,0.5,ca,coarse_ms,9,0.18172860145568848,0.0013538145739533493,0.0032974423204160915,5,5
plasticity2d,0.5,ca,density_sampling_compensation_ms,9,0.22463517056571114,0.0032097215741056606,0.0030591865779836767,5,5
plasticity2d,0.5,ca,fine_ms,9,1.4605045318603516,0.0029873242967263323,0.005135842346569567,5,5
plasticity2d,0.5,ca,decode_ms,9,0.0,0.0,0.0,5,5
plasticity2d,0.5,ca,sampled_export_ms,9,0.07588002416822645,0.0034174837622471233,0.003338804693342935,5,5
plasticity2d,0.5,ca,reconstruction_original_ms,9,16.36211292611228,0.1356219633855442,0.22174638300407337,5,5
plasticity2d,0.5,ca,full_export_original_ms,9,0.0,0.0,0.0,5,5
plasticity2d,0.5,ca,reconstruction_fast_ms,9,0.5264245801501803,0.05252144065776766,0.020701860932023794,5,5
plasticity2d,0.5,ca,full_export_fast_ms,9,0.15145258771048653,0.016344414978903415,0.007888755791906161,5,5
plasticity2d,0.75,uniform,coarse_ms,9,0.0,0.0,0.0,5,5
plasticity2d,0.75,uniform,density_sampling_compensation_ms,9,0.0,0.0,0.0,5,5
plasticity2d,0.75,uniform,fine_ms,9,1.6516165600882635,0.0027356526637879433,0.004132563107902052,5,5
plasticity2d,0.75,uniform,decode_ms,9,0.0,0.0,0.0,5,5
plasticity2d,0.75,uniform,sampled_export_ms,9,0.06902217864990234,0.0033552404846936205,0.003947323647338207,5,5
plasticity2d,0.75,uniform,reconstruction_original_ms,9,0.0801348023944431,0.0030137691633879346,0.0030774412486497165,5,5
plasticity2d,0.75,uniform,full_export_original_ms,9,0.1340117719438341,0.008958706182031432,0.012804213752979752,5,5
plasticity2d,0.75,uniform,reconstruction_fast_ms,9,0.07082240449057685,0.0018496795910806399,0.0033220993454222865,5,5
plasticity2d,0.75,uniform,full_export_fast_ms,9,0.1196319858233134,0.01517781879425932,0.034921852520590796,5,5
plasticity2d,0.75,pi,coarse_ms,9,0.0,0.0,0.0,5,5
plasticity2d,0.75,pi,density_sampling_compensation_ms,9,0.0,0.0,0.0,5,5
plasticity2d,0.75,pi,fine_ms,9,1.7030573553509183,0.0024079681854479993,0.0038637652293565645,5,5
plasticity2d,0.75,pi,decode_ms,9,0.0,0.0,0.0,5,5
plasticity2d,0.75,pi,sampled_export_ms,9,0.06190919213824802,0.0029960582885469956,0.0028651868331735922,5,5
plasticity2d,0.75,pi,reconstruction_original_ms,9,0.07808109124501546,0.002387407387539831,0.0019654390603776905,5,5
plasticity2d,0.75,pi,full_export_original_ms,9,0.1227981514400906,0.012544869344619949,0.02723942829355669,5,5
plasticity2d,0.75,pi,reconstruction_fast_ms,9,0.06899403201209174,0.0012385521781800974,0.001930996838737277,5,5
plasticity2d,0.75,pi,full_export_fast_ms,9,0.1130521297454834,0.006770760322958382,0.006370926463454659,5,5
plasticity2d,0.75,cpg,coarse_ms,9,0.9679853916168213,0.0022512808025496275,0.004088529664884477,5,5
plasticity2d,0.75,cpg,density_sampling_compensation_ms,9,0.355895029173957,0.006656604160251666,0.0037107249135251968,5,5
plasticity2d,0.75,cpg,fine_ms,9,1.696467399597168,0.002813249059407406,0.002857612858406263,5,5
plasticity2d,0.75,cpg,decode_ms,9,0.0,0.0,0.0,5,5
plasticity2d,0.75,cpg,sampled_export_ms,9,0.08012652397155762,0.002596075346682464,0.0033792140946497583,5,5
plasticity2d,0.75,cpg,reconstruction_original_ms,9,25.26506417327457,0.3299966669025985,0.37730620176973667,5,5
plasticity2d,0.75,cpg,full_export_original_ms,9,0.0,0.0,0.0,5,5
plasticity2d,0.75,cpg,reconstruction_fast_ms,9,0.47867877615822685,0.01126276918275787,0.0133913893302081,5,5
plasticity2d,0.75,cpg,full_export_fast_ms,9,0.15028383996751574,0.022831475564774807,0.03243034910892696,5,5
plasticity2d,0.75,ca,coarse_ms,9,0.18253707223468357,0.0026885535565284668,0.002979323957371141,5,5
plasticity2d,0.75,ca,density_sampling_compensation_ms,9,0.22731473048528036,0.001707384224613735,0.003109391802469248,5,5
plasticity2d,0.75,ca,fine_ms,9,1.72330422533883,0.003617733688949662,0.005835053532298615,5,5
plasticity2d,0.75,ca,decode_ms,9,0.0,0.0,0.0,5,5
plasticity2d,0.75,ca,sampled_export_ms,9,0.08936441606945461,0.005606888483082282,0.00654140732618392,5,5
plasticity2d,0.75,ca,reconstruction_original_ms,9,25.23037824365828,0.38225187832318946,0.3142442355288397,5,5
plasticity2d,0.75,ca,full_export_original_ms,9,0.0,0.0,0.0,5,5
plasticity2d,0.75,ca,reconstruction_fast_ms,9,0.4804440670543247,0.012690484042972915,0.015944067275626136,5,5
plasticity2d,0.75,ca,full_export_fast_ms,9,0.15382435586717394,0.011991184719384285,0.013666732040043636,5,5
plasticity2d,1.0,full,coarse_ms,3,0.0,0.0,0.0,5,5
plasticity2d,1.0,full,density_sampling_compensation_ms,3,0.0,0.0,0.0,5,5
plasticity2d,1.0,full,fine_ms,3,1.9853711128234863,0.004235780292298046,0.004973741278692721,5,5
plasticity2d,1.0,full,decode_ms,3,0.0,0.0,0.0,5,5
plasticity2d,1.0,full,sampled_export_ms,3,0.07503579060236613,0.0024943463762813066,0.001665781652891535,5,5
plasticity2d,1.0,full,reconstruction_original_ms,3,0.007214148839314778,7.500086660455416e-06,0.0006022570571512252,5,5
plasticity2d,1.0,full,full_export_original_ms,3,0.0690758228302002,0.0008157906044613122,0.0013479409270471903,5,5
plasticity2d,1.0,full,reconstruction_fast_ms,3,0.006692111492156982,0.000103763880482636,0.00010467999452163863,5,5
plasticity2d,1.0,full,full_export_fast_ms,3,0.07072786490122478,0.002100500543959637,0.0014101773028203047,5,5
airfoil2d,0.375,uniform,coarse_ms,9,0.0,0.0,0.0,5,5
airfoil2d,0.375,uniform,density_sampling_compensation_ms,9,0.0,0.0,0.0,5,5
airfoil2d,0.375,uniform,fine_ms,9,2.4257843693097434,0.006542216856416993,0.008678985091246769,5,5
airfoil2d,0.375,uniform,decode_ms,9,0.029169519742329914,0.0017977630345255146,0.003818163896925731,5,5
airfoil2d,0.375,uniform,sampled_export_ms,9,0.03392514255311754,0.0027962685864182132,0.0034340926761600742,5,5
airfoil2d,0.375,uniform,reconstruction_original_ms,9,0.07988197935952081,0.0014718084888620145,0.0033709586326637463,5,5
airfoil2d,0.375,uniform,full_export_original_ms,9,0.03687805599636502,0.0023306438051842273,0.002686219556918485,5,5
airfoil2d,0.375,uniform,reconstruction_fast_ms,9,0.04371007283528646,0.000976321761640301,0.0023689956483805563,5,5
airfoil2d,0.375,uniform,full_export_fast_ms,9,0.032064484225379095,0.0015519681790698789,0.002054287194548934,5,5
airfoil2d,0.375,pi,coarse_ms,9,0.0,0.0,0.0,5,5
airfoil2d,0.375,pi,density_sampling_compensation_ms,9,0.0,0.0,0.0,5,5
airfoil2d,0.375,pi,fine_ms,9,2.5236997339460583,0.0023179509159470387,0.004182409740170216,5,5
airfoil2d,0.375,pi,decode_ms,9,0.028204752339257136,0.0022375186957871475,0.003907208749898642,5,5
airfoil2d,0.375,pi,sampled_export_ms,9,0.02872678968641493,0.0028539286103673772,0.00479213566177681,5,5
airfoil2d,0.375,pi,reconstruction_original_ms,9,0.07790972789128621,0.0011862964541428577,0.00292464820343569,5,5
airfoil2d,0.375,pi,full_export_original_ms,9,0.03216034836239285,0.0010291949281476948,0.0011423756561373835,5,5
airfoil2d,0.375,pi,reconstruction_fast_ms,9,0.043480098247528076,0.0012088770788448808,0.0029911957806856592,5,5
airfoil2d,0.375,pi,full_export_fast_ms,9,0.03158003091812134,0.00030190760192267557,0.0011608353661281632,5,5
airfoil2d,0.375,cpg,coarse_ms,9,1.3001355859968398,0.0013160629258847267,0.0024312856608329765,5,5
airfoil2d,0.375,cpg,density_sampling_compensation_ms,9,0.615191294087304,0.012458488750490116,0.005305381740381571,5,5
airfoil2d,0.375,cpg,fine_ms,9,2.51639187335968,0.002146255841930073,0.0040407111088424374,5,5
airfoil2d,0.375,cpg,decode_ms,9,0.026867787043253582,0.0015069789719094622,0.0020553415364451266,5,5
airfoil2d,0.375,cpg,sampled_export_ms,9,0.047480728891160756,0.0031477863412177265,0.003368904239013251,5,5
airfoil2d,0.375,cpg,reconstruction_original_ms,9,56.0352678100268,4.283427608095611,0.6394682414069972,5,5
airfoil2d,0.375,cpg,full_export_original_ms,9,0.0,0.0,0.0,5,5
airfoil2d,0.375,cpg,reconstruction_fast_ms,9,9.047155247794258,1.3377269683852295,0.05229213049345502,5,5
airfoil2d,0.375,cpg,full_export_fast_ms,9,0.07876571681764391,0.009247182681023657,0.014917137870305032,5,5
airfoil2d,0.375,ca,coarse_ms,9,0.22818843523661295,0.005316071436165939,0.007540432475289296,5,5
airfoil2d,0.375,ca,density_sampling_compensation_ms,9,0.38452959722942776,0.005096354313031517,0.004331981249292721,5,5
airfoil2d,0.375,ca,fine_ms,9,2.548703716860877,0.016818223759883396,0.03822210940838852,5,5
airfoil2d,0.375,ca,decode_ms,9,0.028228263060251873,0.0028553815275300896,0.003914742363103703,5,5
airfoil2d,0.375,ca,sampled_export_ms,9,0.055077837573157415,0.004867798014473455,0.0048928454982520115,5,5
airfoil2d,0.375,ca,reconstruction_original_ms,9,56.5684609942966,4.441565418843427,2.3543377214264565,5,5
airfoil2d,0.375,ca,full_export_original_ms,9,0.0,0.0,0.0,5,5
airfoil2d,0.375,ca,reconstruction_fast_ms,9,10.656075841850704,0.24297022342811359,0.03872943142339959,5,5
airfoil2d,0.375,ca,full_export_fast_ms,9,0.07636050383249919,0.012497136124514922,0.014837653353713572,5,5
airfoil2d,0.5,uniform,coarse_ms,9,0.0,0.0,0.0,5,5
airfoil2d,0.5,uniform,density_sampling_compensation_ms,9,0.0,0.0,0.0,5,5
airfoil2d,0.5,uniform,fine_ms,9,3.029361698362562,0.00796833836304342,0.005121904206884051,5,5
airfoil2d,0.5,uniform,decode_ms,9,0.029957294464111328,0.004687229654381671,0.0036378027232591,5,5
airfoil2d,0.5,uniform,sampled_export_ms,9,0.03456092543072171,0.0036283440243024038,0.0031952287804707384,5,5
airfoil2d,0.5,uniform,reconstruction_original_ms,9,0.0791082779566447,0.002522673731202921,0.0019776368250659193,5,5
airfoil2d,0.5,uniform,full_export_original_ms,9,0.03697954946094089,0.0024363996768244304,0.0030282288848042446,5,5
airfoil2d,0.5,uniform,reconstruction_fast_ms,9,0.04411654339896308,0.0014369557674915319,0.002109350176204502,5,5
airfoil2d,0.5,uniform,full_export_fast_ms,9,0.03352314233779907,0.0017557985183309823,0.0029283100876358703,5,5
airfoil2d,0.5,pi,coarse_ms,9,0.0,0.0,0.0,5,5
airfoil2d,0.5,pi,density_sampling_compensation_ms,9,0.0,0.0,0.0,5,5
airfoil2d,0.5,pi,fine_ms,9,3.1624082061979504,0.003972437787262807,0.005222318637020495,5,5
airfoil2d,0.5,pi,decode_ms,9,0.027808712588416204,0.0038863301431216316,0.003545417402704857,5,5
airfoil2d,0.5,pi,sampled_export_ms,9,0.028663376967112224,0.0026323547604696533,0.0028292544722527757,5,5
airfoil2d,0.5,pi,reconstruction_original_ms,9,0.07688353459040324,0.0016161090765214078,0.0013821618009162977,5,5
airfoil2d,0.5,pi,full_export_original_ms,9,0.03259844250149197,0.0016448087940480307,0.0029087798849018777,5,5
airfoil2d,0.5,pi,reconstruction_fast_ms,9,0.043195982774098717,0.001269963647194938,0.0018475176527750412,5,5
airfoil2d,0.5,pi,full_export_fast_ms,9,0.0321366720729404,0.0014150714380170458,0.0017788150868079367,5,5
airfoil2d,0.5,cpg,coarse_ms,9,1.29989269706938,0.00236474254186839,0.0031649907939417647,5,5
airfoil2d,0.5,cpg,density_sampling_compensation_ms,9,0.6027279628647698,0.00600092815840238,0.004110749692668229,5,5
airfoil2d,0.5,cpg,fine_ms,9,3.1543340947892933,0.003764815811014976,0.0055547783528641145,5,5
airfoil2d,0.5,cpg,decode_ms,9,0.026769604947831895,0.0027828910703524444,0.002334698208486364,5,5
airfoil2d,0.5,cpg,sampled_export_ms,9,0.048480596807267934,0.004274003124357009,0.003229400851849261,5,5
airfoil2d,0.5,cpg,reconstruction_original_ms,9,75.86701942814722,5.498264341838322,0.782560139532281,5,5
airfoil2d,0.5,cpg,full_export_original_ms,9,0.0,0.0,0.0,5,5
airfoil2d,0.5,cpg,reconstruction_fast_ms,9,2.82674233118693,0.6390190045094738,0.1901757715395086,5,5
airfoil2d,0.5,cpg,full_export_fast_ms,9,0.07706632216771443,0.007538222777361459,0.00882260644613359,5,5
airfoil2d,0.5,ca,coarse_ms,9,0.2254398332701789,0.002148353235651432,0.004925792588112,5,5
airfoil2d,0.5,ca,density_sampling_compensation_ms,9,0.436113609208001,0.0046030176823441404,0.004092295025441002,5,5
airfoil2d,0.5,ca,fine_ms,9,3.1614662872420416,0.0030615349932241907,0.007835909305592366,5,5
airfoil2d,0.5,ca,decode_ms,9,0.027025739351908367,0.001089755854243827,0.0020189695670022752,5,5
airfoil2d,0.5,ca,sampled_export_ms,9,0.054634776380327016,0.0016552335982587551,0.002556713168624561,5,5
airfoil2d,0.5,ca,reconstruction_original_ms,9,76.23099800613191,5.107759496063798,0.6727195487284201,5,5
airfoil2d,0.5,ca,full_export_original_ms,9,0.0,0.0,0.0,5,5
airfoil2d,0.5,ca,reconstruction_fast_ms,9,8.742069701353708,0.553023954745994,0.061712409239349036,5,5
airfoil2d,0.5,ca,full_export_fast_ms,9,0.0778814156850179,0.011044811568745812,0.010550712848158268,5,5
airfoil2d,0.75,uniform,coarse_ms,9,0.0,0.0,0.0,5,5
airfoil2d,0.75,uniform,density_sampling_compensation_ms,9,0.0,0.0,0.0,5,5
airfoil2d,0.75,uniform,fine_ms,9,4.045524862077501,0.0040556511101378515,0.006713895349806573,5,5
airfoil2d,0.75,uniform,decode_ms,9,0.030740433269076876,0.0026913204085586926,0.005174348509114364,5,5
airfoil2d,0.75,uniform,sampled_export_ms,9,0.03573016987906562,0.0022463528231738456,0.003485844194456024,5,5
airfoil2d,0.75,uniform,reconstruction_original_ms,9,0.07922500371932983,0.0025051320597974562,0.004678443229727783,5,5
airfoil2d,0.75,uniform,full_export_original_ms,9,0.03731714354621039,0.0010909648450554642,0.0037966965187211854,5,5
airfoil2d,0.75,uniform,reconstruction_fast_ms,9,0.04521873262193468,0.0007835555599229918,0.0028494814515785238,5,5
airfoil2d,0.75,uniform,full_export_fast_ms,9,0.03424386183420817,0.0020465582662969246,0.0030813244029836086,5,5
airfoil2d,0.75,pi,coarse_ms,9,0.0,0.0,0.0,5,5
airfoil2d,0.75,pi,density_sampling_compensation_ms,9,0.0,0.0,0.0,5,5
airfoil2d,0.75,pi,fine_ms,9,4.198882314893934,0.004211636978245781,0.007548934854451418,5,5
airfoil2d,0.75,pi,decode_ms,9,0.028822984960344102,0.002518273843383341,0.005180633827190493,5,5
airfoil2d,0.75,pi,sampled_export_ms,9,0.030326015419430204,0.002091897765606664,0.003418678878324616,5,5
airfoil2d,0.75,pi,reconstruction_original_ms,9,0.0779040985637241,0.0021062728241638636,0.0032801105274593567,5,5
airfoil2d,0.75,pi,full_export_original_ms,9,0.033647484249538846,0.0020281456315020194,0.001887809946601201,5,5
airfoil2d,0.75,pi,reconstruction_fast_ms,9,0.043904119067721896,0.001097214580347461,0.002393958360731322,5,5
airfoil2d,0.75,pi,full_export_fast_ms,9,0.03164195352130466,0.0010394198449513,0.0009414892792064735,5,5
airfoil2d,0.75,cpg,coarse_ms,9,1.3001642293400235,0.001683931780087689,0.00336418387880319,5,5
airfoil2d,0.75,cpg,density_sampling_compensation_ms,9,0.6098897920714484,0.006587264326723419,0.0048477784089847546,5,5
airfoil2d,0.75,cpg,fine_ms,9,4.195398920112186,0.002829419475144334,0.005933491640009777,5,5
airfoil2d,0.75,cpg,decode_ms,9,0.02770556343926324,0.0017126762662346647,0.0031635181397037956,5,5
airfoil2d,0.75,cpg,sampled_export_ms,9,0.052001244492001004,0.0027241095695196512,0.003892490610719346,5,5
airfoil2d,0.75,cpg,reconstruction_original_ms,9,119.34564693106546,6.13796974287967,3.531713581927388,5,5
airfoil2d,0.75,cpg,full_export_original_ms,9,0.0,0.0,0.0,5,5
airfoil2d,0.75,cpg,reconstruction_fast_ms,9,0.8569043543603685,0.047862166286807964,0.11020442728986016,5,5
airfoil2d,0.75,cpg,full_export_fast_ms,9,0.09806503852208455,0.049195437568392994,0.11106668602072695,5,5
airfoil2d,0.75,ca,coarse_ms,9,0.22854887776904637,0.00864892355779427,0.020301489549881247,5,5
airfoil2d,0.75,ca,density_sampling_compensation_ms,9,0.4491802718904283,0.02933845399851911,0.06673710411076413,5,5
airfoil2d,0.75,ca,fine_ms,9,4.2273034652074175,0.015090020881527805,0.03587017859935739,5,5
airfoil2d,0.75,ca,decode_ms,9,0.029704305860731337,0.004888258349182237,0.012019895801534718,5,5
airfoil2d,0.75,ca,sampled_export_ms,9,0.0632536080148485,0.009764723533688,0.02307856129227398,5,5
airfoil2d,0.75,ca,reconstruction_original_ms,9,120.964434908496,4.832700561817862,6.438957545504817,5,5
airfoil2d,0.75,ca,full_export_original_ms,9,0.0,0.0,0.0,5,5
airfoil2d,0.75,ca,reconstruction_fast_ms,9,1.2240543961524963,0.2768774837434974,0.11220869674286575,5,5
airfoil2d,0.75,ca,full_export_fast_ms,9,0.08418659369150798,0.008407624568704723,0.010671720952522125,5,5
airfoil2d,1.0,full,coarse_ms,3,0.0,0.0,0.0,5,5
airfoil2d,1.0,full,density_sampling_compensation_ms,3,0.0,0.0,0.0,5,5
airfoil2d,1.0,full,fine_ms,3,5.2653297781944275,0.004544031105792643,0.004815298192961508,5,5
airfoil2d,1.0,full,decode_ms,3,0.023704270521799724,0.0005314773023995606,0.0011044984201896975,5,5
airfoil2d,1.0,full,sampled_export_ms,3,0.029057761033376057,0.0012491638481300776,0.002324434279194707,5,5
airfoil2d,1.0,full,reconstruction_original_ms,3,0.00693202018737793,0.00011268864608141558,0.00032226093789838205,5,5
airfoil2d,1.0,full,full_export_original_ms,3,0.02792725960413615,0.002135899581077958,0.005730470268227299,5,5
airfoil2d,1.0,full,reconstruction_fast_ms,3,0.006671746571858724,8.065002558547177e-05,0.00018713173052260578,5,5
airfoil2d,1.0,full,full_export_fast_ms,3,0.026630858580271404,0.0009075594194805322,0.0020856227736967036,5,5
shapenet_car,0.375,uniform,coarse_ms,9,0.0,0.0,0.0,5,5
shapenet_car,0.375,uniform,density_sampling_compensation_ms,9,0.0,0.0,0.0,5,5
shapenet_car,0.375,uniform,fine_ms,9,6.833691232734257,0.036287906998708735,0.08551461498000942,5,5
shapenet_car,0.375,uniform,decode_ms,9,0.04474305444293552,0.03676114420489465,0.08177594675710148,5,5
shapenet_car,0.375,uniform,sampled_export_ms,9,0.06573100884755452,0.05196654255647147,0.11569274490463437,5,5
shapenet_car,0.375,uniform,reconstruction_original_ms,9,0.09992702139748467,0.00935846829706689,0.020996093592434154,5,5
shapenet_car,0.375,uniform,full_export_original_ms,9,0.21721306774351332,0.2808841881840178,0.6314739379146521,5,5
shapenet_car,0.375,uniform,reconstruction_fast_ms,9,0.09725607103771633,0.014457427569713447,0.03334296656825437,5,5
shapenet_car,0.375,uniform,full_export_fast_ms,9,0.2331132690111796,0.35817112009679797,0.8033348653635497,5,5
shapenet_car,0.375,pi,coarse_ms,9,0.0,0.0,0.0,5,5
shapenet_car,0.375,pi,density_sampling_compensation_ms,9,0.0,0.0,0.0,5,5
shapenet_car,0.375,pi,fine_ms,9,6.949121256669362,0.019258087202101787,0.04833761156312438,5,5
shapenet_car,0.375,pi,decode_ms,9,0.03614491886562771,0.011777818141340582,0.026587755374776763,5,5
shapenet_car,0.375,pi,sampled_export_ms,9,0.04989620712068346,0.008189584102863554,0.018355583790910294,5,5
shapenet_car,0.375,pi,reconstruction_original_ms,9,0.09700357913970947,0.0016690930272041937,0.002692851200965831,5,5
shapenet_car,0.375,pi,full_export_original_ms,9,0.1238617632124159,0.004738005792255199,0.010972597110022572,5,5
shapenet_car,0.375,pi,reconstruction_fast_ms,9,0.09375413258870442,0.006051428571643882,0.013082691108057137,5,5
shapenet_car,0.375,pi,full_export_fast_ms,9,0.12122541666030884,0.01851549050298318,0.04261625521202171,5,5
shapenet_car,0.375,cpg,coarse_ms,9,2.509270277288225,0.003271165831543015,0.009859440695215863,5,5
shapenet_car,0.375,cpg,density_sampling_compensation_ms,9,1.140834887822469,0.02489125534684332,0.0040390145718370435,5,5
shapenet_car,0.375,cpg,fine_ms,9,6.937844885720147,0.007136851163278694,0.011718752273088098,5,5
shapenet_car,0.375,cpg,decode_ms,9,0.03145138422648112,0.0022376423113309608,0.004123685131813002,5,5
shapenet_car,0.375,cpg,sampled_export_ms,9,0.07200058963563707,0.0024517994946884835,0.006156265762877649,5,5
shapenet_car,0.375,cpg,reconstruction_original_ms,9,1.154157022635142,0.0011085247133568279,0.001616194487886179,5,5
shapenet_car,0.375,cpg,full_export_original_ms,9,0.11459589004516602,0.001332619393336316,0.002698395883757821,5,5
shapenet_car,0.375,cpg,reconstruction_fast_ms,9,1.1512393752733867,0.0018706841143995405,0.0037423138112226803,5,5
shapenet_car,0.375,cpg,full_export_fast_ms,9,0.1140014992819892,0.0018983351898482252,0.003066379956427728,5,5
shapenet_car,0.375,ca,coarse_ms,9,0.41749576727549237,0.0018536876826432368,0.0039012861821704067,5,5
shapenet_car,0.375,ca,density_sampling_compensation_ms,9,1.1382154292530484,0.02587888262956143,0.0032359724164903766,5,5
shapenet_car,0.375,ca,fine_ms,9,6.8500955899556475,0.006127785260312029,0.01244778429985916,5,5
shapenet_car,0.375,ca,decode_ms,9,0.032331877284579806,0.0036244112713451552,0.008709871269804777,5,5
shapenet_car,0.375,ca,sampled_export_ms,9,0.0719837016529507,0.0042960155688671455,0.011609009308146817,5,5
shapenet_car,0.375,ca,reconstruction_original_ms,9,1.1532768607139587,0.0020184720179572493,0.0021693026441952415,5,5
shapenet_car,0.375,ca,full_export_original_ms,9,0.11429604556825426,0.0014703497171456377,0.003078951267290578,5,5
shapenet_car,0.375,ca,reconstruction_fast_ms,9,1.1508365472157795,0.0016205514634243488,0.0032411683141895563,5,5
shapenet_car,0.375,ca,full_export_fast_ms,9,0.11818127499686347,0.013437919244309784,0.03128108618805862,5,5
shapenet_car,0.5,uniform,coarse_ms,9,0.0,0.0,0.0,5,5
shapenet_car,0.5,uniform,density_sampling_compensation_ms,9,0.0,0.0,0.0,5,5
shapenet_car,0.5,uniform,fine_ms,9,8.597557246685028,0.009158466116713265,0.01633380299599635,5,5
shapenet_car,0.5,uniform,decode_ms,9,0.034872359699673124,0.0037687491463923102,0.004825404887358339,5,5
shapenet_car,0.5,uniform,sampled_export_ms,9,0.05527320835325453,0.0031540815540020226,0.003029298832083803,5,5
shapenet_car,0.5,uniform,reconstruction_original_ms,9,0.09877814186943902,0.0029074627059529775,0.0023834298770437435,5,5
shapenet_car,0.5,uniform,full_export_original_ms,9,0.12231237358517116,0.0030937466418744313,0.0028759829809779825,5,5
shapenet_car,0.5,uniform,reconstruction_fast_ms,9,0.09289168649249607,0.0028920465930563238,0.0033404031830068493,5,5
shapenet_car,0.5,uniform,full_export_fast_ms,9,0.11562274561987983,0.003919910368208891,0.003210528097286515,5,5
shapenet_car,0.5,pi,coarse_ms,9,0.0,0.0,0.0,5,5
shapenet_car,0.5,pi,density_sampling_compensation_ms,9,0.0,0.0,0.0,5,5
shapenet_car,0.5,pi,fine_ms,9,8.746255934238434,0.04435597185165261,0.11000999154552182,5,5
shapenet_car,0.5,pi,decode_ms,9,0.0354732076327006,0.005666759767223568,0.008014510776879346,5,5
shapenet_car,0.5,pi,sampled_export_ms,9,0.055103169547186956,0.003592896196980711,0.004796952488762099,5,5
shapenet_car,0.5,pi,reconstruction_original_ms,9,0.09788026412328084,0.0027526692075359916,0.0025773324598908115,5,5
shapenet_car,0.5,pi,full_export_original_ms,9,0.1220878627565172,0.0026681769927459223,0.0024982239792429146,5,5
shapenet_car,0.5,pi,reconstruction_fast_ms,9,0.09276966253916423,0.0030016624075273057,0.0029803158496678156,5,5
shapenet_car,0.5,pi,full_export_fast_ms,9,0.11461211575402154,0.004791744653890753,0.002970923826961311,5,5
shapenet_car,0.5,cpg,coarse_ms,9,2.508246898651123,0.012409904930441699,0.015307072726563863,5,5
shapenet_car,0.5,cpg,density_sampling_compensation_ms,9,1.1323814590771992,0.021178377007292443,0.020737979457650168,5,5
shapenet_car,0.5,cpg,fine_ms,9,8.724436826176113,0.01358742677521322,0.01981438594247784,5,5
shapenet_car,0.5,cpg,decode_ms,9,0.034462412198384605,0.00415570450952992,0.0065213569978428065,5,5
shapenet_car,0.5,cpg,sampled_export_ms,9,0.08367581499947442,0.0046714498925575654,0.005712874560722265,5,5
shapenet_car,0.5,cpg,reconstruction_original_ms,9,1.154530213938819,0.0035842034121140007,0.0029683585405009903,5,5
shapenet_car,0.5,cpg,full_export_original_ms,9,0.11659877167807685,0.003741178415930386,0.0046901021839285935,5,5
shapenet_car,0.5,cpg,reconstruction_fast_ms,9,1.1524269978205364,0.004660561556325602,0.003927948163443941,5,5
shapenet_car,0.5,cpg,full_export_fast_ms,9,0.11731485525767009,0.005835757702791743,0.0057787210956092554,5,5
shapenet_car,0.5,ca,coarse_ms,9,0.41850805282592773,0.0031650993299975902,0.004273037126772317,5,5
shapenet_car,0.5,ca,density_sampling_compensation_ms,9,1.1341131395763822,0.023228123121169734,0.019958315651425387,5,5
shapenet_car,0.5,ca,fine_ms,9,8.697692222065395,0.01659105877149768,0.020985230266665877,5,5
shapenet_car,0.5,ca,decode_ms,9,0.03621296750174628,0.006296302390341215,0.010324276848539633,5,5
shapenet_car,0.5,ca,sampled_export_ms,9,0.08454124132792155,0.00710370518884629,0.007848600094768572,5,5
shapenet_car,0.5,ca,reconstruction_original_ms,9,1.155918836593628,0.004393816790301106,0.003945579686396127,5,5
shapenet_car,0.5,ca,full_export_original_ms,9,0.11712676948971218,0.006463033231266283,0.006136082098531089,5,5
shapenet_car,0.5,ca,reconstruction_fast_ms,9,1.1534583237436082,0.005258281963665,0.004690336198326052,5,5
shapenet_car,0.5,ca,full_export_fast_ms,9,0.11704415082931519,0.006282860894380995,0.004007425599399234,5,5
shapenet_car,0.75,uniform,coarse_ms,9,0.0,0.0,0.0,5,5
shapenet_car,0.75,uniform,density_sampling_compensation_ms,9,0.0,0.0,0.0,5,5
shapenet_car,0.75,uniform,fine_ms,9,12.33345799975925,0.009351967373649994,0.01848340774297015,5,5
shapenet_car,0.75,uniform,decode_ms,9,0.03445463048087226,0.003535392226396969,0.004025521185951442,5,5
shapenet_car,0.75,uniform,sampled_export_ms,9,0.06923658980263604,0.006900418378113001,0.014233287516332835,5,5
shapenet_car,0.75,uniform,reconstruction_original_ms,9,0.09916226069132487,0.001739327947171528,0.002658962960329201,5,5
shapenet_car,0.75,uniform,full_export_original_ms,9,0.12046876880857679,0.003222515967414258,0.0020230511675751765,5,5
shapenet_car,0.75,uniform,reconstruction_fast_ms,9,0.09328756067487928,0.0013796658318133523,0.0031932080315780257,5,5
shapenet_car,0.75,uniform,full_export_fast_ms,9,0.11519657240973578,0.0023074512395335365,0.0027878095170710817,5,5
shapenet_car,0.75,pi,coarse_ms,9,0.0,0.0,0.0,5,5
shapenet_car,0.75,pi,density_sampling_compensation_ms,9,0.0,0.0,0.0,5,5
shapenet_car,0.75,pi,fine_ms,9,12.552682724263933,0.006167040430489555,0.014065023370090867,5,5
shapenet_car,0.75,pi,decode_ms,9,0.03512650728225708,0.0034399286238458093,0.009219228829594368,5,5
shapenet_car,0.75,pi,sampled_export_ms,9,0.07072687149047852,0.015074911012008434,0.035591145428541374,5,5
shapenet_car,0.75,pi,reconstruction_original_ms,9,0.09926110506057739,0.005754018082668512,0.014180929747435206,5,5
shapenet_car,0.75,pi,full_export_original_ms,9,0.1332736677593655,0.034695593246458635,0.08130608441291169,5,5
shapenet_car,0.75,pi,reconstruction_fast_ms,9,0.0954149497879876,0.0076847821405034555,0.01845667502430372,5,5
shapenet_car,0.75,pi,full_export_fast_ms,9,0.11862350834740533,0.014363552648345452,0.03195557842614971,5,5
shapenet_car,0.75,cpg,coarse_ms,9,2.5136232376098633,0.005640572647058892,0.005562047629519054,5,5
shapenet_car,0.75,cpg,density_sampling_compensation_ms,9,1.1410896976788838,0.023818825643540247,0.004626418208796409,5,5
shapenet_car,0.75,cpg,fine_ms,9,12.55278123749627,0.010185157501719342,0.015014753944180363,5,5
shapenet_car,0.75,cpg,decode_ms,9,0.03464354409111871,0.005692538443885245,0.007713215217250397,5,5
shapenet_car,0.75,cpg,sampled_export_ms,9,0.10148485501607259,0.005193503455267458,0.006944926551795307,5,5
shapenet_car,0.75,cpg,reconstruction_original_ms,9,1.1562097403738234,0.0015730407440258064,0.004722587732118154,5,5
shapenet_car,0.75,cpg,full_export_original_ms,9,0.11611713303460015,0.0028547490886200824,0.0033620071999710707,5,5
shapenet_car,0.75,cpg,reconstruction_fast_ms,9,1.1532192428906758,0.00203475901731474,0.004630678663225472,5,5
shapenet_car,0.75,cpg,full_export_fast_ms,9,0.11481742064158122,0.002792681358167672,0.00309395011897385,5,5
shapenet_car,0.75,ca,coarse_ms,9,0.41874382230970597,0.001313144016561225,0.0028873781763229652,5,5
shapenet_car,0.75,ca,density_sampling_compensation_ms,9,1.1339344912105136,0.02318123741713029,0.004039147883879205,5,5
shapenet_car,0.75,ca,fine_ms,9,12.564109762509664,0.009877884023575171,0.01694947179890237,5,5
shapenet_car,0.75,ca,decode_ms,9,0.034130613009134926,0.005266216518801187,0.004892282231151253,5,5
shapenet_car,0.75,ca,sampled_export_ms,9,0.0991647442181905,0.004578511387190863,0.004284917867142889,5,5
shapenet_car,0.75,ca,reconstruction_original_ms,9,1.1556890275743272,0.0013835117860954206,0.002959837894428945,5,5
shapenet_car,0.75,ca,full_export_original_ms,9,0.11522753371132745,0.002958907020536427,0.0031068445622157424,5,5
shapenet_car,0.75,ca,reconstruction_fast_ms,9,1.1520884103245206,0.0022568797562281433,0.003123419783697927,5,5
shapenet_car,0.75,ca,full_export_fast_ms,9,0.1146571503745185,0.0033080878594382705,0.0028000616135840204,5,5
shapenet_car,1.0,full,coarse_ms,3,0.0,0.0,0.0,5,5
shapenet_car,1.0,full,density_sampling_compensation_ms,3,0.0,0.0,0.0,5,5
shapenet_car,1.0,full,fine_ms,3,16.282798846562702,0.008247080386709574,0.010780285462188685,5,5
shapenet_car,1.0,full,decode_ms,3,0.03245274225870768,0.0024415662127510065,0.0035995226905502853,5,5
shapenet_car,1.0,full,sampled_export_ms,3,0.08093516031901042,0.0010205330160623159,0.0033173838746157727,5,5
shapenet_car,1.0,full,reconstruction_original_ms,3,0.007462501525878906,0.00011965548932483633,0.0008303648955821538,5,5
shapenet_car,1.0,full,full_export_original_ms,3,0.0722909967104594,0.00036962489785322307,0.0013611866151767844,5,5
shapenet_car,1.0,full,reconstruction_fast_ms,3,0.006864468256632487,0.00010264870506916207,0.00018867286745289565,5,5
shapenet_car,1.0,full,full_export_fast_ms,3,0.07689495881398518,0.006466043679918015,0.012615910624507023,5,5
superwing,0.375,uniform,coarse_ms,9,0.0,0.0,0.0,5,5
superwing,0.375,uniform,density_sampling_compensation_ms,9,0.0,0.0,0.0,5,5
superwing,0.375,uniform,fine_ms,9,5.657135778003269,0.0036784968246389243,0.004366396992644419,5,5
superwing,0.375,uniform,decode_ms,9,0.0,0.0,0.0,5,5
superwing,0.375,uniform,sampled_export_ms,9,0.0505280163553026,0.0016413804543122178,0.004755459680719987,5,5
superwing,0.375,uniform,reconstruction_original_ms,9,0.08719960848490398,0.002112122778252253,0.002739776028058418,5,5
superwing,0.375,uniform,full_export_original_ms,9,0.10972155465020074,0.00983244306889368,0.00972468767307495,5,5
superwing,0.375,uniform,reconstruction_fast_ms,9,0.058326787418789335,0.0008561615508971105,0.002275694032180218,5,5
superwing,0.375,uniform,full_export_fast_ms,9,0.0987794664171007,0.008949082906227226,0.008139257750655321,5,5
superwing,0.375,pi,coarse_ms,9,0.0,0.0,0.0,5,5
superwing,0.375,pi,density_sampling_compensation_ms,9,0.0,0.0,0.0,5,5
superwing,0.375,pi,fine_ms,9,5.887505412101746,0.0034823926834294753,0.0038483164367393535,5,5
superwing,0.375,pi,decode_ms,9,0.0,0.0,0.0,5,5
superwing,0.375,pi,sampled_export_ms,9,0.04325691196653578,0.0018037821430890992,0.0025177280770196635,5,5
superwing,0.375,pi,reconstruction_original_ms,9,0.0835912095175849,0.0008083177586434548,0.0025221877675832677,5,5
superwing,0.375,pi,full_export_original_ms,9,0.10353210899564955,0.008682250945981029,0.004445015315672461,5,5
superwing,0.375,pi,reconstruction_fast_ms,9,0.057498779561784535,0.0006784823584149867,0.0022027082877680163,5,5
superwing,0.375,pi,full_export_fast_ms,9,0.09532752964231703,0.008235112166199383,0.005495638910639791,5,5
superwing,0.375,cpg,coarse_ms,9,2.216648393207126,0.0013750419643592247,0.002153719452331227,5,5
superwing,0.375,cpg,density_sampling_compensation_ms,9,0.5081956585248312,0.0015766870354644296,0.001657940297359039,5,5
superwing,0.375,cpg,fine_ms,9,5.881772935390472,0.004983308787773163,0.005555204499733311,5,5
superwing,0.375,cpg,decode_ms,9,0.0,0.0,0.0,5,5
superwing,0.375,cpg,sampled_export_ms,9,0.06531013382805718,0.0018939473251183665,0.001963541584089316,5,5
superwing,0.375,cpg,reconstruction_original_ms,9,135.29051575395795,1.748805776733354,1.3364929062924562,5,5
superwing,0.375,cpg,full_export_original_ms,9,0.0,0.0,0.0,5,5
superwing,0.375,cpg,reconstruction_fast_ms,9,2.0877929197417364,0.28556191080132504,0.04647108238620931,5,5
superwing,0.375,cpg,full_export_fast_ms,9,0.1547621356116401,0.012394818338329432,0.00885380309221616,5,5
superwing,0.375,ca,coarse_ms,9,0.35577548874749076,0.0015169672000008617,0.002166169660990742,5,5
superwing,0.375,ca,density_sampling_compensation_ms,9,0.4621744155883789,0.0010592393771084558,0.002063171315227463,5,5
superwing,0.375,ca,fine_ms,9,5.877276096079084,0.005086913395293052,0.008981899859439703,5,5
superwing,0.375,ca,decode_ms,9,0.0,0.0,0.0,5,5
superwing,0.375,ca,sampled_export_ms,9,0.07614791393280029,0.0029621988690827898,0.006322227666112954,5,5
superwing,0.375,ca,reconstruction_original_ms,9,134.78776001267963,2.4740225120436463,2.196097334297646,5,5
superwing,0.375,ca,full_export_original_ms,9,0.0,0.0,0.0,5,5
superwing,0.375,ca,reconstruction_fast_ms,9,2.087719738483429,0.27910893167317885,0.0694521651986169,5,5
superwing,0.375,ca,full_export_fast_ms,9,0.15493912829293144,0.012739553347283874,0.007655926057420686,5,5
superwing,0.5,uniform,coarse_ms,9,0.0,0.0,0.0,5,5
superwing,0.5,uniform,density_sampling_compensation_ms,9,0.0,0.0,0.0,5,5
superwing,0.5,uniform,fine_ms,9,7.378425531917149,0.005164387937622427,0.007842407309681897,5,5
superwing,0.5,uniform,decode_ms,9,0.0,0.0,0.0,5,5
superwing,0.5,uniform,sampled_export_ms,9,0.05277958181169298,0.001800673048756086,0.0044186419762220685,5,5
superwing,0.5,uniform,reconstruction_original_ms,9,0.0850449005762736,0.0030753650259270114,0.0026242488383213234,5,5
superwing,0.5,uniform,full_export_original_ms,9,0.10384784804450141,0.0064245451163398,0.0072647981673903865,5,5
superwing,0.5,uniform,reconstruction_fast_ms,9,0.058733589119381376,0.0014751461160630096,0.003500657757961827,5,5
superwing,0.5,uniform,full_export_fast_ms,9,0.09372399912940131,0.0027205066809628696,0.005267149706355349,5,5
superwing,0.5,pi,coarse_ms,9,0.0,0.0,0.0,5,5
superwing,0.5,pi,density_sampling_compensation_ms,9,0.0,0.0,0.0,5,5
superwing,0.5,pi,fine_ms,9,7.719868587123023,0.007925909479840496,0.009212886654715079,5,5
superwing,0.5,pi,decode_ms,9,0.0,0.0,0.0,5,5
superwing,0.5,pi,sampled_export_ms,9,0.049513412846459284,0.003998790147811395,0.011413454657954092,5,5
superwing,0.5,pi,reconstruction_original_ms,9,0.08538895183139378,0.0033635572548803964,0.006841934507312327,5,5
superwing,0.5,pi,full_export_original_ms,9,0.09974208143022326,0.001885388635676404,0.003656652725944943,5,5
superwing,0.5,pi,reconstruction_fast_ms,9,0.05857994159062704,0.0018637694005796525,0.004674102865712523,5,5
superwing,0.5,pi,full_export_fast_ms,9,0.09319318665398492,0.002738899140563555,0.00532858425311881,5,5
superwing,0.5,cpg,coarse_ms,9,2.2159684035513134,0.002394766210936822,0.004606512819559679,5,5
superwing,0.5,cpg,density_sampling_compensation_ms,9,0.5122919877370199,0.0018955281551714458,0.00462708902258988,5,5
superwing,0.5,cpg,fine_ms,9,7.7042778333028155,0.010487252331827679,0.00992633753516699,5,5
superwing,0.5,cpg,decode_ms,9,0.0,0.0,0.0,5,5
superwing,0.5,cpg,sampled_export_ms,9,0.0748241941134135,0.0032125750159208836,0.004532872520884609,5,5
superwing,0.5,cpg,reconstruction_original_ms,9,185.80437964863248,3.195673958767846,1.5083013148854358,5,5
superwing,0.5,cpg,full_export_original_ms,9,0.0,0.0,0.0,5,5
superwing,0.5,cpg,reconstruction_fast_ms,9,2.22004900376002,0.3443129554828558,0.009511278109206555,5,5
superwing,0.5,cpg,full_export_fast_ms,9,0.15227430396609837,0.0043719807670442035,0.010594862824834031,5,5
superwing,0.5,ca,coarse_ms,9,0.3585971064037747,0.0025572617820396343,0.004558621635628453,5,5
superwing,0.5,ca,density_sampling_compensation_ms,9,0.4666997326744927,0.002623706744399852,0.0030350235728976343,5,5
superwing,0.5,ca,fine_ms,9,7.696555554866791,0.005972913086168799,0.010684888575923188,5,5
superwing,0.5,ca,decode_ms,9,0.0,0.0,0.0,5,5
superwing,0.5,ca,sampled_export_ms,9,0.08420000473658244,0.005031164577157926,0.00613581541680919,5,5
superwing,0.5,ca,reconstruction_original_ms,9,185.72586443689136,3.412722825006638,1.8401854392957817,5,5
superwing,0.5,ca,full_export_original_ms,9,0.0,0.0,0.0,5,5
superwing,0.5,ca,reconstruction_fast_ms,9,2.221474713749356,0.34697876733512095,0.011784474985790317,5,5
superwing,0.5,ca,full_export_fast_ms,9,0.14999922778871325,0.007394662010542283,0.010828946886241045,5,5
superwing,0.75,uniform,coarse_ms,9,0.0,0.0,0.0,5,5
superwing,0.75,uniform,density_sampling_compensation_ms,9,0.0,0.0,0.0,5,5
superwing,0.75,uniform,fine_ms,9,10.455233024226295,0.008810930592127949,0.009074946533028445,5,5
superwing,0.75,uniform,decode_ms,9,0.0,0.0,0.0,5,5
superwing,0.75,uniform,sampled_export_ms,9,0.0661366515689426,0.00290573494470469,0.0064282020657991604,5,5
superwing,0.75,uniform,reconstruction_original_ms,9,0.08757892582151625,0.0027884978930563568,0.0038725155084169986,5,5
superwing,0.75,uniform,full_export_original_ms,9,0.1035859187444051,0.004997287307153823,0.006803151213097579,5,5
superwing,0.75,uniform,reconstruction_fast_ms,9,0.059274004565344915,0.0009010917248914977,0.0018772429079925747,5,5
superwing,0.75,uniform,full_export_fast_ms,9,0.10099245442284478,0.009065207094603777,0.010132070093928374,5,5
superwing,0.75,pi,coarse_ms,9,0.0,0.0,0.0,5,5
superwing,0.75,pi,density_sampling_compensation_ms,9,0.0,0.0,0.0,5,5
superwing,0.75,pi,fine_ms,9,10.951589213477241,0.008075727354551485,0.007134395686904218,5,5
superwing,0.75,pi,decode_ms,9,0.0,0.0,0.0,5,5
superwing,0.75,pi,sampled_export_ms,9,0.05700737237930298,0.002669004402404993,0.004355670563008728,5,5
superwing,0.75,pi,reconstruction_original_ms,9,0.08435381783379449,0.001202968040101501,0.0031364041814821927,5,5
superwing,0.75,pi,full_export_original_ms,9,0.10155124796761407,0.003931802434231864,0.007230348710042173,5,5
superwing,0.75,pi,reconstruction_fast_ms,9,0.05828274620903863,0.0009200116918418286,0.001511295989959823,5,5
superwing,0.75,pi,full_export_fast_ms,9,0.09486758046680027,0.003639486993687743,0.005901748180735108,5,5
superwing,0.75,cpg,coarse_ms,9,2.2170522146754794,0.002365176467331849,0.0033800961221719453,5,5
superwing,0.75,cpg,density_sampling_compensation_ms,9,0.5160146289401584,0.0015891627523893545,0.002680442254486557,5,5
superwing,0.75,cpg,fine_ms,9,10.935260355472565,0.011556110792845662,0.010733549729660403,5,5
superwing,0.75,cpg,decode_ms,9,0.0,0.0,0.0,5,5
superwing,0.75,cpg,sampled_export_ms,9,0.0910166237089369,0.003121913097488676,0.006340111969580775,5,5
superwing,0.75,cpg,reconstruction_original_ms,9,293.8901260495186,5.652601657377061,8.616982630071512,5,5
superwing,0.75,cpg,full_export_original_ms,9,0.0,0.0,0.0,5,5
superwing,0.75,cpg,reconstruction_fast_ms,9,2.390384508503808,0.5389002694683335,0.010192291199388224,5,5
superwing,0.75,cpg,full_export_fast_ms,9,0.15410615338219535,0.012329801916086628,0.013862197702613942,5,5
superwing,0.75,ca,coarse_ms,9,0.3588224450747172,0.0013827657361318573,0.004602334662349984,5,5
superwing,0.75,ca,density_sampling_compensation_ms,9,0.4729716314209832,0.001235710731025358,0.002128392231901278,5,5
superwing,0.75,ca,fine_ms,9,10.948206153180864,0.006654122323049654,0.009519853451485361,5,5
superwing,0.75,ca,decode_ms,9,0.0,0.0,0.0,5,5
superwing,0.75,ca,sampled_export_ms,9,0.1016484366522895,0.0024426074202561995,0.007384183856897084,5,5
superwing,0.75,ca,reconstruction_original_ms,9,293.0327352550295,5.57481668856501,5.4707416271199545,5,5
superwing,0.75,ca,full_export_original_ms,9,0.0,0.0,0.0,5,5
superwing,0.75,ca,reconstruction_fast_ms,9,2.4209881822268167,0.5816573756594011,0.016644389609928454,5,5
superwing,0.75,ca,full_export_fast_ms,9,0.1586265034145779,0.0152628769320987,0.011923342905743387,5,5
superwing,1.0,full,coarse_ms,3,0.0,0.0,0.0,5,5
superwing,1.0,full,density_sampling_compensation_ms,3,0.0,0.0,0.0,5,5
superwing,1.0,full,fine_ms,3,13.556500772635141,0.014613445049109676,0.015370774513496973,5,5
superwing,1.0,full,decode_ms,3,0.0,0.0,0.0,5,5
superwing,1.0,full,sampled_export_ms,3,0.0667184591293335,0.0024932488253697426,0.0021892763340901735,5,5
superwing,1.0,full,reconstruction_original_ms,3,0.007245937983194987,7.137536960088755e-05,0.000674973532824415,5,5
superwing,1.0,full,full_export_original_ms,3,0.05933245023091634,0.00044028918000835817,0.0011729597739940558,5,5
superwing,1.0,full,reconstruction_fast_ms,3,0.00675817330678304,0.00012478184101072671,0.00018033380926209746,5,5
superwing,1.0,full,full_export_fast_ms,3,0.05960613489151001,0.0003784513595097697,0.0009988762343189535,5,5
driverml,0.375,uniform,coarse_ms,9,0.0,0.0,0.0,3,3
driverml,0.375,uniform,density_sampling_compensation_ms,9,0.0,0.0,0.0,3,3
driverml,0.375,uniform,fine_ms,9,1728.3965092566277,48.194495569049494,0.8005089022945828,3,3
driverml,0.375,uniform,decode_ms,9,0.09025219413969252,0.019120025873543157,0.026353423076670796,3,3
driverml,0.375,uniform,sampled_export_ms,9,1.8324305613835652,1.3069036284011033,1.5217250375160416,3,3
driverml,0.375,uniform,reconstruction_original_ms,9,0.1347743802600437,0.007766601721996253,0.014055745575783547,3,3
driverml,0.375,uniform,full_export_original_ms,9,4.1679483320977955,3.4767277525681655,3.8139114042561224,3,3
driverml,0.375,uniform,reconstruction_fast_ms,9,0.11514623959859212,0.01983858783704991,0.032236603157792726,3,3
driverml,0.375,uniform,full_export_fast_ms,9,10.804311544806868,4.996567014806878,8.058373375876165,3,3
driverml,0.375,pi,coarse_ms,9,0.0,0.0,0.0,3,3
driverml,0.375,pi,density_sampling_compensation_ms,9,0.0,0.0,0.0,3,3
driverml,0.375,pi,fine_ms,9,1759.0987922416793,49.462705349527305,1.3664802793748645,3,3
driverml,0.375,pi,decode_ms,9,0.0850149878749141,0.017637544366564936,0.025969393855087373,3,3
driverml,0.375,pi,sampled_export_ms,9,1.5091316567526925,0.8365640970177987,1.6005366032601145,3,3
driverml,0.375,pi,reconstruction_original_ms,9,0.1333894001113044,0.005059164592372752,0.005266376741408803,3,3
driverml,0.375,pi,full_export_original_ms,9,5.343987709946102,3.807303713840929,6.1994877269214195,3,3
driverml,0.375,pi,reconstruction_fast_ms,9,0.11168199556845207,0.006730576078292593,0.009198887069779131,3,3
driverml,0.375,pi,full_export_fast_ms,9,5.104282663928138,2.3725745256003226,6.536580909543859,3,3
driverml,0.375,cpg,coarse_ms,9,462.47310494935067,13.336298489670936,1.4419782341304048,3,3
driverml,0.375,cpg,density_sampling_compensation_ms,9,4.628707965215047,0.11227573306068007,0.03504942114673941,3,3
driverml,0.375,cpg,fine_ms,9,1758.823849260807,49.46927333352969,0.7785932289826629,3,3
driverml,0.375,cpg,decode_ms,9,0.12756470176908705,0.12983077631599604,0.23422620253100143,3,3
driverml,0.375,cpg,sampled_export_ms,9,7.036079963048299,3.5911944992811917,7.426352529059945,3,3
driverml,0.375,cpg,reconstruction_original_ms,9,0.13236894651695535,0.004594469455683022,0.00713328666689166,3,3
driverml,0.375,cpg,full_export_original_ms,9,10.258707459326143,5.567155847062412,4.768908613020013,3,3
driverml,0.375,cpg,reconstruction_fast_ms,9,0.11310395267274645,0.006016099575137903,0.005335645015336126,3,3
driverml,0.375,cpg,full_export_fast_ms,9,6.758269336488511,3.934287707457979,7.441281628686221,3,3
driverml,0.375,ca,coarse_ms,9,59.188027900678144,1.1037582584978505,0.5988342447927977,3,3
driverml,0.375,ca,density_sampling_compensation_ms,9,3.9214464249434298,0.10076252390029945,0.02233243373412404,3,3
driverml,0.375,ca,fine_ms,9,1696.6552441870726,46.78989887538361,1.8354273509843118,3,3
driverml,0.375,ca,decode_ms,9,0.08781668212678698,0.013585763545141636,0.020116414715796792,3,3
driverml,0.375,ca,sampled_export_ms,9,5.277639185940777,4.158643766393336,5.245593237321245,3,3
driverml,0.375,ca,reconstruction_original_ms,9,0.13208030550568192,0.003208176063128968,0.006839189293403805,3,3
driverml,0.375,ca,full_export_original_ms,9,6.5442875579551405,4.895294950467668,5.502244153459113,3,3
driverml,0.375,ca,reconstruction_fast_ms,9,0.10932485262552896,0.0035220633835706325,0.005222383811801195,3,3
driverml,0.375,ca,full_export_fast_ms,9,7.190350029203625,5.617914324455837,6.010204206165294,3,3
driverml,0.5,uniform,coarse_ms,9,0.0,0.0,0.0,3,3
driverml,0.5,uniform,density_sampling_compensation_ms,9,0.0,0.0,0.0,3,3
driverml,0.5,uniform,fine_ms,9,2306.5737541075105,65.0426796419107,1.670492823036147,3,3
driverml,0.5,uniform,decode_ms,9,0.09664975934558445,0.020018382375925976,0.025335336996772494,3,3
driverml,0.5,uniform,sampled_export_ms,9,2.2044708883320845,0.8356907291212244,1.3504418850076645,3,3
driverml,0.5,uniform,reconstruction_original_ms,9,0.1392083035575019,0.004660355699570398,0.009695810387218439,3,3
driverml,0.5,uniform,full_export_original_ms,9,4.832364618778229,2.2160906559519438,5.27867425942092,3,3
driverml,0.5,uniform,reconstruction_fast_ms,9,0.1144235332806905,0.008262449593986938,0.012024997464986698,3,3
driverml,0.5,uniform,full_export_fast_ms,9,7.015269111703943,5.003982637308749,6.266990645899663,3,3
driverml,0.5,pi,coarse_ms,9,0.0,0.0,0.0,3,3
driverml,0.5,pi,density_sampling_compensation_ms,9,0.0,0.0,0.0,3,3
driverml,0.5,pi,fine_ms,9,2346.105014284452,65.71467664265094,1.862183560704788,3,3
driverml,0.5,pi,decode_ms,9,0.08916275368796454,0.015171398556259312,0.017045462552928204,3,3
driverml,0.5,pi,sampled_export_ms,9,1.46286658666752,0.46018429742323386,0.7543888666606592,3,3
driverml,0.5,pi,reconstruction_original_ms,9,0.1376947319066083,0.00579683484213618,0.006263196418383936,3,3
driverml,0.5,pi,full_export_original_ms,9,4.582669447969508,4.025115981402285,3.1840063161938894,3,3
driverml,0.5,pi,reconstruction_fast_ms,9,0.11342349979612562,0.00632844604661726,0.003671591891405924,3,3
driverml,0.5,pi,full_export_fast_ms,9,5.565425036130128,5.148301999612696,4.837541147503172,3,3
driverml,0.5,cpg,coarse_ms,9,462.5931318711352,13.165549078969008,0.5918960999688977,3,3
driverml,0.5,cpg,density_sampling_compensation_ms,9,4.729804065492418,0.12665945799722939,0.03743534456755285,3,3
driverml,0.5,cpg,fine_ms,9,2344.937360121144,65.91766727703245,1.6449179343584381,3,3
driverml,0.5,cpg,decode_ms,9,0.09931596340956511,0.03569256554362933,0.03546040818722508,3,3
driverml,0.5,cpg,sampled_export_ms,9,5.926891609474465,5.045098331999929,2.4308913507046928,3,3
driverml,0.5,cpg,reconstruction_original_ms,9,0.13813238452982018,0.005639241389719271,0.00502473339685167,3,3
driverml,0.5,cpg,full_export_original_ms,9,10.979253936696937,6.735821787962688,4.951263535548352,3,3
driverml,0.5,cpg,reconstruction_fast_ms,9,0.1167790205390365,0.00794589071773435,0.005543668863657226,3,3
driverml,0.5,cpg,full_export_fast_ms,9,3.302711303587313,2.381987179468352,4.4433466074504,3,3
driverml,0.5,ca,coarse_ms,9,59.17307706894698,1.18770215414656,0.14555203329243888,3,3
driverml,0.5,ca,density_sampling_compensation_ms,9,4.052246058428729,0.09384327598785175,0.034799360794243735,3,3
driverml,0.5,ca,fine_ms,9,2267.3529284419837,62.07317222453051,1.42831109739473,3,3
driverml,0.5,ca,decode_ms,9,0.08797259242446334,0.02184086185781254,0.015224016647807882,3,3
driverml,0.5,ca,sampled_export_ms,9,4.221639975353523,1.9190885063529042,2.7308706900221935,3,3
driverml,0.5,ca,reconstruction_original_ms,9,0.1357048749923706,0.006546129395553001,0.005075348287254439,3,3
driverml,0.5,ca,full_export_original_ms,9,5.131340413181871,2.894241353913905,7.020817860995879,3,3
driverml,0.5,ca,reconstruction_fast_ms,9,0.11145019972765885,0.0041671410211902874,0.005536362959525637,3,3
driverml,0.5,ca,full_export_fast_ms,9,4.46250593220746,3.9321322218322874,5.31088501087707,3,3
driverml,0.75,uniform,coarse_ms,9,0.0,0.0,0.0,3,3
driverml,0.75,uniform,density_sampling_compensation_ms,9,0.0,0.0,0.0,3,3
driverml,0.75,uniform,fine_ms,9,3467.7173351799997,96.55706250399483,3.9578670552236797,3,3
driverml,0.75,uniform,decode_ms,9,0.10893162753846909,0.018331272073073515,0.01686457523280392,3,3
driverml,0.75,uniform,sampled_export_ms,9,2.702634091730471,0.6837027576869794,1.6357234850682134,3,3
driverml,0.75,uniform,reconstruction_original_ms,9,0.1497205208849024,0.006683867100866958,0.007090308125533761,3,3
driverml,0.75,uniform,full_export_original_ms,9,2.316193724120105,0.3997967182029734,0.7007268462591122,3,3
driverml,0.75,uniform,reconstruction_fast_ms,9,0.11949682677233661,0.003793475461423211,0.0022327947056028545,3,3
driverml,0.75,uniform,full_export_fast_ms,9,2.6392580734358893,1.5831708437240917,2.863176283146588,3,3
driverml,0.75,pi,coarse_ms,9,0.0,0.0,0.0,3,3
driverml,0.75,pi,density_sampling_compensation_ms,9,0.0,0.0,0.0,3,3
driverml,0.75,pi,fine_ms,9,3524.6050738626054,97.68766945364474,4.514880077139529,3,3
driverml,0.75,pi,decode_ms,9,0.11221622979199444,0.018805138977637772,0.01908645322817741,3,3
driverml,0.75,pi,sampled_export_ms,9,2.0090217391649876,0.49823807820448857,0.9188533364426174,3,3
driverml,0.75,pi,reconstruction_original_ms,9,0.14370265934202406,0.005934227643233118,0.007158609415412181,3,3
driverml,0.75,pi,full_export_original_ms,9,2.122505671448178,0.13356696496228376,0.018794177850505814,3,3
driverml,0.75,pi,reconstruction_fast_ms,9,0.11467602517869738,0.0037014562223943977,0.002708075092708261,3,3
driverml,0.75,pi,full_export_fast_ms,9,2.926806608835856,1.8383185224161174,3.3312225533142517,3,3
driverml,0.75,cpg,coarse_ms,9,462.90396871390175,13.598273707388087,1.3393996042105172,3,3
driverml,0.75,cpg,density_sampling_compensation_ms,9,4.917497436205547,0.1291477302651871,0.04217132464958723,3,3
driverml,0.75,cpg,fine_ms,9,3522.1717575633966,97.5091457195381,5.202368173330967,3,3
driverml,0.75,cpg,decode_ms,9,0.10510754806024057,0.01171992283647959,0.01249970700362123,3,3
driverml,0.75,cpg,sampled_export_ms,9,24.22572534393381,10.1700514299073,1.9242408801747568,3,3
driverml,0.75,cpg,reconstruction_original_ms,9,0.14599661032358807,0.004225283421059755,0.005422396311951644,3,3
driverml,0.75,cpg,full_export_original_ms,9,3.6326856524856006,1.6473450473270839,2.6893893751418725,3,3
driverml,0.75,cpg,reconstruction_fast_ms,9,0.11393924554189046,0.002660202185025804,0.0019440009137692486,3,3
driverml,0.75,cpg,full_export_fast_ms,9,2.073199108794883,0.10764849922706024,0.020664206440532063,3,3
driverml,0.75,ca,coarse_ms,9,59.092028273476494,1.1347335538231242,0.11406549874498664,3,3
driverml,0.75,ca,density_sampling_compensation_ms,9,4.218195047643449,0.09596321946765723,0.03145551042016272,3,3
driverml,0.75,ca,fine_ms,9,3423.5643783101327,92.46974971342053,4.406399250299407,3,3
driverml,0.75,ca,decode_ms,9,0.11302999876163623,0.021834814520588088,0.021488842557576934,3,3
driverml,0.75,ca,sampled_export_ms,9,23.817286171295024,9.77221443710066,2.10154510579025,3,3
driverml,0.75,ca,reconstruction_original_ms,9,0.14510033307252104,0.007287042210127935,0.004718207581341565,3,3
driverml,0.75,ca,full_export_original_ms,9,2.885950660264051,1.050348549212111,2.161973151176604,3,3
driverml,0.75,ca,reconstruction_fast_ms,9,0.11489429959544428,0.004447411942246524,0.005598259589708779,3,3
driverml,0.75,ca,full_export_fast_ms,9,2.3095306974870184,0.7369570413567511,1.178069489926747,3,3
driverml,1.0,full,coarse_ms,3,0.0,0.0,0.0,3,3
driverml,1.0,full,density_sampling_compensation_ms,3,0.0,0.0,0.0,3,3
driverml,1.0,full,fine_ms,3,4594.221036467287,138.58079628620072,0.6230175528609879,3,3
driverml,1.0,full,decode_ms,3,0.13800627655453154,0.008311548285530946,0.014252709687270692,3,3
driverml,1.0,full,sampled_export_ms,3,3.1633327404658,1.2398418823102841,2.3570815881626297,3,3
driverml,1.0,full,reconstruction_original_ms,3,0.012655225065019397,0.0011890527348296755,0.004691457188265041,3,3
driverml,1.0,full,full_export_original_ms,3,2.2228318783971996,0.1625857642924928,0.35021816920654575,3,3
driverml,1.0,full,reconstruction_fast_ms,3,0.00797708829243978,0.00035446636915101797,0.0003145953190046545,3,3
driverml,1.0,full,full_export_fast_ms,3,2.0545803838306003,0.009479726257845981,0.024941834782735445,3,3
