benchmark,budget,method,mode,cases,mean_ms,case_std_ms,repeat_std_ms,repeats_per_case_min,repeats_per_case_max,paired_ratio_to_uniform_mean,paired_ratio_to_uniform_std
pipe,0.375,uniform,sampled,9,3.2376898659600153,0.002371616197520695,0.00949077960658446,20,20,1.0,0.0
pipe,0.375,uniform,original,9,3.3755641844537525,0.008879341912020274,0.06228594621700143,5,5,1.0,0.0
pipe,0.375,uniform,fast,9,3.297939896583557,0.005579275483939471,0.05518140360915804,5,5,1.0,0.0
pipe,0.375,pi,sampled,9,3.3824765433867774,0.00361532512132093,0.007546785037377959,20,20,1.0447191366982096,0.0008209836100606514
pipe,0.375,pi,original,9,3.4943165050612555,0.008227219459131893,0.061272976004483025,5,5,1.0351814651400328,0.0013990013315701199
pipe,0.375,pi,fast,9,3.4205367167790732,0.005009018963027838,0.006928006454939819,5,5,1.0371746502589063,0.0011427213585837998
pipe,0.375,cpg,sampled,9,5.06748395661513,0.004581727942562036,0.010758707943145726,20,20,1.5651542059531174,0.0007993945531494063
pipe,0.375,cpg,original,9,68.45865398645401,1.958057838216702,1.7979190243255652,5,5,20.280451586253452,0.5702062765441082
pipe,0.375,cpg,fast,9,6.059085329373677,0.05856665340586214,0.011304591888528025,5,5,1.8372309727263894,0.017183404912808585
pipe,0.375,ca,sampled,9,4.095133187042342,0.004732296190316342,0.007926463126816658,20,20,1.26483175436994,0.0010353915770082256
pipe,0.375,ca,original,9,68.81640040212207,3.6250161898093225,7.16838604607246,5,5,20.38543604748148,1.0450939387348848
pipe,0.375,ca,fast,9,5.093367728922102,0.061903480220362614,0.007767529500745475,5,5,1.5444009411965836,0.017815612521967655
pipe,0.5,uniform,sampled,9,4.038314728273286,0.004787586506650646,0.011301717040052232,20,20,1.0,0.0
pipe,0.5,uniform,original,9,4.176077743371327,0.009386185932031275,0.06438058728208995,5,5,1.0,0.0
pipe,0.5,uniform,fast,9,4.093921018971337,0.0026301091351306795,0.05593975399571172,5,5,1.0,0.0
pipe,0.5,pi,sampled,9,4.199245240953234,0.00459172991012382,0.007073196418496376,20,20,1.0398513777286769,0.0009331180662246359
pipe,0.5,pi,original,9,4.311584764056736,0.00951608151283396,0.0641836387628938,5,5,1.0324492626954829,0.0013500799203440981
pipe,0.5,pi,fast,9,4.233461452855004,0.004240093437070887,0.005793855801763032,5,5,1.034085202651241,0.00126248952593067
pipe,0.5,cpg,sampled,9,5.890855027569665,0.007246910666558516,0.008630883743451341,20,20,1.4587413507913825,0.0012545384780825919
pipe,0.5,cpg,original,9,94.51192451847925,1.1981071069451024,0.47779874026883923,5,5,22.631875925506087,0.2938962143476971
pipe,0.5,cpg,fast,9,6.860413319534725,0.02126827792280737,0.00847746593474849,5,5,1.675758202239364,0.005798354257659301
pipe,0.5,ca,sampled,9,4.92307874891493,0.006875654647579501,0.009404797871661125,20,20,1.219092606790471,0.0011860106568915222
pipe,0.5,ca,original,9,93.89258490668402,1.2656839985784452,1.0899505461538468,5,5,22.483505709671242,0.30435565592219854
pipe,0.5,ca,fast,9,5.913061069117652,0.06615832747134297,0.0073664177933222144,5,5,1.4443491964330886,0.015887474863624955
pipe,0.75,uniform,sampled,9,5.7795879327588615,0.021448185989226452,0.05965377404295947,20,20,1.0,0.0
pipe,0.75,uniform,original,9,5.900095568762885,0.01034470639576699,0.05619386723312852,5,5,1.0,0.0
pipe,0.75,uniform,fast,9,5.820179482301076,0.007298201800586301,0.05376266273099401,5,5,1.0,0.0
pipe,0.75,pi,sampled,9,6.024669359127681,0.015792779458395596,0.03489729744027431,20,20,1.0424087365246404,0.0014532331842785076
pipe,0.75,pi,original,9,6.125952634546492,0.008719896228397304,0.05877753548764849,5,5,1.0382811144188144,0.0009577612660420073
pipe,0.75,pi,fast,9,6.0466605756017895,0.008463068217566433,0.008015138662632357,5,5,1.0389133704299045,0.0010492065162563688
pipe,0.75,cpg,sampled,9,7.721024172173606,0.0204071581181612,0.04887420511669193,20,20,1.3359175538946673,0.0017101123879171044
pipe,0.75,cpg,original,9,146.64066301451788,2.4999395622316594,1.675249455761341,5,5,24.853722692024053,0.4065496770927725
pipe,0.75,cpg,fast,9,8.671655588679844,0.010039633996580888,0.010983466256678717,5,5,1.4899298036315587,0.001173333141831668
pipe,0.75,ca,sampled,9,6.773627094096607,0.028081638686100762,0.0825287623193624,20,20,1.171989812563243,0.0007686020249416406
pipe,0.75,ca,original,9,145.27671337127686,2.432318734085353,2.373296131767946,5,5,24.622403664974836,0.3839599927657547
pipe,0.75,ca,fast,9,7.771313356028663,0.14836406480253145,0.028593628637001964,5,5,1.3352255685630372,0.024777241790913195
pipe,1.0,full,sampled,3,7.406929507851601,0.003786108859544195,0.008245225298681205,20,20,1.0,0.0
pipe,1.0,full,original,3,7.406929507851601,0.003786108859544195,0.008245225298681205,20,20,1.0,0.0
pipe,1.0,full,fast,3,7.406929507851601,0.003786108859544195,0.008245225298681205,20,20,1.0,0.0
elasticity,0.375,uniform,sampled,9,0.9869462913937039,0.006924215215588489,0.029632742353058277,20,20,1.0,0.0
elasticity,0.375,uniform,original,9,1.055380039744907,0.012139308341858692,0.043139578899076214,5,5,1.0,0.0
elasticity,0.375,uniform,fast,9,1.055380039744907,0.012139308341858692,0.043139578899076214,5,5,1.0,0.0
elasticity,0.375,pi,sampled,9,1.0087175087796316,0.00639207210995054,0.021266774043824647,20,20,1.0220658974439758,0.0024535002077027764
elasticity,0.375,pi,original,9,1.0784529977374606,0.01018868585910497,0.02744345382264343,5,5,1.0218962172873927,0.005797612548714457
elasticity,0.375,pi,fast,9,1.0784529977374606,0.01018868585910497,0.02744345382264343,5,5,1.0218962172873927,0.005797612548714457
elasticity,0.375,cpg,sampled,9,2.0855669346120624,0.013298662313147391,0.04416483156178033,20,20,2.113165432364492,0.005433005847885956
elasticity,0.375,cpg,original,9,5.057957437303331,0.09615495960245204,0.12988297366875345,5,5,4.792248870176137,0.04378324572838357
elasticity,0.375,cpg,fast,9,5.057957437303331,0.09615495960245204,0.12988297366875345,5,5,4.792248870176137,0.04378324572838357
elasticity,0.375,ca,sampled,9,1.5240475949313905,0.023910087212681858,0.02889919813543028,20,20,1.544162571585156,0.017861209602747296
elasticity,0.375,ca,original,9,4.460584620634715,0.1052039476076857,0.04850895025220553,5,5,4.226097763267634,0.057929900013762956
elasticity,0.375,ca,fast,9,4.460584620634715,0.1052039476076857,0.04850895025220553,5,5,4.226097763267634,0.057929900013762956
elasticity,0.5,uniform,sampled,9,1.0265154971016779,0.004321758434568917,0.027696550852892028,20,20,1.0,0.0
elasticity,0.5,uniform,original,9,1.0965233047803242,0.0059783501886670025,0.03680176292813438,5,5,1.0,0.0
elasticity,0.5,uniform,fast,9,1.0965233047803242,0.0059783501886670025,0.03680176292813438,5,5,1.0,0.0
elasticity,0.5,pi,sampled,9,1.0469641950395372,0.0033737217915842093,0.019207971924728125,20,20,1.0199326366309918,0.004504877294203071
elasticity,0.5,pi,original,9,1.1153716180059645,0.005519004025183643,0.029063334102346572,5,5,1.0172022564882077,0.004937203429425303
elasticity,0.5,pi,fast,9,1.1153716180059645,0.005519004025183643,0.029063334102346572,5,5,1.0172022564882077,0.004937203429425303
elasticity,0.5,cpg,sampled,9,2.208733351694213,0.0030225052161252154,0.04500720348275088,20,20,2.151711141013653,0.008662579069300477
elasticity,0.5,cpg,original,9,5.964609152740902,0.03975996525523125,0.12086205188695137,5,5,5.43964460417124,0.037647221630016436
elasticity,0.5,cpg,fast,9,5.964609152740902,0.03975996525523125,0.12086205188695137,5,5,5.43964460417124,0.037647221630016436
elasticity,0.5,ca,sampled,9,1.5984680503606796,0.016764325248324864,0.03628571983377959,20,20,1.557159066418381,0.01250692869300347
elasticity,0.5,ca,original,9,5.343321296903822,0.054413641779857906,0.06632523273548921,5,5,4.872891473472926,0.030569368220118836
elasticity,0.5,ca,fast,9,5.343321296903822,0.054413641779857906,0.06632523273548921,5,5,4.872891473472926,0.030569368220118836
elasticity,0.75,uniform,sampled,9,1.1660970747470856,0.003399859408820108,0.02198343851690724,20,20,1.0,0.0
elasticity,0.75,uniform,original,9,1.2449254592259724,0.006335761450592704,0.029784487159646517,5,5,1.0,0.0
elasticity,0.75,uniform,fast,9,1.2449254592259724,0.006335761450592704,0.029784487159646517,5,5,1.0,0.0
elasticity,0.75,pi,sampled,9,1.1840521461433835,0.00439071814663097,0.013608843509556625,20,20,1.0153993477886973,0.003081696984850852
elasticity,0.75,pi,original,9,1.2601832548777263,0.007372992729897679,0.025159133668172493,5,5,1.0122540193930638,0.001997140408583841
elasticity,0.75,pi,fast,9,1.2601832548777263,0.007372992729897679,0.025159133668172493,5,5,1.0122540193930638,0.001997140408583841
elasticity,0.75,cpg,sampled,9,2.4009728597270117,0.03831415367396048,0.02964363994064104,20,20,2.058993408233082,0.033115106586723175
elasticity,0.75,cpg,original,9,7.876979808012645,0.04071877648455582,0.12657892344061894,5,5,6.327372317198353,0.038648939205897244
elasticity,0.75,cpg,fast,9,7.876979808012645,0.04071877648455582,0.12657892344061894,5,5,6.327372317198353,0.038648939205897244
elasticity,0.75,ca,sampled,9,1.7558251404099994,0.012457876941056467,0.009106636134177476,20,20,1.5057338609576507,0.010685430879082537
elasticity,0.75,ca,original,9,7.184749344984691,0.06143828711588999,0.09876590701284621,5,5,5.771256782699747,0.04418801186981798
elasticity,0.75,ca,fast,9,7.184749344984691,0.06143828711588999,0.09876590701284621,5,5,5.771256782699747,0.04418801186981798
elasticity,1.0,full,sampled,3,1.264435425400734,0.013037914124925757,0.018366077246861984,20,20,1.0,0.0
elasticity,1.0,full,original,3,1.264435425400734,0.013037914124925757,0.018366077246861984,20,20,1.0,0.0
elasticity,1.0,full,fast,3,1.264435425400734,0.013037914124925757,0.018366077246861984,20,20,1.0,0.0
darcy,0.375,uniform,sampled,9,1.9294967254002888,0.0019928664162770946,0.007188311558226729,20,20,1.0,0.0
darcy,0.375,uniform,original,9,2.039058175351885,0.006901357977824072,0.04689821368992867,5,5,1.0,0.0
darcy,0.375,uniform,fast,9,1.9700446062617831,0.004526158118835828,0.037211605980769474,5,5,1.0,0.0
darcy,0.375,pi,sampled,9,1.994483048717181,0.00285471853451956,0.008783564087659446,20,20,1.0336804459230597,0.0010168847639212334
darcy,0.375,pi,original,9,2.0897312296761408,0.007238283011058152,0.045392870612435604,5,5,1.0248518560687367,0.001443254747038558
darcy,0.375,pi,fast,9,2.021506428718567,0.003423355230934376,0.00803739652119775,5,5,1.0261253847740293,0.0022140472128874137
darcy,0.375,cpg,sampled,9,3.469215085109075,0.00690015201325418,0.015569837799635167,20,20,1.7979896116970653,0.0030513881055726486
darcy,0.375,cpg,original,9,27.619224786758423,0.23777722379519178,0.5029617942826228,5,5,13.545350725269612,0.1400339558750331
darcy,0.375,cpg,fast,9,3.9876831902398004,0.009778918040443388,0.01638142598351423,5,5,2.0241607603169323,0.00342486289977611
darcy,0.375,ca,sampled,9,2.675040728516049,0.0036925146910601857,0.006378774721146419,20,20,1.3863930715627943,0.0013700739371067428
darcy,0.375,ca,original,9,26.67216741376453,0.2711531728018406,0.12943188477247405,5,5,13.080731133959171,0.13648049104739393
darcy,0.375,ca,fast,9,3.1930940018759832,0.009112974515739463,0.016007911319483148,5,5,1.6208231749026152,0.0027238684493736997
darcy,0.5,uniform,sampled,9,2.2119927323526807,0.001339449855912876,0.007321201436867155,20,20,1.0,0.0
darcy,0.5,uniform,original,9,2.3261017269558377,0.00986842453570939,0.04965800964925444,5,5,1.0,0.0
darcy,0.5,uniform,fast,9,2.256462143527137,0.0049115152078480695,0.04277354170298935,5,5,1.0,0.0
darcy,0.5,pi,sampled,9,2.300982673962911,0.002821539643019583,0.004017010286406262,20,20,1.040230710455134,0.0011547223977936977
darcy,0.5,pi,original,9,2.4006315403514438,0.007385110502675043,0.04938059099323719,5,5,1.0320462536845294,0.001983070216588682
darcy,0.5,pi,fast,9,2.329927682876587,0.003461601325130661,0.00608310580759411,5,5,1.0325600617455568,0.001566855313017051
darcy,0.5,cpg,sampled,9,3.7852803038226233,0.01743159911252087,0.009792005526430348,20,20,1.7112530513897655,0.00770113043602756
darcy,0.5,cpg,original,9,37.11764315764109,0.5194464157865359,0.18294104724627175,5,5,15.95686134440712,0.1990202147370176
darcy,0.5,cpg,fast,9,4.309454891416761,0.012704701475419576,0.009824066318629001,5,5,1.909841049354621,0.008355757384470863
darcy,0.5,ca,sampled,9,3.0017088684770794,0.015428484386749472,0.006694141855704573,20,20,1.3570151439056946,0.006802303485177854
darcy,0.5,ca,original,9,36.5075859758589,0.5251879548499214,0.17073907844104302,5,5,15.694497518588706,0.19401861270831602
darcy,0.5,ca,fast,9,3.5217218928866916,0.012792500174705507,0.006799073579270377,5,5,1.5607395513238498,0.007987543855170963
darcy,0.75,uniform,sampled,9,2.9068859501017466,0.0045360079338282455,0.009931777633807265,20,20,1.0,0.0
darcy,0.75,uniform,original,9,3.0255304442511664,0.011421044049639575,0.055507385526790944,5,5,1.0,0.0
darcy,0.75,uniform,fast,9,2.950196795993381,0.005156002574749651,0.04877100558686072,5,5,1.0,0.0
darcy,0.75,pi,sampled,9,3.030242481165462,0.0042925568440106724,0.00860028928646025,20,20,1.0424370959292668,0.0014742899028795974
darcy,0.75,pi,original,9,3.1305180655585394,0.008830390985044284,0.05582248052889478,5,5,1.0347057023709485,0.0022810774000513036
darcy,0.75,pi,fast,9,3.055155442820655,0.004374422379277092,0.00579119895633422,5,5,1.0355786093707735,0.0017542249040473131
darcy,0.75,cpg,sampled,9,4.536452682481872,0.013898634337980054,0.017350955729349374,20,20,1.5605900542571487,0.004743949200985834
darcy,0.75,cpg,original,9,59.416318767600586,0.6397826679673942,0.4170139590560325,5,5,19.63872450301146,0.23983247937639476
darcy,0.75,cpg,fast,9,5.05529244740804,0.015839890455056637,0.012026509374849097,5,5,1.7135419279159596,0.0033482484761162092
darcy,0.75,ca,sampled,9,3.7380243755049176,0.00601599223673798,0.011116453777296703,20,20,1.2859220327144048,0.002135131115219855
darcy,0.75,ca,original,9,58.87244873576694,0.7168598244739205,0.489792333930538,5,5,19.45864207220767,0.2336854997882114
darcy,0.75,ca,fast,9,4.2539334959454,0.00572196295730918,0.007971461568111614,5,5,1.441917016794696,0.0018530794592977811
darcy,1.0,full,sampled,3,3.524851550658544,0.0013685236263391472,0.006085044928707369,20,20,1.0,0.0
darcy,1.0,full,original,3,3.524851550658544,0.0013685236263391472,0.006085044928707369,20,20,1.0,0.0
darcy,1.0,full,fast,3,3.524851550658544,0.0013685236263391472,0.006085044928707369,20,20,1.0,0.0
plasticity2d,0.375,uniform,sampled,9,1.2591010580460231,0.0024900614494325324,0.011699121231943936,20,20,1.0,0.0
plasticity2d,0.375,uniform,original,9,1.448835598097907,0.02711441614483511,0.07222283622724071,5,5,1.0,0.0
plasticity2d,0.375,uniform,fast,9,1.409032940864563,0.008896149169391441,0.038704317728780406,5,5,1.0,0.0
plasticity2d,0.375,pi,sampled,9,1.289454350868861,0.002860613101550353,0.005674481034957125,20,20,1.0241081712522233,0.0018703458858301927
plasticity2d,0.375,pi,original,9,1.4773946669366624,0.03734747317108616,0.08663700573206445,5,5,1.0199366068265354,0.028377656095367933
plasticity2d,0.375,pi,fast,9,1.433045830991533,0.01632595208455683,0.037384053023092265,5,5,1.0170650276580886,0.012008927860056529
plasticity2d,0.375,cpg,sampled,9,2.516100721226798,0.004861761841510877,0.014499682228347539,20,20,1.9983368549045208,0.005043696325457971
plasticity2d,0.375,cpg,original,9,14.854287273354,0.3470694561658086,0.4892973365154803,5,5,10.254411288554502,0.25081631201855215
plasticity2d,0.375,cpg,fast,9,3.1400789817174277,0.18797668933101294,0.08424598670324429,5,5,2.228474215458277,0.13120266032566177
plasticity2d,0.375,ca,sampled,9,1.6569616480006113,0.0029987107400116925,0.00498663309732765,20,20,1.3159937270845676,0.0040500836915335426
plasticity2d,0.375,ca,original,9,13.838264677259657,0.09087854987775706,0.12694660191196713,5,5,9.553337848033623,0.12659101786247504
plasticity2d,0.375,ca,fast,9,2.3317923148473105,0.06293715621376468,0.04037766437805139,5,5,1.654925747329209,0.044911536002529714
plasticity2d,0.5,uniform,sampled,9,1.4300167560577393,0.001601517063054045,0.009022899079389116,20,20,1.0,0.0
plasticity2d,0.5,uniform,original,9,1.6252219676971436,0.04117277622187334,0.10268274524280736,5,5,1.0,0.0
plasticity2d,0.5,uniform,fast,9,1.5617749757236905,0.004014642817889468,0.0359313923152319,5,5,1.0,0.0
plasticity2d,0.5,pi,sampled,9,1.4697220176458359,0.002064835773754419,0.004122999427807729,20,20,1.0277656485137596,0.0009441321781595866
plasticity2d,0.5,pi,original,9,1.6373715466923184,0.022057502647758777,0.05527033502166083,5,5,1.0078597639268043,0.02004195858757771
plasticity2d,0.5,pi,fast,9,1.5907678339216444,0.0022374150320872287,0.01029396738668213,5,5,1.0185679961195266,0.0020640059851446927
plasticity2d,0.5,cpg,sampled,9,2.7157262795501285,0.007402990340312797,0.01427944515625858,20,20,1.8990873529330703,0.004863505495248525
plasticity2d,0.5,cpg,original,9,19.067025184631348,0.36789441779296467,0.1947723503998738,5,5,11.735882286329472,0.2616038992394657
plasticity2d,0.5,cpg,fast,9,3.3343965808550515,0.10352971541423618,0.18673640209417577,5,5,2.1349833071636537,0.06533453085338149
plasticity2d,0.5,ca,sampled,9,1.8329573174317677,0.0036558880416951087,0.007530874689793202,20,20,1.2817758570378766,0.003437665956708095
plasticity2d,0.5,ca,original,9,18.26032880279753,0.1107578542461038,0.145646929314458,5,5,11.241549575894853,0.27296122984734267
plasticity2d,0.5,ca,fast,9,2.4012951387299433,0.09112722229105753,0.1330653541921421,5,5,1.5376468311022167,0.06125056220013363
plasticity2d,0.75,uniform,sampled,9,1.7082622067795858,0.06177746780653683,0.14411852905542216,20,20,1.0,0.0
plasticity2d,0.75,uniform,original,9,1.8607154488563538,0.012731488575051518,0.05331519063482605,5,5,1.0,0.0
plasticity2d,0.75,uniform,fast,9,1.809180776278178,0.005945291242552896,0.04626618707259607,5,5,1.0,0.0
plasticity2d,0.75,pi,sampled,9,1.7718645847505994,0.07055441455294265,0.19127390819656256,20,20,1.0371218973502816,0.004254235865258851
plasticity2d,0.75,pi,original,9,1.9060396485858493,0.015159994150511875,0.054420393325004875,5,5,1.0243539704764728,0.0026124566549520587
plasticity2d,0.75,pi,fast,9,1.8546491861343384,0.005583553682396524,0.012047393382209703,5,5,1.0251334793701372,0.0012241060463585814
plasticity2d,0.75,cpg,sampled,9,3.048598517974218,0.06466124961241176,0.16948338877950675,20,20,1.7854203534141904,0.025347743462988948
plasticity2d,0.75,cpg,original,9,28.439432713720535,0.4741471099991394,0.46253991501806296,5,5,15.284626071157529,0.2667188168867025
plasticity2d,0.75,cpg,fast,9,3.5047726498709784,0.032449536558092774,0.05981785534942303,5,5,1.9371942830030282,0.013701273033255683
plasticity2d,0.75,ca,sampled,9,2.151674611700906,0.07825471611157418,0.1754512027569294,20,20,1.2595661821101187,0.003867343693895355
plasticity2d,0.75,ca,original,9,27.528477211793263,0.44310177909629944,0.5149124387014987,5,5,14.794709732680015,0.22696215807373496
plasticity2d,0.75,ca,fast,9,2.5858523117171393,0.007335660816289727,0.013346079582792365,5,5,1.4293008442845687,0.0038064405026540125
plasticity2d,1.0,full,sampled,3,2.048591027657191,0.006302723704643533,0.012833162734720918,20,20,1.0,0.0
plasticity2d,1.0,full,original,3,2.048591027657191,0.006302723704643533,0.012833162734720918,20,20,1.0,0.0
plasticity2d,1.0,full,fast,3,2.048591027657191,0.006302723704643533,0.012833162734720918,20,20,1.0,0.0
airfoil2d,0.375,uniform,sampled,9,2.4398040854268603,0.0037692950264739417,0.00794610381831242,20,20,1.0,0.0
airfoil2d,0.375,uniform,original,9,2.5738418102264404,0.007640385751931837,0.06276274647985562,5,5,1.0,0.0
airfoil2d,0.375,uniform,fast,9,2.4965888924068875,0.00785805678812023,0.05596923152253119,5,5,1.0,0.0
airfoil2d,0.375,pi,sampled,9,2.5431664453612433,0.004181125247010703,0.005489105308766249,20,20,1.042365556445732,0.001260365743196202
airfoil2d,0.375,pi,original,9,2.656393746534983,0.006716941095144821,0.058813837565935154,5,5,1.0320768589757099,0.0023198394769502915
airfoil2d,0.375,pi,fast,9,2.5781249006589255,0.004647671041694134,0.013069610614954713,5,5,1.0326638560925405,0.002064503925901817
airfoil2d,0.375,cpg,sampled,9,4.422063711616728,0.0076307901629281425,0.007403223573497863,20,20,1.8124681673808627,0.0027992728469417366
airfoil2d,0.375,cpg,original,9,49.322698513666786,0.8888098529280819,1.2104770071673527,5,5,19.162992617147392,0.3359014319550464
airfoil2d,0.375,cpg,fast,9,5.3752849499384565,0.13003449571684714,0.07039980828428634,5,5,2.153049619993155,0.051524305018850136
airfoil2d,0.375,ca,sampled,9,3.1146647615565195,0.007417410078000811,0.00783009402177108,20,20,1.2766044528217835,0.0023104165968247147
airfoil2d,0.375,ca,original,9,47.78320110506482,0.6036421921822582,0.5912509011037411,5,5,18.56481634639105,0.2175122034341191
airfoil2d,0.375,ca,fast,9,3.976369400819143,0.13330302979144754,0.031558367837987066,5,5,1.5926630350768036,0.05110564128693195
airfoil2d,0.5,uniform,sampled,9,3.049412162767516,0.012565854820675095,0.024760181200715263,20,20,1.0,0.0
airfoil2d,0.5,uniform,original,9,3.1748392515712314,0.01157930314828046,0.060559352495578526,5,5,1.0,0.0
airfoil2d,0.5,uniform,fast,9,3.1004539794392056,0.007024939927863328,0.05264280689706623,5,5,1.0,0.0
airfoil2d,0.5,pi,sampled,9,3.193728087676896,0.030111143360081315,0.12726804617543,20,20,1.0473216886193182,0.008302020607060426
airfoil2d,0.5,pi,original,9,3.2971335781945124,0.010398962961717073,0.06830392228409753,5,5,1.038522492899637,0.001604556181166279
airfoil2d,0.5,pi,fast,9,3.215769761138492,0.005976944270991031,0.008328789554742417,5,5,1.0371961013544586,0.0022347530495760155
airfoil2d,0.5,cpg,sampled,9,5.071272369888094,0.023948863020606306,0.05228431535426823,20,20,1.663032055516316,0.0034494161544610957
airfoil2d,0.5,cpg,original,9,66.6976981692844,0.7859693523847473,0.5163787813811863,5,5,21.008011555227885,0.2140787174105089
airfoil2d,0.5,cpg,fast,9,5.785997874206966,0.010830326080234142,0.010810656972405894,5,5,1.866185514450004,0.005242993532552888
airfoil2d,0.5,ca,sampled,9,3.793328834904565,0.018962347541540806,0.04613593460930433,20,20,1.2439531847178762,0.003096158788557767
airfoil2d,0.5,ca,original,9,66.17101298438178,2.711878492157225,6.577800707121121,5,5,20.843367761188816,0.8821644769798346
airfoil2d,0.5,ca,fast,9,4.505409134758843,0.00746213826569305,0.010395081834553179,5,5,1.453149540580539,0.0031416430583598083
airfoil2d,0.75,uniform,sampled,9,4.056989442971018,0.006927802596248071,0.00952324487179403,20,20,1.0,0.0
airfoil2d,0.75,uniform,original,9,4.192214707533519,0.011356450269847208,0.06593079646141393,5,5,1.0,0.0
airfoil2d,0.75,uniform,fast,9,4.100518590874142,0.028292085571624485,0.05336948409013104,5,5,1.0,0.0
airfoil2d,0.75,pi,sampled,9,4.22358223133617,0.007007230733038846,0.012643342629924401,20,20,1.0410634329420798,0.0006886021235720011
airfoil2d,0.75,pi,original,9,4.339281552367741,0.011663527859612739,0.06593028004268733,5,5,1.035082760381627,0.002024165073545339
airfoil2d,0.75,pi,fast,9,4.258218738767836,0.04873769459674731,0.08733726878806923,5,5,1.038456692843971,0.009251443838707189
airfoil2d,0.75,cpg,sampled,9,6.120533082220289,0.00921535181954767,0.01564375212635566,20,20,1.508640543701504,0.0018092500800661318
airfoil2d,0.75,cpg,original,9,106.36989126602809,4.657166136462545,5.476340477330273,5,5,25.371853060716404,1.0709086682086095
airfoil2d,0.75,cpg,fast,9,6.81531247165468,0.07446579383956523,0.01293623983289157,5,5,1.6620203289951219,0.0070509962874720665
airfoil2d,0.75,ca,sampled,9,4.860131897860104,0.009111702615211941,0.011458626190330955,20,20,1.1979652842460224,0.0011244169740315375
airfoil2d,0.75,ca,original,9,105.89347862535053,3.8560857208380543,8.000883321412033,5,5,25.258503469991133,0.8831378314334705
airfoil2d,0.75,ca,fast,9,5.560612347390917,0.052637271734284716,0.01052308608014676,5,5,1.3560546947342782,0.0039505175067906005
airfoil2d,1.0,full,sampled,3,5.302847797671954,0.015906803031099034,0.016005357094868222,20,20,1.0,0.0
airfoil2d,1.0,full,original,3,5.302847797671954,0.015906803031099034,0.016005357094868222,20,20,1.0,0.0
airfoil2d,1.0,full,fast,3,5.302847797671954,0.015906803031099034,0.016005357094868222,20,20,1.0,0.0
shapenet_car,0.375,uniform,sampled,9,6.85584909386105,0.004118222599069275,0.013763061235875987,20,20,1.0,0.0
shapenet_car,0.375,uniform,original,9,7.023065785566966,0.03506748139588333,0.08603708743795681,5,5,1.0,0.0
shapenet_car,0.375,uniform,fast,9,7.023065785566966,0.03506748139588333,0.08603708743795681,5,5,1.0,0.0
shapenet_car,0.375,pi,sampled,9,6.975546189480358,0.00510156769535295,0.014809066797762177,20,20,1.0174591310298098,0.00045184447044551324
shapenet_car,0.375,pi,original,9,7.181097567081451,0.09258062979673823,0.22658988554716566,5,5,1.0225172692094757,0.013570547919605408
shapenet_car,0.375,pi,fast,9,7.181097567081451,0.09258062979673823,0.22658988554716566,5,5,1.0225172692094757,0.013570547919605408
shapenet_car,0.375,cpg,sampled,9,10.608998230761951,0.026280051148612614,0.02340422133612054,20,20,1.5474369764977778,0.0034462237028607717
shapenet_car,0.375,cpg,original,9,11.92624784178204,0.190021630891516,0.4571163339924579,5,5,1.6981990437338266,0.028913216646318022
shapenet_car,0.375,cpg,fast,9,11.92624784178204,0.190021630891516,0.4571163339924579,5,5,1.6981990437338266,0.028913216646318022
shapenet_car,0.375,ca,sampled,9,8.40057705839475,0.027039840704846732,0.029605425421871275,20,20,1.2253149110023729,0.0037187289391745594
shapenet_car,0.375,ca,original,9,9.690080914232466,0.20235387702019914,0.4603863035895542,5,5,1.379809847809664,0.031132961320992126
shapenet_car,0.375,ca,fast,9,9.690080914232466,0.20235387702019914,0.4603863035895542,5,5,1.379809847809664,0.031132961320992126
shapenet_car,0.5,uniform,sampled,9,8.643812065323194,0.008169799741086085,0.024204663255920706,20,20,1.0,0.0
shapenet_car,0.5,uniform,original,9,8.797296716107262,0.042219899208337054,0.07380661928416564,5,5,1.0,0.0
shapenet_car,0.5,uniform,fast,9,8.797296716107262,0.042219899208337054,0.07380661928416564,5,5,1.0,0.0
shapenet_car,0.5,pi,sampled,9,8.77333072324594,0.006247026087889025,0.020829338062969095,20,20,1.014984407853258,0.0007697473306750053
shapenet_car,0.5,pi,original,9,8.928161859512329,0.03850670910546058,0.07150187687679342,5,5,1.0148779462682596,0.000907445540457275
shapenet_car,0.5,pi,fast,9,8.928161859512329,0.03850670910546058,0.07150187687679342,5,5,1.0148779462682596,0.000907445540457275
shapenet_car,0.5,cpg,sampled,9,12.404487530390421,0.025478622615402225,0.022175300138079883,20,20,1.435071674704562,0.0027781441797252214
shapenet_car,0.5,cpg,original,9,13.622212575541603,0.05019540461892451,0.0773769738217109,5,5,1.5484654205410313,0.0040128011163918925
shapenet_car,0.5,cpg,fast,9,13.622212575541603,0.05019540461892451,0.0773769738217109,5,5,1.5484654205410313,0.0040128011163918925
shapenet_car,0.5,ca,sampled,9,10.258518697486984,0.027196245597692858,0.02034162838340612,20,20,1.1868051948233878,0.003061386066567962
shapenet_car,0.5,ca,original,9,11.492729187011719,0.06527716771882695,0.10172926976319377,5,5,1.3063901537436433,0.0025507959983891632
shapenet_car,0.5,ca,fast,9,11.492729187011719,0.06527716771882695,0.10172926976319377,5,5,1.3063901537436433,0.0025507959983891632
shapenet_car,0.75,uniform,sampled,9,12.387644996245703,0.0042380501928717205,0.020960275821353843,20,20,1.0,0.0
shapenet_car,0.75,uniform,original,9,12.532410025596619,0.025349428944596554,0.05145548517115879,5,5,1.0,0.0
shapenet_car,0.75,uniform,fast,9,12.532410025596619,0.025349428944596554,0.05145548517115879,5,5,1.0,0.0
shapenet_car,0.75,pi,sampled,9,12.617800095015102,0.006023444196858419,0.020737708664842903,20,20,1.0185794410803117,0.000439364877116204
shapenet_car,0.75,pi,original,9,12.772833638721043,0.023024450188705126,0.06851350414682644,5,5,1.0191858144145753,0.001718912619122727
shapenet_car,0.75,pi,fast,9,12.772833638721043,0.023024450188705126,0.06851350414682644,5,5,1.0191858144145753,0.001718912619122727
shapenet_car,0.75,cpg,sampled,9,16.25783447590139,0.029278181251284525,0.02706095379246592,20,20,1.312423133813065,0.0021821689265616923
shapenet_car,0.75,cpg,original,9,17.4773966272672,0.03445092804125569,0.06772908998428391,5,5,1.3945785324841389,0.0028219362992952398
shapenet_car,0.75,cpg,fast,9,17.4773966272672,0.03445092804125569,0.06772908998428391,5,5,1.3945785324841389,0.0028219362992952398
shapenet_car,0.75,ca,sampled,9,14.148420095443726,0.029131641816613072,0.02629793271584966,20,20,1.1421393583107249,0.0021716642444693937
shapenet_car,0.75,ca,original,9,15.34661418861813,0.03177254527895516,0.021708948038239376,5,5,1.224558092678012,0.003355048435456921
shapenet_car,0.75,ca,fast,9,15.34661418861813,0.03177254527895516,0.021708948038239376,5,5,1.224558092678012,0.003355048435456921
shapenet_car,1.0,full,sampled,3,16.35883462925752,0.011013495272729549,0.024050667360002154,20,20,1.0,0.0
shapenet_car,1.0,full,original,3,16.35883462925752,0.011013495272729549,0.024050667360002154,20,20,1.0,0.0
shapenet_car,1.0,full,fast,3,16.35883462925752,0.011013495272729549,0.024050667360002154,20,20,1.0,0.0
superwing,0.375,uniform,sampled,9,5.67112776140372,0.0023567929023350664,0.015190628565710223,20,20,1.0,0.0
superwing,0.375,uniform,original,9,5.8682287732760114,0.009656305947297794,0.06637846011769133,5,5,1.0,0.0
superwing,0.375,uniform,fast,9,5.793968670898014,0.006076210045976198,0.06189067397925033,5,5,1.0,0.0
superwing,0.375,pi,sampled,9,5.909405027826627,0.002668027892587311,0.012369531223673938,20,20,1.042015886976468,0.0003393830739314464
superwing,0.375,pi,original,9,6.094720131821102,0.005732140975564209,0.05933308975559699,5,5,1.038597697446709,0.0012346722262658154
superwing,0.375,pi,fast,9,6.013557646009657,0.005367294930131727,0.017123051129679333,5,5,1.0378999588534457,0.0007480238698038342
superwing,0.375,cpg,sampled,9,8.6103572199742,0.006462899939563185,0.027827813475350027,20,20,1.5182796782136923,0.001179203995719674
superwing,0.375,cpg,original,9,146.4776951405737,6.100183440191057,13.14548205611911,5,5,24.961031711364154,1.0345231487362088
superwing,0.375,cpg,fast,9,10.647110475434197,0.26373951466969103,0.01762751154835408,5,5,1.8376086121247373,0.04497471361087516
superwing,0.375,ca,sampled,9,6.658504986100727,0.006795497290731283,0.01851971751887754,20,20,1.174105952998435,0.0010681435084279396
superwing,0.375,ca,original,9,142.28368600209555,4.918186700237532,8.23416195608308,5,5,24.247061003037913,0.8574480551184772
superwing,0.375,ca,fast,9,8.69563039806154,0.27467993214004083,0.0274441233211064,5,5,1.5007952903823099,0.04695186558312378
superwing,0.5,uniform,sampled,9,7.400771644380358,0.004640045300006964,0.017681582796672906,20,20,1.0,0.0
superwing,0.5,uniform,original,9,7.601550387011634,0.01673848318140691,0.07188160739298632,5,5,1.0,0.0
superwing,0.5,uniform,fast,9,7.512011792924669,0.005772288008682775,0.058636925293091544,5,5,1.0,0.0
superwing,0.5,pi,sampled,9,7.744319902526008,0.004887439737656469,0.013275010313305767,20,20,1.0464206308826176,0.0002812556116350192
superwing,0.5,pi,original,9,7.924765017297533,0.009977536515086679,0.06666308665273261,5,5,1.0425227101681234,0.0019571879813689037
superwing,0.5,pi,fast,9,7.83823248412874,0.0064360184720756546,0.016182724002139208,5,5,1.0434266067571687,0.00049472049525782
superwing,0.5,cpg,sampled,9,10.446928234563934,0.007385407305766256,0.022242856593080628,20,20,1.411599966137989,0.0007363451507129652
superwing,0.5,cpg,original,9,197.08318461974463,2.700586764043241,1.6099238344364206,5,5,25.926795872275797,0.358129154532269
superwing,0.5,cpg,fast,9,12.618716061115265,0.35208847200254034,0.022081973839729006,5,5,1.6797921754766756,0.046323328645509296
superwing,0.5,ca,sampled,9,8.487488163842094,0.006278456399274723,0.01882940634900759,20,20,1.1468383631162864,0.0006620096082176123
superwing,0.5,ca,original,9,195.8696941534678,3.8883700560724943,6.458722599002139,5,5,25.767332757865816,0.5231607460034144
superwing,0.5,ca,fast,9,10.651741094059414,0.3486554338608789,0.01677921409052278,5,5,1.4179487749357023,0.04596993266763363
superwing,0.75,uniform,sampled,9,10.483184663785828,0.009775124493936535,0.023413381059851638,20,20,1.0,0.0
superwing,0.75,uniform,original,9,10.664335389931997,0.01611955771943752,0.06436298113978589,5,5,1.0,0.0
superwing,0.75,uniform,fast,9,10.597112112575108,0.025152576942712973,0.05275911332105379,5,5,1.0,0.0
superwing,0.75,pi,sampled,9,10.98661878042751,0.008319607294300995,0.016398795807281565,20,20,1.0480231911271778,0.0003070318720661737
superwing,0.75,pi,original,9,11.153918504714966,0.01893260801978972,0.06775008067316039,5,5,1.0459083783292114,0.0006924309976897517
superwing,0.75,pi,fast,9,11.082231005032858,0.02411244548661352,0.020811629427942274,5,5,1.045779122052146,0.0008408821704465935
superwing,0.75,cpg,sampled,9,13.690323010087013,0.00951840627840681,0.02210824356764031,20,20,1.3059320078455632,0.0005396132881982219
superwing,0.75,cpg,original,9,307.2054205669297,5.266151278093816,7.068617385881765,5,5,28.806752918224202,0.48830583989804277
superwing,0.75,cpg,fast,9,16.03042119079166,0.5443383939560253,0.024311280919899612,5,5,1.5127041056819417,0.05086728328170517
superwing,0.75,ca,sampled,9,11.76276666422685,0.010486514426809508,0.027809288273684698,20,20,1.1220605209118584,0.00037705114083721395
superwing,0.75,ca,original,9,306.8952484263314,4.990334530042803,5.640995761484396,5,5,28.77802462507644,0.48664972910839843
superwing,0.75,ca,fast,9,14.126533104313744,0.5891908775762126,0.023952510052941297,5,5,1.3330129601363325,0.05436861101379939
superwing,1.0,full,sampled,3,13.602072124679884,0.009565779017401518,0.020160035982974323,20,20,1.0,0.0
superwing,1.0,full,original,3,13.602072124679884,0.009565779017401518,0.020160035982974323,20,20,1.0,0.0
superwing,1.0,full,fast,3,13.602072124679884,0.009565779017401518,0.020160035982974323,20,20,1.0,0.0
driverml,0.375,uniform,sampled,9,1726.6897870434655,46.39971199527611,2.3598812972508907,5,5,1.0,0.0
driverml,0.375,uniform,original,9,1733.9924919936393,47.96518509041781,5.468416161720552,5,5,1.0,0.0
driverml,0.375,uniform,fast,9,1733.9924919936393,47.96518509041781,5.468416161720552,5,5,1.0,0.0
driverml,0.375,pi,sampled,9,1758.6271481381523,47.58308331136325,2.723859216381645,5,5,1.0184920372870239,0.0007649794390214994
driverml,0.375,pi,original,9,1763.796406487624,49.37992174855952,4.28870722803991,5,5,1.0171822923851606,0.002563930804276641
driverml,0.375,pi,fast,9,1763.796406487624,49.37992174855952,4.28870722803991,5,5,1.0171822923851606,0.002563930804276641
driverml,0.375,cpg,sampled,9,2228.1711262133385,61.15964218757143,6.1863678625958745,5,5,1.2904120775926753,0.0018128095281923834
driverml,0.375,cpg,original,9,2237.594109773636,64.66373006354273,8.441283347709366,5,5,1.2903965074721677,0.005010709235262153
driverml,0.375,cpg,fast,9,2237.594109773636,64.66373006354273,8.441283347709366,5,5,1.2903965074721677,0.005010709235262153
driverml,0.375,ca,sampled,9,1765.020355085532,46.587357734313606,4.62299035170169,5,5,1.0222126410231551,0.0022924999254225345
driverml,0.375,ca,original,9,1771.915334628688,47.74202400864997,9.419822921103789,5,5,1.02189104075141,0.0025016364182493104
driverml,0.375,ca,fast,9,1771.915334628688,47.74202400864997,9.419822921103789,5,5,1.02189104075141,0.0025016364182493104
driverml,0.5,uniform,sampled,9,2306.921061542299,62.09557810650242,3.1013241783769083,5,5,1.0,0.0
driverml,0.5,uniform,original,9,2311.05563905504,62.495435913084556,6.226892311990418,5,5,1.0,0.0
driverml,0.5,uniform,fast,9,2311.05563905504,62.495435913084556,6.226892311990418,5,5,1.0,0.0
driverml,0.5,pi,sampled,9,2347.093646725019,62.232457768202266,2.4719492076499687,5,5,1.0174243520584463,0.0010458218329227919
driverml,0.5,pi,original,9,2353.2098116146194,65.11932559722737,7.878407326435845,5,5,1.0182254682814476,0.0016211752598926292
driverml,0.5,pi,fast,9,2353.2098116146194,65.11932559722737,7.878407326435845,5,5,1.0182254682814476,0.0016211752598926292
driverml,0.5,cpg,sampled,9,2825.188055800067,74.33246765398376,12.523085463283527,5,5,1.2246779810727597,0.0025818362006957743
driverml,0.5,cpg,original,9,2834.8133568962417,76.58756021552037,10.127311179234265,5,5,1.2266350140920368,0.002540348237446124
driverml,0.5,cpg,fast,9,2834.8133568962417,76.58756021552037,10.127311179234265,5,5,1.2266350140920368,0.002540348237446124
driverml,0.5,ca,sampled,9,2345.7145189245543,59.57831153259225,9.241392253504163,5,5,1.0168553441453512,0.0025921847083523446
driverml,0.5,ca,original,9,2359.3529269099236,61.22104649787399,11.515860893099761,5,5,1.0209304095839071,0.0038248413625997586
driverml,0.5,ca,fast,9,2359.3529269099236,61.22104649787399,11.515860893099761,5,5,1.0209304095839071,0.0038248413625997586
driverml,0.75,uniform,sampled,9,3460.838728977574,97.04900830201876,5.26585859283601,5,5,1.0,0.0
driverml,0.75,uniform,original,9,3465.517890950044,100.52956225356498,5.894666840566992,5,5,1.0,0.0
driverml,0.75,uniform,fast,9,3465.517890950044,100.52956225356498,5.894666840566992,5,5,1.0,0.0
driverml,0.75,pi,sampled,9,3520.5795182122124,97.20831011549362,9.1043079148547,5,5,1.0172742531573995,0.0015590693900279084
driverml,0.75,pi,original,9,3524.239938954512,102.68224950173538,3.9142558110047556,5,5,1.0169429606195226,0.0015048949048902358
driverml,0.75,pi,fast,9,3524.239938954512,102.68224950173538,3.9142558110047556,5,5,1.0169429606195226,0.0015048949048902358
driverml,0.75,cpg,sampled,9,4005.8358568284248,109.64844670910894,6.3470553307325455,5,5,1.1574964415063542,0.0020093523206315676
driverml,0.75,cpg,original,9,4011.8339833286072,117.9908999459058,6.715146950920829,5,5,1.1576343734478944,0.002577404299252722
driverml,0.75,cpg,fast,9,4011.8339833286072,117.9908999459058,6.715146950920829,5,5,1.1576343734478944,0.002577404299252722
driverml,0.75,ca,sampled,9,3505.4699179199006,94.40865787622425,7.011748383888541,5,5,1.0129255439797373,0.0018575378931605796
driverml,0.75,ca,original,9,3507.996492087841,93.80137930757877,13.369762661007433,5,5,1.0123194581155055,0.003132503117516646
driverml,0.75,ca,fast,9,3507.996492087841,93.80137930757877,13.369762661007433,5,5,1.0123194581155055,0.003132503117516646
driverml,1.0,full,sampled,3,4601.472603778045,140.12870068097848,5.1887417743353375,5,5,1.0,0.0
driverml,1.0,full,original,3,4601.472603778045,140.12870068097848,5.1887417743353375,5,5,1.0,0.0
driverml,1.0,full,fast,3,4601.472603778045,140.12870068097848,5.1887417743353375,5,5,1.0,0.0
