benchmark,metric,method,budget_percent,normalized_mean,normalized_std,fullmesh_mean_error,raw_mean_error,raw_std_error,n_seeds,sample_count,mean_at_or_below_fullmesh
airfoil2d,field,uniform,37.5,3.015947865294304,0.21661840687505926,0.00511752859640037,0.015434199445896251,0.0011085508916898062,3,110,False
airfoil2d,field,uniform,50.0,2.235202921567434,0.03534902255568924,0.00511752859640037,0.011438714869878996,0.00018089963378354137,3,110,False
airfoil2d,field,uniform,75.0,1.4641289863334335,0.026880855819176076,0.00511752859640037,0.007492721956380032,0.00013756354835034885,3,110,False
airfoil2d,field,pi,37.5,1.6447277517059948,0.007358450436261193,0.00511752859640037,0.008416941302648716,3.765708053276143e-05,3,110,False
airfoil2d,field,pi,50.0,1.3418845674166109,0.011257979000046417,0.00511752859640037,0.006867132646822846,5.7613029470412376e-05,3,110,False
airfoil2d,field,pi,75.0,1.0621806231688948,0.008338406498362665,0.00511752859640037,0.005435739713609185,4.2672033703781615e-05,3,110,False
airfoil2d,field,cpg,37.5,1.503873353105785,0.02723219878000396,0.00511752859640037,0.007696114889883366,0.00013936155599952952,3,110,False
airfoil2d,field,cpg,50.0,1.2571178356839006,0.013737836059466471,0.00511752859640037,0.006433336473157303,7.030376888697984e-05,3,110,False
airfoil2d,field,cpg,75.0,1.0477015230408773,0.004170566172898859,0.00511752859640037,0.0053616425046539105,2.1342991652989958e-05,3,110,False
airfoil2d,field,ca,37.5,1.4335227111757298,0.011998056679801528,0.00511752859640037,0.007336093468031185,6.140039816011679e-05,3,110,False
airfoil2d,field,ca,50.0,1.1895617637953924,0.01877046552455337,0.00511752859640037,0.006087616343407383,9.605839408964913e-05,3,110,False
airfoil2d,field,ca,75.0,1.0261577208512545,0.00743028372281245,0.00511752859640037,0.005251391480873322,3.802468943086091e-05,3,110,False
pipe,field,uniform,37.5,2.2391411141512565,0.051366961513046705,0.004833503500558436,0.010822896413494416,0.00024828238828636173,3,200,False
pipe,field,uniform,50.0,1.8001711759584198,0.036796582109703935,0.004833503500558436,0.008701133680599419,0.0001778564084358399,3,200,False
pipe,field,uniform,75.0,1.3436261952520723,0.009333017791182422,0.004833503500558436,0.006494421918192904,4.51111741644544e-05,3,200,False
pipe,field,pi,37.5,1.944693270814877,0.029774710418372624,0.004833503500558436,0.009399681731996143,0.00014391616703531782,3,200,False
pipe,field,pi,50.0,1.5469363808465828,0.010005488903545755,0.004833503500558436,0.007477122411963156,4.8361565640087e-05,3,200,False
pipe,field,pi,75.0,1.2050560041388476,0.006331990381195626,0.004833503500558436,0.005824642414374081,3.0605697673011406e-05,3,200,False
pipe,field,cpg,37.5,1.29301452641289,0.015800266288863034,0.004833503500558436,0.006249790239689613,7.637064241697492e-05,3,200,False
pipe,field,cpg,50.0,1.1785081618064526,0.003951104044775989,0.004833503500558436,0.005696323325528176,1.9097675231495338e-05,3,200,False
pipe,field,cpg,75.0,1.0547014273658906,0.0024302356766061654,0.004833503500558436,0.005097903041217011,1.17465526500579e-05,3,200,False
pipe,field,ca,37.5,1.3167194254114025,0.012469218582162468,0.004833503500558436,0.006364367951979306,6.027001166611059e-05,3,200,False
pipe,field,ca,50.0,1.2509630202227797,0.007497007979258324,0.004833503500558436,0.00604653413731596,3.6236814311459636e-05,3,200,False
pipe,field,ca,75.0,1.1054628555743535,0.0028465433829131114,0.004833503500558436,0.005343258582155962,1.3758777405801977e-05,3,200,False
darcy,field,uniform,37.5,2.0945227179529913,0.04347830522626661,0.00987936935503967,0.02069256355317918,0.0004295382362614395,3,200,False
darcy,field,uniform,50.0,1.7839915468631526,0.02830648021236409,0.00987936935503967,0.017624711417729647,0.0002796501731590666,3,200,False
darcy,field,uniform,75.0,1.3214906181721096,0.011864695138481353,0.00987936935503967,0.01305549391614197,0.00011721570555800083,3,200,False
darcy,field,pi,37.5,2.133054639850857,0.05209530791760823,0.00987936935503967,0.02107323464156774,0.0005146687885825743,3,200,False
darcy,field,pi,50.0,1.7702596902862189,0.017838117785949337,0.00987936935503967,0.01748904933467569,0.00017622935420609598,3,200,False
darcy,field,pi,75.0,1.3044597200485073,0.007720348397426071,0.00987936935503967,0.01288723938313085,7.627217336776076e-05,3,200,False
darcy,field,cpg,37.5,1.1256590090555025,0.012156164307785681,0.00987936935503967,0.011120801118287255,0.00012009523713716488,3,200,False
darcy,field,cpg,50.0,1.0931703988238415,0.0025682721884848986,0.00987936935503967,0.010799834137976754,2.5372909554318375e-05,3,200,False
darcy,field,cpg,75.0,1.0353821016123583,0.00517082905337692,0.00987936935503967,0.010228922205425704,5.108453009008073e-05,3,200,False
darcy,field,ca,37.5,1.1237098746372751,0.006126050295756576,0.00987936935503967,0.011101544899446966,6.052151355932923e-05,3,200,False
darcy,field,ca,50.0,1.0902301495872693,0.0035321809436401506,0.00987936935503967,0.010770786329772783,3.489572017105361e-05,3,200,False
darcy,field,ca,75.0,1.0313973604825422,0.003440647341023531,0.00987936935503967,0.010189555476020032,3.39914259024066e-05,3,200,False
elasticity,field,uniform,37.5,15.68846544067572,0.3305750335037648,0.00768238679039833,0.12052485966306788,0.0025396052706248085,3,200,False
elasticity,field,uniform,50.0,11.056430562609057,0.1468663189114589,0.00768238679039833,0.0849397761031442,0.0011282838683598204,3,200,False
elasticity,field,uniform,75.0,5.881267812525468,0.06296453381428897,0.00768238679039833,0.04518217415374054,0.00048371790283848257,3,200,False
elasticity,field,pi,37.5,11.017813702154694,0.12713282638622128,0.00768238679039833,0.08464310644450294,0.0009766835460555106,3,200,False
elasticity,field,pi,50.0,8.047861830487637,0.0715383281555562,0.00768238679039833,0.061826787417489155,0.000549585107229426,3,200,False
elasticity,field,pi,75.0,4.484534723383233,0.02497567620104624,0.00768238679039833,0.03445193032000198,0.0001918728049281836,3,200,False
elasticity,field,cpg,37.5,7.857612048095874,0.12125113744237953,0.00768238679039833,0.06036521500236652,0.0009314981366081089,3,200,False
elasticity,field,cpg,50.0,5.293314416911851,0.1254856567310162,0.00768238679039833,0.040665288753908645,0.0009640293516548181,3,200,False
elasticity,field,cpg,75.0,2.321250739058396,0.045445396762459365,0.00768238679039833,0.01783274601494458,0.0003491291157723289,3,200,False
elasticity,field,ca,37.5,8.788289675899039,0.10608550629602317,0.00768238679039833,0.0675150405163208,0.0008149898922212873,3,200,False
elasticity,field,ca,50.0,6.150031071419224,0.04974476615195021,0.00768238679039833,0.04724691746361034,0.0003821585343771963,3,200,False
elasticity,field,ca,75.0,2.957010581424702,0.021039997445394597,0.00768238679039833,0.022716899029805216,0.00016163739844451407,3,200,False
plasticity2d,field,uniform,37.5,1.2967550521122453,0.010360847947124099,0.049436508941083916,0.06410704272814276,0.0005122041521752115,3,80,False
plasticity2d,field,uniform,50.0,1.1419491000559796,0.012894164052735232,0.049436508941083916,0.05645397689518016,0.0006374424564808481,3,80,False
plasticity2d,field,uniform,75.0,1.0386889171374998,0.006068739327596113,0.049436508941083916,0.05134915393907278,0.0003000172860298128,3,80,False
plasticity2d,field,pi,37.5,1.0290462720111266,0.002163736271619067,0.049436508941083916,0.05087245522706713,0.00010696756753804359,3,80,False
plasticity2d,field,pi,50.0,1.004869399890344,0.0004855703574507122,0.049436508941083916,0.04967723507230062,2.4004903317637446e-05,3,80,False
plasticity2d,field,pi,75.0,1.0001836547511114,0.0008966181783492379,0.049436508941083916,0.04944558819082931,4.4325672590700474e-05,3,80,False
plasticity2d,field,cpg,37.5,1.0151005629326562,0.0008985587753336689,0.049436508941083916,0.05018302805551957,4.442160893087234e-05,3,80,False
plasticity2d,field,cpg,50.0,1.0082620187821976,0.0002585011170746664,0.049436508941083916,0.04984495430648143,1.2779392785541924e-05,3,80,False
plasticity2d,field,cpg,75.0,1.0026057847720196,0.0006357779981549541,0.049436508941083916,0.0495653298432644,3.143064469033182e-05,3,80,False
plasticity2d,field,ca,37.5,1.028611947167395,0.0026283307909510077,0.049436508941083916,0.05085098372304666,0.00012993549864697565,3,80,False
plasticity2d,field,ca,50.0,1.0076391251321282,0.001953671671935967,0.049436508941083916,0.049814160618980426,9.65827070776048e-05,3,80,False
plasticity2d,field,ca,75.0,0.9992087106308101,0.0002753670602839589,0.049436508941083916,0.049397390357108974,1.361318613780793e-05,3,80,True
shapenet_car,field,uniform,37.5,2.9472347381451436,0.013497734152632185,0.06270938718808906,0.1848192843285301,0.0008464346371393049,3,100,False
shapenet_car,field,uniform,50.0,2.441442966150908,0.019234149648969433,0.06270938718808906,0.1531013922619939,0.0012061617375708714,3,100,False
shapenet_car,field,uniform,75.0,1.665867856777053,0.0024673127054124465,0.06270938718808906,0.10446555243482432,0.00015472366775780064,3,100,False
shapenet_car,field,pi,37.5,1.739376962214748,0.0024931281065597426,0.06270938718808906,0.10907526338956679,0.00015634253574376228,3,100,False
shapenet_car,field,pi,50.0,1.3540179205108505,0.0018889447152863669,0.06270938718808906,0.08490963403692613,0.00011845456552778744,3,100,False
shapenet_car,field,pi,75.0,1.108934175006841,0.0007041854461863395,0.06270938718808906,0.06954058254660812,4.415903779711642e-05,3,100,False
shapenet_car,field,cpg,37.5,1.5434511719301216,0.0018057471638692566,0.06270938718808906,0.09678887714647581,0.00011323729806287092,3,100,False
shapenet_car,field,cpg,50.0,1.3004416020573406,0.0018007217004415035,0.06270938718808906,0.08154989593891261,0.00011292215433098037,3,100,False
shapenet_car,field,cpg,75.0,1.0708304795008623,0.0005308689720212494,0.06270938718808906,0.06715112315182664,3.329046791262335e-05,3,100,False
shapenet_car,field,ca,37.5,1.543386690187847,0.0021546837280394192,0.06270938718808906,0.09678483353593297,0.00013511889616949914,3,100,False
shapenet_car,field,ca,50.0,1.3005957764794784,0.001962452807145977,0.06270938718808906,0.08155956412244496,0.00012306421292166935,3,100,False
shapenet_car,field,ca,75.0,1.0709143001924584,0.0004847816188610599,0.06270938718808906,0.06715637949603032,3.0400358238826824e-05,3,100,False
driverml,pressure,uniform,37.5,1.358468603103824,0.0005368072478020773,0.05522662210431371,0.07502363218418982,2.9646051017222013e-05,3,50,False
driverml,pressure,uniform,50.0,1.2819827953651324,2.4453789576238004e-05,0.05522662210431371,0.0707995793838619,1.350500195945302e-06,3,50,False
driverml,pressure,uniform,75.0,1.1567670392319969,0.0004386009386550573,0.05522662210431371,0.06388433613839133,2.422244829370013e-05,3,50,False
driverml,pressure,pi,37.5,1.1992613684989106,0.00012344235849126684,0.05522662210431371,0.06623115440239145,6.817304484062414e-06,3,50,False
driverml,pressure,pi,50.0,1.1202233731748314,0.0001660042856057474,0.05522662210431371,0.06186615290274602,9.167855948845175e-06,3,50,False
driverml,pressure,pi,75.0,1.0407954130341468,3.2489221240158396e-05,0.05522662210431371,0.05747961496353993,1.7942699438936704e-06,3,50,False
driverml,pressure,cpg,37.5,1.068635050660975,0.00016030735534429462,0.05522662210431371,0.05901710411027781,8.853233734141294e-06,3,50,False
driverml,pressure,cpg,50.0,1.0368551486061444,4.893323358337848e-05,0.05522662210431371,0.05726200746898358,2.702417199451356e-06,3,50,False
driverml,pressure,cpg,75.0,1.0099897340927675,3.266055653939594e-05,0.05522662210431371,0.05577832137397756,1.8037322137177914e-06,3,50,False
driverml,pressure,ca,37.5,1.0761910281684748,0.0003510629174555861,0.05522662210431371,0.05943439522471319,1.9388019077157532e-05,3,50,False
driverml,pressure,ca,50.0,1.0394749787326558,0.00021088887053432356,0.05522662210431371,0.057406691837357915,1.1646679959004627e-05,3,50,False
driverml,pressure,ca,75.0,1.0089104158099442,5.0422076753004213e-05,0.05522662210431371,0.05571871427104181,2.784640978552865e-06,3,50,False
superwing,field,uniform,37.5,2.165506482689734,0.0007610169229722858,0.017623285703116574,0.03816333943639225,1.3411618658447251e-05,3,2871,False
superwing,field,uniform,50.0,1.8006658033338385,0.0002854846317362364,0.017623285703116574,0.03173364790798416,5.031177228936715e-06,3,2871,False
superwing,field,uniform,75.0,1.3660302279518697,0.001270661642964828,0.017623285703116574,0.02407394098628926,2.239323316596067e-05,3,2871,False
superwing,field,pi,37.5,1.517617818981548,0.0023650560193124873,0.017623285703116574,0.02674541241205247,4.1680057932219556e-05,3,2871,False
superwing,field,pi,50.0,1.3343946438562866,0.002273489488825682,0.017623285703116574,0.023516418049387828,4.0066354804607446e-05,3,2871,False
superwing,field,pi,75.0,1.1349016415788025,0.0010077677322866368,0.017623285703116574,0.02000069587447924,1.7760178668469298e-05,3,2871,False
superwing,field,cpg,37.5,1.4669676027735283,0.0017900469356435648,0.017623285703116574,0.025852789180893915,3.154650856883487e-05,3,2871,False
superwing,field,cpg,50.0,1.1276844318972388,0.003989035316089176,0.017623285703116574,0.019873504926281746,7.029990905526147e-05,3,2871,False
superwing,field,cpg,75.0,1.0283679936980519,0.0035994773992437685,0.017623285703116574,0.018123222960881553,6.343461858878393e-05,3,2871,False
superwing,field,ca,37.5,1.584608532594091,0.0026919658414467857,0.017623285703116574,0.027926008897501978,4.744128312684732e-05,3,2871,False
superwing,field,ca,50.0,1.2377436017617225,0.003312837529282959,0.017623285703116574,0.021813109121051378,5.8383082266560405e-05,3,2871,False
superwing,field,ca,75.0,1.0551475716287722,0.004046201309446249,0.017623285703116574,0.018595167113763512,7.130736168869565e-05,3,2871,False
airfoil2d,cdcl,uniform,37.5,58.61774333174827,87.21248422820449,0.01521041503537811,0.8916002045131589,1.3265380813773577,3,110,False
airfoil2d,cdcl,uniform,50.0,3.2751783973455897,1.6987301729447761,0.01521041503537811,0.04981682273853094,0.02583839096360968,3,110,False
airfoil2d,cdcl,uniform,75.0,1.2812248520626695,0.20634355383386235,0.01521041503537811,0.01948796175351412,0.0031385710936879326,3,110,False
airfoil2d,cdcl,pi,37.5,1.3222861690111283,0.5461204359507614,0.01521041503537811,0.020112521426199386,0.00830671849011271,3,110,False
airfoil2d,cdcl,pi,50.0,1.1190514284584316,0.14039459924508016,0.01521041503537811,0.01702123667278548,0.0021354601232432516,3,110,False
airfoil2d,cdcl,pi,75.0,1.0664810786867953,0.12327174653625168,0.01521041503537811,0.016221619834203897,0.001875014426952322,3,110,False
airfoil2d,cdcl,cpg,37.5,1.223302974629503,0.19954103066727463,0.01521041503537811,0.01860694595812736,0.0030351018930363585,3,110,False
airfoil2d,cdcl,cpg,50.0,1.2666574722038044,0.06236529390970602,0.01521041503537811,0.019266385859882777,0.0009486020041699673,3,110,False
airfoil2d,cdcl,cpg,75.0,1.0774575344694919,0.04079222863406416,0.01521041503537811,0.016388576282276187,0.000620466727742151,3,110,False
airfoil2d,cdcl,ca,37.5,1.6031259489466982,0.39158623723240715,0.01521041503537811,0.02438421103746366,0.005956189190446945,3,110,False
airfoil2d,cdcl,ca,50.0,1.1552465417254656,0.26442258020268006,0.01521041503537811,0.017571779367829585,0.004021977189608319,3,110,False
airfoil2d,cdcl,ca,75.0,1.184117495512128,0.14696523545322338,0.01521041503537811,0.018010918557391946,0.002235402227015593,3,110,False
shapenet_car,cd,uniform,37.5,2.115567514956793,0.011336660660711937,0.013986229391348115,0.029588812557069993,0.00015855713653258922,3,100,False
shapenet_car,cd,uniform,50.0,1.6336356262052754,0.04622510637844948,0.013986229391348115,0.022848402609985604,0.0006465149414484634,3,100,False
shapenet_car,cd,uniform,75.0,1.1273562307513172,0.07676692630889455,0.013986229391348115,0.0157674628490535,0.0010736798410249159,3,100,False
shapenet_car,cd,pi,37.5,1.0282125787462644,0.03175787330648063,0.013986229391348115,0.014380816989414841,0.00044417290104580915,3,100,False
shapenet_car,cd,pi,50.0,0.9759960441148238,0.000989363208211434,0.013986229391348115,0.01365050455803824,1.3837460781405224e-05,3,100,True
shapenet_car,cd,pi,75.0,1.0631154937753813,0.0063771989665354955,0.013986229391348115,0.0148689771654388,8.919296762023357e-05,3,100,False
shapenet_car,cd,cpg,37.5,1.013882963078109,0.004099578143757658,0.013986229391348115,0.014180399697590164,5.7337640326351706e-05,3,100,False
shapenet_car,cd,cpg,50.0,1.004791156511116,0.0026696557109104958,0.013986229391348115,0.014053239605362434,3.733841716871672e-05,3,100,False
shapenet_car,cd,cpg,75.0,0.9870184488486086,0.0020596375737610183,0.013986229391348115,0.013804666439089236,2.8806563569661277e-05,3,100,True
shapenet_car,cd,ca,37.5,1.015456274033154,0.003181531024830375,0.013986229391348115,0.014202404385511345,4.449762272896848e-05,3,100,False
shapenet_car,cd,ca,50.0,1.0060348754386697,0.0018804124412094502,0.013986229391348115,0.01407063454358156,2.629987975310027e-05,3,100,False
shapenet_car,cd,ca,75.0,0.9863505896079634,0.002299633081764043,0.013986229391348115,0.01379532560654844,3.21631957974847e-05,3,100,True
driverml,cd,uniform,37.5,1.1140003176049638,0.009823626655802555,0.009504592225585511,0.01058811875800793,9.336956553979556e-05,3,50,False
driverml,cd,uniform,50.0,1.0972706073914211,0.003581848674084055,0.009504592225585511,0.010429109684375994,3.404401106092308e-05,3,50,False
driverml,cd,uniform,75.0,1.0508446526908561,0.0020407188410116357,0.009504592225585511,0.009987849916263617,1.939620043088507e-05,3,50,False
driverml,cd,pi,37.5,1.0094300141019183,0.0006821281249295445,0.009504592225585511,0.009594220664305765,6.483349673058571e-06,3,50,False
driverml,cd,pi,50.0,1.003344687206852,0.0010266099552273438,0.009504592225585511,0.009536382113608773,9.757508999162502e-06,3,50,False
driverml,cd,pi,75.0,0.9985082610508659,0.0005804083946653301,0.009504592225585511,0.009490413855166968,5.516545115600663e-06,3,50,True
driverml,cd,cpg,37.5,0.9975668725066718,0.0026430119624263073,0.009504592225585511,0.009481466340928566,2.5120750950206587e-05,3,50,True
driverml,cd,cpg,50.0,0.9991799149009262,0.0010951043272403155,0.009504592225585511,0.009496797651128536,1.0408520074893356e-05,3,50,True
driverml,cd,cpg,75.0,0.9989173406966473,0.00033865296798508857,0.009504592225585511,0.009494301990387907,3.218758366682532e-06,3,50,True
driverml,cd,ca,37.5,1.0067155430080919,0.0018976007243871522,0.009504592225585511,0.009568420723450806,1.803592109227556e-05,3,50,False
driverml,cd,ca,50.0,1.003324937464975,0.0011535035765232187,0.009504592225585511,0.00953619440036567,1.0963581125607667e-05,3,50,False
driverml,cd,ca,75.0,0.9993641079307373,0.00017448216734772002,0.009504592225585511,0.009498548330767685,1.65838185127645e-06,3,50,True
superwing,cdcl,uniform,37.5,1.5517511672171234,0.01344895235752889,0.005408475988296277,0.008392608927704532,7.27383358934356e-05,3,2563,False
superwing,cdcl,uniform,50.0,1.3050369227617535,0.01095445133310342,0.005408475988296277,0.007058260860597007,5.924688700004999e-05,3,2563,False
superwing,cdcl,uniform,75.0,1.0596401506542492,0.006518809836619065,0.005408475988296277,0.005731038311048156,3.525682647362379e-05,3,2563,False
superwing,cdcl,pi,37.5,1.109389849685701,0.01487235193793562,0.005408475988296277,0.0060001083636847296,8.04367583458164e-05,3,2563,False
superwing,cdcl,pi,50.0,1.0453113403151704,0.004738158106392947,0.005408475988296277,0.005653541284388396,2.5626214347177606e-05,3,2563,False
superwing,cdcl,pi,75.0,1.004874879804769,0.0020871158118386103,0.005408475988296277,0.005434841658666201,1.1288115753122613e-05,3,2563,False
superwing,cdcl,cpg,37.5,1.0469184474932791,0.004468093578533478,0.005408475988296277,0.005662233284971816,2.41655768329591e-05,3,2563,False
superwing,cdcl,cpg,50.0,1.0129555161636963,0.005301992995121858,0.005408475988296277,0.005478545586383612,2.8675701804231627e-05,3,2563,False
superwing,cdcl,cpg,75.0,1.0012510671267765,0.0005993571093777391,0.005408475988296277,0.005415242354811194,3.241608534484167e-06,3,2563,False
superwing,cdcl,ca,37.5,1.1070528544165614,0.002774190057158375,0.005408475988296277,0.005987468780886826,1.5004140311111346e-05,3,2563,False
superwing,cdcl,ca,50.0,1.0291162729513934,0.0031375841930278187,0.005408475988296277,0.005565950651422569,1.6969548769248908e-05,3,2563,False
superwing,cdcl,ca,75.0,1.0006536052869035,0.001557743597732987,0.005408475988296277,0.0054120109967963174,8.425018844261114e-06,3,2563,False
