method,sample_id,seed,budget_fraction,selected_count,pressure_field_relative_l2
ca,1640,6,0.375,4227,0.012452820227107995
ca,1640,6,0.5,5636,0.009595394572673013
ca,1640,6,0.75,8453,0.007899904700395232
ca,1640,7,0.375,4227,0.010505498115594966
ca,1640,7,0.5,5636,0.009298801311788021
ca,1640,7,0.75,8453,0.0076847149807392915
ca,1640,8,0.375,4227,0.013051105694376997
ca,1640,8,0.5,5636,0.010811876493112972
ca,1640,8,0.75,8453,0.007533738237629585
ca,2067,6,0.375,4227,0.003207452167556397
ca,2067,6,0.5,5636,0.003106064574354066
ca,2067,6,0.75,8453,0.0028617649607252968
ca,2067,7,0.375,4227,0.004053861740270133
ca,2067,7,0.5,5636,0.0029606557057586832
ca,2067,7,0.75,8453,0.0027916007684291944
ca,2067,8,0.375,4227,0.003790208319210802
ca,2067,8,0.5,5636,0.0027993331031860606
ca,2067,8,0.75,8453,0.00295884556181393
ca,1845,6,0.375,4227,0.010839062405613385
ca,1845,6,0.5,5636,0.010236424621446822
ca,1845,6,0.75,8453,0.010451119669898935
ca,1845,7,0.375,4227,0.011462547077652737
ca,1845,7,0.5,5636,0.011162144152380524
ca,1845,7,0.75,8453,0.010694302597969305
ca,1845,8,0.375,4227,0.010404628919448048
ca,1845,8,0.5,5636,0.009757709168913628
ca,1845,8,0.75,8453,0.010220406299439556
ca,1426,6,0.375,4227,0.005244187985996742
ca,1426,6,0.5,5636,0.0058240617497151885
ca,1426,6,0.75,8453,0.00657518084010522
ca,1426,7,0.375,4227,0.005970493110151515
ca,1426,7,0.5,5636,0.005533790597837301
ca,1426,7,0.75,8453,0.006575639784192352
ca,1426,8,0.375,4227,0.006075177635852349
ca,1426,8,0.5,5636,0.005609819675853509
ca,1426,8,0.75,8453,0.006098228415532347
ca,1756,6,0.375,4227,0.003451899540678274
ca,1756,6,0.5,5636,0.003141378186756942
ca,1756,6,0.75,8453,0.002894631247676472
ca,1756,7,0.375,4227,0.004897891350358652
ca,1756,7,0.5,5636,0.0034474549731024974
ca,1756,7,0.75,8453,0.0027747954118408137
ca,1756,8,0.375,4227,0.004981789932653614
ca,1756,8,0.5,5636,0.0041466947825400625
ca,1756,8,0.75,8453,0.0031575365070028684
ca,1919,6,0.375,4227,0.004475770799579111
ca,1919,6,0.5,5636,0.003558983584500832
ca,1919,6,0.75,8453,0.003021661744869682
ca,1919,7,0.375,4227,0.0054375991766176515
ca,1919,7,0.5,5636,0.004323734736224184
ca,1919,7,0.75,8453,0.003610927695224474
ca,1919,8,0.375,4227,0.004950364588861957
ca,1919,8,0.5,5636,0.005313390377342008
ca,1919,8,0.75,8453,0.003547069185704497
ca,1684,6,0.375,4227,0.006370952274565196
ca,1684,6,0.5,5636,0.00592014931923982
ca,1684,6,0.75,8453,0.006277115763522718
ca,1684,7,0.375,4227,0.006396044733276722
ca,1684,7,0.5,5636,0.006991042456382503
ca,1684,7,0.75,8453,0.006296119886942194
ca,1684,8,0.375,4227,0.005989992556475504
ca,1684,8,0.5,5636,0.006500730493281534
ca,1684,8,0.75,8453,0.006396622137339546
ca,1581,6,0.375,4227,0.004069512516550066
ca,1581,6,0.5,5636,0.0037934045345362592
ca,1581,6,0.75,8453,0.0023274420976718336
ca,1581,7,0.375,4227,0.0046483545036262374
ca,1581,7,0.5,5636,0.0033408583225828996
ca,1581,7,0.75,8453,0.0026248479634020396
ca,1581,8,0.375,4227,0.00413818190015923
ca,1581,8,0.5,5636,0.0034480481540310253
ca,1581,8,0.75,8453,0.0024740039245327583
ca,2425,6,0.375,4227,0.009134102610077344
ca,2425,6,0.5,5636,0.008209479355902103
ca,2425,6,0.75,8453,0.007430491339332995
ca,2425,7,0.375,4227,0.010356676096555766
ca,2425,7,0.5,5636,0.00867513346414993
ca,2425,7,0.75,8453,0.006584952691167865
ca,2425,8,0.375,4227,0.008640960980567181
ca,2425,8,0.5,5636,0.007384927504148822
ca,2425,8,0.75,8453,0.006912499286516468
ca,2265,6,0.375,4227,0.003076392148899848
ca,2265,6,0.5,5636,0.002908692504354628
ca,2265,6,0.75,8453,0.002668802825255039
ca,2265,7,0.375,4227,0.0034503397449095275
ca,2265,7,0.5,5636,0.0030907456368403315
ca,2265,7,0.75,8453,0.0027235240440456557
ca,2265,8,0.375,4227,0.002975603323547726
ca,2265,8,0.5,5636,0.0028720855201316083
ca,2265,8,0.75,8453,0.002694260044836388
ca,1661,6,0.375,4227,0.007300223844436583
ca,1661,6,0.5,5636,0.009403858385199283
ca,1661,6,0.75,8453,0.009789172716211532
ca,1661,7,0.375,4227,0.009434572465509213
ca,1661,7,0.5,5636,0.00986318771069573
ca,1661,7,0.75,8453,0.010530504863486945
ca,1661,8,0.375,4227,0.01246318535442455
ca,1661,8,0.5,5636,0.011672808957045302
ca,1661,8,0.75,8453,0.010961731786838045
ca,2031,6,0.375,4227,0.0025268577907046723
ca,2031,6,0.5,5636,0.0019721386256389643
ca,2031,6,0.75,8453,0.0034868267139982487
ca,2031,7,0.375,4227,0.003092187479018153
ca,2031,7,0.5,5636,0.002367944240766013
ca,2031,7,0.75,8453,0.002935977916808621
ca,2031,8,0.375,4227,0.002742655985596505
ca,2031,8,0.5,5636,0.002885965461541101
ca,2031,8,0.75,8453,0.0027732722355370055
cpg,1640,6,0.375,4227,0.011668502440671165
cpg,1640,6,0.5,5636,0.01110025740984792
cpg,1640,6,0.75,8453,0.007774582603914865
cpg,1640,7,0.375,4227,0.01247013229862484
cpg,1640,7,0.5,5636,0.010956073431583368
cpg,1640,7,0.75,8453,0.007933337038370139
cpg,1640,8,0.375,4227,0.00935316599499112
cpg,1640,8,0.5,5636,0.010898192526645074
cpg,1640,8,0.75,8453,0.0075184313268977475
cpg,2067,6,0.375,4227,0.0038151142363522256
cpg,2067,6,0.5,5636,0.0026278658395962424
cpg,2067,6,0.75,8453,0.0029270983245243743
cpg,2067,7,0.375,4227,0.005623247804355839
cpg,2067,7,0.5,5636,0.0067110117541661
cpg,2067,7,0.75,8453,0.0029631368376664825
cpg,2067,8,0.375,4227,0.006379656750426106
cpg,2067,8,0.5,5636,0.004230257437889728
cpg,2067,8,0.75,8453,0.0031394524322548656
cpg,1845,6,0.375,4227,0.01013904209154134
cpg,1845,6,0.5,5636,0.009996069210029932
cpg,1845,6,0.75,8453,0.010257610635962141
cpg,1845,7,0.375,4227,0.010407270049613468
cpg,1845,7,0.5,5636,0.010502758210884953
cpg,1845,7,0.75,8453,0.010242818461378062
cpg,1845,8,0.375,4227,0.013056671267730453
cpg,1845,8,0.5,5636,0.011487079257173313
cpg,1845,8,0.75,8453,0.010327764207333903
cpg,1426,6,0.375,4227,0.004971319030761772
cpg,1426,6,0.5,5636,0.0057463636045225995
cpg,1426,6,0.75,8453,0.0058638062856816294
cpg,1426,7,0.375,4227,0.0056515166888666275
cpg,1426,7,0.5,5636,0.005252512495442246
cpg,1426,7,0.75,8453,0.006145446556536414
cpg,1426,8,0.375,4227,0.009412152359008743
cpg,1426,8,0.5,5636,0.006090376212608431
cpg,1426,8,0.75,8453,0.006181626298098563
cpg,1756,6,0.375,4227,0.005175473446882415
cpg,1756,6,0.5,5636,0.004036652826793886
cpg,1756,6,0.75,8453,0.002834214962022322
cpg,1756,7,0.375,4227,0.0033746625660717572
cpg,1756,7,0.5,5636,0.0040791867796618015
cpg,1756,7,0.75,8453,0.002982044527974314
cpg,1756,8,0.375,4227,0.004329202254109659
cpg,1756,8,0.5,5636,0.0035060342054991597
cpg,1756,8,0.75,8453,0.003027515449236329
cpg,1919,6,0.375,4227,0.007619398649246404
cpg,1919,6,0.5,5636,0.006025724814465191
cpg,1919,6,0.75,8453,0.003306983427935604
cpg,1919,7,0.375,4227,0.006738710239061154
cpg,1919,7,0.5,5636,0.005279944164678934
cpg,1919,7,0.75,8453,0.0034788960099623656
cpg,1919,8,0.375,4227,0.007879296227003762
cpg,1919,8,0.5,5636,0.0048043058137642956
cpg,1919,8,0.75,8453,0.003551170776636735
cpg,1684,6,0.375,4227,0.006942290128528669
cpg,1684,6,0.5,5636,0.006759194331616086
cpg,1684,6,0.75,8453,0.006157273690055004
cpg,1684,7,0.375,4227,0.005927109759514356
cpg,1684,7,0.5,5636,0.0059047970279591955
cpg,1684,7,0.75,8453,0.006240212963041996
cpg,1684,8,0.375,4227,0.005988466090057948
cpg,1684,8,0.5,5636,0.005640552947814
cpg,1684,8,0.75,8453,0.006328807938229784
cpg,1581,6,0.375,4227,0.0032061533357706186
cpg,1581,6,0.5,5636,0.003154225183088564
cpg,1581,6,0.75,8453,0.00252514375369117
cpg,1581,7,0.375,4227,0.004569247904292085
cpg,1581,7,0.5,5636,0.0029889093908258817
cpg,1581,7,0.75,8453,0.002381150692814592
cpg,1581,8,0.375,4227,0.004613200812634288
cpg,1581,8,0.5,5636,0.003223960227586334
cpg,1581,8,0.75,8453,0.002466053947731376
cpg,2425,6,0.375,4227,0.009415524166786675
cpg,2425,6,0.5,5636,0.007052857010215201
cpg,2425,6,0.75,8453,0.007378116351547127
cpg,2425,7,0.375,4227,0.009718728592213179
cpg,2425,7,0.5,5636,0.009036777947785535
cpg,2425,7,0.75,8453,0.00702667810508758
cpg,2425,8,0.375,4227,0.00864817929710992
cpg,2425,8,0.5,5636,0.007468359671967667
cpg,2425,8,0.75,8453,0.006888617629465865
cpg,2265,6,0.375,4227,0.0038417278235370576
cpg,2265,6,0.5,5636,0.0028134089411375905
cpg,2265,6,0.75,8453,0.0026677662188252472
cpg,2265,7,0.375,4227,0.003725194975143088
cpg,2265,7,0.5,5636,0.0029178435773587947
cpg,2265,7,0.75,8453,0.0026310531272515673
cpg,2265,8,0.375,4227,0.0033047030148897288
cpg,2265,8,0.5,5636,0.0028172120327227376
cpg,2265,8,0.75,8453,0.002645147425976559
cpg,1661,6,0.375,4227,0.010955782455623132
cpg,1661,6,0.5,5636,0.010527424119325987
cpg,1661,6,0.75,8453,0.010535001063904984
cpg,1661,7,0.375,4227,0.011403182440976196
cpg,1661,7,0.5,5636,0.010953095726393363
cpg,1661,7,0.75,8453,0.010331438208509621
cpg,1661,8,0.375,4227,0.009768079867178394
cpg,1661,8,0.5,5636,0.010518648224470581
cpg,1661,8,0.75,8453,0.01014000519246823
cpg,2031,6,0.375,4227,0.002976190197011796
cpg,2031,6,0.5,5636,0.002546262919932346
cpg,2031,6,0.75,8453,0.00273952752964889
cpg,2031,7,0.375,4227,0.003538653073002657
cpg,2031,7,0.5,5636,0.0031227849619034622
cpg,2031,7,0.75,8453,0.0031434441147621273
cpg,2031,8,0.375,4227,0.002361041783046381
cpg,2031,8,0.5,5636,0.0019533887230958214
cpg,2031,8,0.75,8453,0.002982706638273659
pi,1640,6,0.375,4227,0.011996187043753395
pi,1640,6,0.5,5636,0.010095676223353368
pi,1640,6,0.75,8453,0.007922573127984372
pi,1640,7,0.375,4227,0.010408641833909646
pi,1640,7,0.5,5636,0.011320114705386585
pi,1640,7,0.75,8453,0.008194998936782053
pi,1640,8,0.375,4227,0.011049075179367866
pi,1640,8,0.5,5636,0.009435498249237988
pi,1640,8,0.75,8453,0.007646765719828674
pi,2067,6,0.375,4227,0.006118672187842855
pi,2067,6,0.5,5636,0.004740736883295903
pi,2067,6,0.75,8453,0.0035913486335107337
pi,2067,7,0.375,4227,0.004348084289872135
pi,2067,7,0.5,5636,0.003533505098073604
pi,2067,7,0.75,8453,0.0034419113828675343
pi,2067,8,0.375,4227,0.005671020995392382
pi,2067,8,0.5,5636,0.0033918135766915457
pi,2067,8,0.75,8453,0.003222011911111786
pi,1845,6,0.375,4227,0.011160151628179597
pi,1845,6,0.5,5636,0.009609468877151982
pi,1845,6,0.75,8453,0.010558352879856379
pi,1845,7,0.375,4227,0.011159707714186963
pi,1845,7,0.5,5636,0.010199430181819503
pi,1845,7,0.75,8453,0.010106366975286546
pi,1845,8,0.375,4227,0.011579635994730195
pi,1845,8,0.5,5636,0.010620591152232973
pi,1845,8,0.75,8453,0.010346231147401134
pi,1426,6,0.375,4227,0.007449129467446638
pi,1426,6,0.5,5636,0.0067704230592435305
pi,1426,6,0.75,8453,0.005825136713331951
pi,1426,7,0.375,4227,0.0068065343110910404
pi,1426,7,0.5,5636,0.005055672254416399
pi,1426,7,0.75,8453,0.006360309992562292
pi,1426,8,0.375,4227,0.0076415144522564826
pi,1426,8,0.5,5636,0.005972273986574007
pi,1426,8,0.75,8453,0.006118720511141913
pi,1756,6,0.375,4227,0.006124840109557228
pi,1756,6,0.5,5636,0.004352328078738444
pi,1756,6,0.75,8453,0.002898367062232819
pi,1756,7,0.375,4227,0.0064566163820330745
pi,1756,7,0.5,5636,0.004625399726641781
pi,1756,7,0.75,8453,0.0029408463127100215
pi,1756,8,0.375,4227,0.00642802882164624
pi,1756,8,0.5,5636,0.004171871541413518
pi,1756,8,0.75,8453,0.0030789687077958706
pi,1919,6,0.375,4227,0.007348761448794446
pi,1919,6,0.5,5636,0.0050977945615168045
pi,1919,6,0.75,8453,0.003732785283145254
pi,1919,7,0.375,4227,0.008251443784214421
pi,1919,7,0.5,5636,0.005413992649644997
pi,1919,7,0.75,8453,0.003548259247731658
pi,1919,8,0.375,4227,0.004785115848979859
pi,1919,8,0.5,5636,0.005189118375166379
pi,1919,8,0.75,8453,0.003460979811170795
pi,1684,6,0.375,4227,0.005451268380235786
pi,1684,6,0.5,5636,0.006346664876713977
pi,1684,6,0.75,8453,0.006419981601870265
pi,1684,7,0.375,4227,0.006588161736122182
pi,1684,7,0.5,5636,0.005768252773841772
pi,1684,7,0.75,8453,0.006399196118414424
pi,1684,8,0.375,4227,0.007201120180325552
pi,1684,8,0.5,5636,0.006315796913551081
pi,1684,8,0.75,8453,0.006441696005275467
pi,1581,6,0.375,4227,0.0045496398875226355
pi,1581,6,0.5,5636,0.0034039159049255416
pi,1581,6,0.75,8453,0.0025417677285199127
pi,1581,7,0.375,4227,0.005772074395667713
pi,1581,7,0.5,5636,0.0034335875422629412
pi,1581,7,0.75,8453,0.0026049332469138898
pi,1581,8,0.375,4227,0.004796492570426123
pi,1581,8,0.5,5636,0.0032848209757536605
pi,1581,8,0.75,8453,0.0024587652158915238
pi,2425,6,0.375,4227,0.010571243804773707
pi,2425,6,0.5,5636,0.008872942248463175
pi,2425,6,0.75,8453,0.006947543179929598
pi,2425,7,0.375,4227,0.009820291144259403
pi,2425,7,0.5,5636,0.008885158353466333
pi,2425,7,0.75,8453,0.007226792468380815
pi,2425,8,0.375,4227,0.00886756724610569
pi,2425,8,0.5,5636,0.008634750753784224
pi,2425,8,0.75,8453,0.007344722507664285
pi,2265,6,0.375,4227,0.004035071727349035
pi,2265,6,0.5,5636,0.0029752278184536473
pi,2265,6,0.75,8453,0.0026463250177463597
pi,2265,7,0.375,4227,0.0031512004711795535
pi,2265,7,0.5,5636,0.002816896677110913
pi,2265,7,0.75,8453,0.002633394470597546
pi,2265,8,0.375,4227,0.0038668788304189253
pi,2265,8,0.5,5636,0.002874696940964756
pi,2265,8,0.75,8453,0.0025992138878534
pi,1661,6,0.375,4227,0.01290831578149101
pi,1661,6,0.5,5636,0.010252130838185837
pi,1661,6,0.75,8453,0.009942654703501487
pi,1661,7,0.375,4227,0.010223613052409307
pi,1661,7,0.5,5636,0.009941381186070965
pi,1661,7,0.75,8453,0.010474136868216724
pi,1661,8,0.375,4227,0.008553848107576305
pi,1661,8,0.5,5636,0.009368216521998424
pi,1661,8,0.75,8453,0.010244207035478452
pi,2031,6,0.375,4227,0.005411800224436374
pi,2031,6,0.5,5636,0.00320018266745731
pi,2031,6,0.75,8453,0.0027032640399098826
pi,2031,7,0.375,4227,0.003668266350470882
pi,2031,7,0.5,5636,0.002474023779975802
pi,2031,7,0.75,8453,0.002975033320209932
pi,2031,8,0.375,4227,0.003945972814742889
pi,2031,8,0.5,5636,0.003495827309716342
pi,2031,8,0.75,8453,0.0032586260686707003
uniform,1640,6,0.375,4227,0.01246432738200519
uniform,1640,6,0.5,5636,0.01035486068692512
uniform,1640,6,0.75,8453,0.007592122345515087
uniform,1640,7,0.375,4227,0.015349256353985158
uniform,1640,7,0.5,5636,0.007575728969456408
uniform,1640,7,0.75,8453,0.007109703120247012
uniform,1640,8,0.375,4227,0.027401516192763455
uniform,1640,8,0.5,5636,0.01843918008639483
uniform,1640,8,0.75,8453,0.00910048460571554
uniform,2067,6,0.375,4227,0.010505673486792362
uniform,2067,6,0.5,5636,0.007736016521137122
uniform,2067,6,0.75,8453,0.005797334317124214
uniform,2067,7,0.375,4227,0.01902985457116629
uniform,2067,7,0.5,5636,0.014200187307887776
uniform,2067,7,0.75,8453,0.004108590157401045
uniform,2067,8,0.375,4227,0.01115254945397041
uniform,2067,8,0.5,5636,0.007585147587129147
uniform,2067,8,0.75,8453,0.007439691914398112
uniform,1845,6,0.375,4227,0.026461587592556103
uniform,1845,6,0.5,5636,0.02332782125819935
uniform,1845,6,0.75,8453,0.011199789265266212
uniform,1845,7,0.375,4227,0.01738582841923011
uniform,1845,7,0.5,5636,0.015883279229342854
uniform,1845,7,0.75,8453,0.010282760341311223
uniform,1845,8,0.375,4227,0.01828623389134372
uniform,1845,8,0.5,5636,0.01603603580581624
uniform,1845,8,0.75,8453,0.011852651074163535
uniform,1426,6,0.375,4227,0.009568845950247892
uniform,1426,6,0.5,5636,0.010442872053558908
uniform,1426,6,0.75,8453,0.007439829268101956
uniform,1426,7,0.375,4227,0.010807997656684613
uniform,1426,7,0.5,5636,0.01058192348715409
uniform,1426,7,0.75,8453,0.006332903117655413
uniform,1426,8,0.375,4227,0.009372421369866575
uniform,1426,8,0.5,5636,0.009111979772784764
uniform,1426,8,0.75,8453,0.006639612910403688
uniform,1756,6,0.375,4227,0.017308103828156635
uniform,1756,6,0.5,5636,0.012374642128229587
uniform,1756,6,0.75,8453,0.0060005453007986416
uniform,1756,7,0.375,4227,0.01710582318441994
uniform,1756,7,0.5,5636,0.011354756253192912
uniform,1756,7,0.75,8453,0.006402475270946991
uniform,1756,8,0.375,4227,0.020408175264611386
uniform,1756,8,0.5,5636,0.009555379235405647
uniform,1756,8,0.75,8453,0.006083234347851695
uniform,1919,6,0.375,4227,0.010922132135121675
uniform,1919,6,0.5,5636,0.00879319675655185
uniform,1919,6,0.75,8453,0.005442423279540533
uniform,1919,7,0.375,4227,0.011050578335136913
uniform,1919,7,0.5,5636,0.008401913404436103
uniform,1919,7,0.75,8453,0.00520071455011391
uniform,1919,8,0.375,4227,0.009153164057267018
uniform,1919,8,0.5,5636,0.009887512721401969
uniform,1919,8,0.75,8453,0.00485906546952557
uniform,1684,6,0.375,4227,0.013049607496808485
uniform,1684,6,0.5,5636,0.009723190841856496
uniform,1684,6,0.75,8453,0.007268102891342447
uniform,1684,7,0.375,4227,0.010094482177927322
uniform,1684,7,0.5,5636,0.00802865515750017
uniform,1684,7,0.75,8453,0.006125264308748851
uniform,1684,8,0.375,4227,0.010747575572332257
uniform,1684,8,0.5,5636,0.008871500238498106
uniform,1684,8,0.75,8453,0.008776759396522059
uniform,1581,6,0.375,4227,0.008000572749044753
uniform,1581,6,0.5,5636,0.006754283207280441
uniform,1581,6,0.75,8453,0.003738987695609573
uniform,1581,7,0.375,4227,0.009933117381703487
uniform,1581,7,0.5,5636,0.0073275091795858465
uniform,1581,7,0.75,8453,0.004278021490201725
uniform,1581,8,0.375,4227,0.011632629342873405
uniform,1581,8,0.5,5636,0.0052339226162583866
uniform,1581,8,0.75,8453,0.003982078059776562
uniform,2425,6,0.375,4227,0.023370043138761218
uniform,2425,6,0.5,5636,0.0186809865388866
uniform,2425,6,0.75,8453,0.01092747520579824
uniform,2425,7,0.375,4227,0.011904075129465804
uniform,2425,7,0.5,5636,0.011222495535448407
uniform,2425,7,0.75,8453,0.0074422068835630125
uniform,2425,8,0.375,4227,0.020236720415028542
uniform,2425,8,0.5,5636,0.015595329249519733
uniform,2425,8,0.75,8453,0.00992802224541466
uniform,2265,6,0.375,4227,0.006179769905104865
uniform,2265,6,0.5,5636,0.004230800397743655
uniform,2265,6,0.75,8453,0.0029696729943530335
uniform,2265,7,0.375,4227,0.008546723066025408
uniform,2265,7,0.5,5636,0.0053914292316831975
uniform,2265,7,0.75,8453,0.003044936168028112
uniform,2265,8,0.375,4227,0.0055441549410611465
uniform,2265,8,0.5,5636,0.004079416761281146
uniform,2265,8,0.75,8453,0.0031999469495508407
uniform,1661,6,0.375,4227,0.01869697921797684
uniform,1661,6,0.5,5636,0.009507110680227878
uniform,1661,6,0.75,8453,0.007847231433306234
uniform,1661,7,0.375,4227,0.011541426024723033
uniform,1661,7,0.5,5636,0.010623633913256774
uniform,1661,7,0.75,8453,0.009141711016945718
uniform,1661,8,0.375,4227,0.01543321342103629
uniform,1661,8,0.5,5636,0.00903520173481002
uniform,1661,8,0.75,8453,0.009595405596183982
uniform,2031,6,0.375,4227,0.011015248489050658
uniform,2031,6,0.5,5636,0.00785376449986498
uniform,2031,6,0.75,8453,0.005539781863008643
uniform,2031,7,0.375,4227,0.008741844726164882
uniform,2031,7,0.5,5636,0.008994777265007836
uniform,2031,7,0.75,8453,0.005682908990497596
uniform,2031,8,0.375,4227,0.008897092122206997
uniform,2031,8,0.5,5636,0.009118184095111127
uniform,2031,8,0.75,8453,0.002989895762552138
ca,2241,6,0.375,4227,0.004500381242530901
ca,2241,6,0.5,5636,0.0036335341563303414
ca,2241,6,0.75,8453,0.003396268670836173
ca,2241,7,0.375,4227,0.0036307901319096955
ca,2241,7,0.5,5636,0.003880038270109995
ca,2241,7,0.75,8453,0.00387269873463886
ca,2241,8,0.375,4227,0.004035623681285463
ca,2241,8,0.5,5636,0.0034410203806476978
ca,2241,8,0.75,8453,0.003422840810230183
ca,2245,6,0.375,4227,0.0029505942796717788
ca,2245,6,0.5,5636,0.0021994741661010074
ca,2245,6,0.75,8453,0.0021958862569998404
ca,2245,7,0.375,4227,0.002230219733385796
ca,2245,7,0.5,5636,0.001686209254393749
ca,2245,7,0.75,8453,0.0019043888280152286
ca,2245,8,0.375,4227,0.0027750623204083097
ca,2245,8,0.5,5636,0.0024541089027006855
ca,2245,8,0.75,8453,0.0020173608953319828
ca,1741,6,0.375,4227,0.007411362561457967
ca,1741,6,0.5,5636,0.004086502032767228
ca,1741,6,0.75,8453,0.0025927162577000108
ca,1741,7,0.375,4227,0.009950078773778966
ca,1741,7,0.5,5636,0.005108756453378759
ca,1741,7,0.75,8453,0.0028669988736108234
ca,1741,8,0.375,4227,0.010707633789592719
ca,1741,8,0.5,5636,0.005941409437982186
ca,1741,8,0.75,8453,0.002677035719114804
ca,1938,6,0.375,4227,0.005379736290854582
ca,1938,6,0.5,5636,0.00593874941418772
ca,1938,6,0.75,8453,0.0056006866036196305
ca,1938,7,0.375,4227,0.005166670196165199
ca,1938,7,0.5,5636,0.0051435268918429864
ca,1938,7,0.75,8453,0.005302204893216757
ca,1938,8,0.375,4227,0.005254083452746041
ca,1938,8,0.5,5636,0.004392340570009572
ca,1938,8,0.75,8453,0.005098221473506661
ca,1470,6,0.375,4227,0.002827108151350954
ca,1470,6,0.5,5636,0.001800030359012268
ca,1470,6,0.75,8453,0.0016074023469995324
ca,1470,7,0.375,4227,0.002164400993332375
ca,1470,7,0.5,5636,0.0017226024284808829
ca,1470,7,0.75,8453,0.001584119398197129
ca,1470,8,0.375,4227,0.003938088620142347
ca,1470,8,0.5,5636,0.002507080304451689
ca,1470,8,0.75,8453,0.002016594003464425
ca,2016,6,0.375,4227,0.010133716222116798
ca,2016,6,0.5,5636,0.008939707773554932
ca,2016,6,0.75,8453,0.01014749027400809
ca,2016,7,0.375,4227,0.009908048563283662
ca,2016,7,0.5,5636,0.009232292638133691
ca,2016,7,0.75,8453,0.009506150454766127
ca,2016,8,0.375,4227,0.010474502377996058
ca,2016,8,0.5,5636,0.009101410997660049
ca,2016,8,0.75,8453,0.009783794116769697
ca,1360,6,0.375,4227,0.002458709518691922
ca,1360,6,0.5,5636,0.001961638287727851
ca,1360,6,0.75,8453,0.002352654677599272
ca,1360,7,0.375,4227,0.0039023913959117603
ca,1360,7,0.5,5636,0.0036866723212603627
ca,1360,7,0.75,8453,0.0019029647756489423
ca,1360,8,0.375,4227,0.0045304653462717665
ca,1360,8,0.5,5636,0.003400170832029742
ca,1360,8,0.75,8453,0.002420998693604216
ca,1873,6,0.375,4227,0.005915369812159799
ca,1873,6,0.5,5636,0.00426318044121491
ca,1873,6,0.75,8453,0.005133902110846127
ca,1873,7,0.375,4227,0.005147417403596343
ca,1873,7,0.5,5636,0.0047414548869683035
ca,1873,7,0.75,8453,0.005274639045025926
ca,1873,8,0.375,4227,0.006218948266524036
ca,1873,8,0.5,5636,0.004216575217356856
ca,1873,8,0.75,8453,0.004658137995889396
ca,1490,6,0.375,4227,0.006728243685114324
ca,1490,6,0.5,5636,0.005385422938213308
ca,1490,6,0.75,8453,0.0033193751386437985
ca,1490,7,0.375,4227,0.007777335415991482
ca,1490,7,0.5,5636,0.0063359739437667635
ca,1490,7,0.75,8453,0.0033657740308992417
ca,1490,8,0.375,4227,0.005010566293064498
ca,1490,8,0.5,5636,0.004687720182761038
ca,1490,8,0.75,8453,0.003405053236379965
ca,1376,6,0.375,4227,0.00811687024663638
ca,1376,6,0.5,5636,0.007320807120157444
ca,1376,6,0.75,8453,0.006441198516397858
ca,1376,7,0.375,4227,0.00883821378681794
ca,1376,7,0.5,5636,0.008345421509796462
ca,1376,7,0.75,8453,0.00594729130500176
ca,1376,8,0.375,4227,0.00953046266011768
ca,1376,8,0.5,5636,0.006546715846961608
ca,1376,8,0.75,8453,0.006197443047455201
ca,2306,6,0.375,4227,0.005541313519595114
ca,2306,6,0.5,5636,0.004849447119287406
ca,2306,6,0.75,8453,0.004030758746399292
ca,2306,7,0.375,4227,0.006630967106995868
ca,2306,7,0.5,5636,0.005753716074961937
ca,2306,7,0.75,8453,0.0033893840915357803
ca,2306,8,0.375,4227,0.004187647444554249
ca,2306,8,0.5,5636,0.004294599525918517
ca,2306,8,0.75,8453,0.003313930421469155
ca,2238,6,0.375,4227,0.005232693805268353
ca,2238,6,0.5,5636,0.004809749064327164
ca,2238,6,0.75,8453,0.003837165361629357
ca,2238,7,0.375,4227,0.0040902668985558195
ca,2238,7,0.5,5636,0.004175844859227787
ca,2238,7,0.75,8453,0.003885668031758529
ca,2238,8,0.375,4227,0.005783585807984428
ca,2238,8,0.5,5636,0.004644433259716097
ca,2238,8,0.75,8453,0.0038837583836457273
cpg,2241,6,0.375,4227,0.004465058653202833
cpg,2241,6,0.5,5636,0.004143794469119913
cpg,2241,6,0.75,8453,0.0034928240713103602
cpg,2241,7,0.375,4227,0.004025143109916086
cpg,2241,7,0.5,5636,0.003423899143315341
cpg,2241,7,0.75,8453,0.003775837600008232
cpg,2241,8,0.375,4227,0.004946391008583491
cpg,2241,8,0.5,5636,0.003920565591653768
cpg,2241,8,0.75,8453,0.0036759592131057448
cpg,2245,6,0.375,4227,0.0028934502603864417
cpg,2245,6,0.5,5636,0.0023071813246153283
cpg,2245,6,0.75,8453,0.00183542418921323
cpg,2245,7,0.375,4227,0.0021872472044566437
cpg,2245,7,0.5,5636,0.002297315725903119
cpg,2245,7,0.75,8453,0.0019218697887991086
cpg,2245,8,0.375,4227,0.002606406368716232
cpg,2245,8,0.5,5636,0.0019403352064293466
cpg,2245,8,0.75,8453,0.0020205718111219752
cpg,1741,6,0.375,4227,0.011612855911070696
cpg,1741,6,0.5,5636,0.005801700743634762
cpg,1741,6,0.75,8453,0.00380692445694046
cpg,1741,7,0.375,4227,0.012456278847274092
cpg,1741,7,0.5,5636,0.008253058976951956
cpg,1741,7,0.75,8453,0.004284867237177356
cpg,1741,8,0.375,4227,0.012058382792897115
cpg,1741,8,0.5,5636,0.006447103960750667
cpg,1741,8,0.75,8453,0.0027292781917873407
cpg,1938,6,0.375,4227,0.005709412462000818
cpg,1938,6,0.5,5636,0.0048850890283825285
cpg,1938,6,0.75,8453,0.005009157324385572
cpg,1938,7,0.375,4227,0.0052164722743527825
cpg,1938,7,0.5,5636,0.004800977000022319
cpg,1938,7,0.75,8453,0.005090166957132615
cpg,1938,8,0.375,4227,0.004843168003647876
cpg,1938,8,0.5,5636,0.00447562369152697
cpg,1938,8,0.75,8453,0.005150238002085943
cpg,1470,6,0.375,4227,0.003734712421384574
cpg,1470,6,0.5,5636,0.002100990177084886
cpg,1470,6,0.75,8453,0.0019087852834449332
cpg,1470,7,0.375,4227,0.0018419863990353947
cpg,1470,7,0.5,5636,0.0020893921468717316
cpg,1470,7,0.75,8453,0.001990057993582524
cpg,1470,8,0.375,4227,0.006277942215322761
cpg,1470,8,0.5,5636,0.0027068834601785483
cpg,1470,8,0.75,8453,0.0017079235956673458
cpg,2016,6,0.375,4227,0.011225860014289782
cpg,2016,6,0.5,5636,0.011232752484216001
cpg,2016,6,0.75,8453,0.009905422620887517
cpg,2016,7,0.375,4227,0.013117344708191644
cpg,2016,7,0.5,5636,0.011153066277731521
cpg,2016,7,0.75,8453,0.010202952854419453
cpg,2016,8,0.375,4227,0.013066139132157279
cpg,2016,8,0.5,5636,0.01103587353978439
cpg,2016,8,0.75,8453,0.010403715960430096
cpg,1360,6,0.375,4227,0.0034552383696691397
cpg,1360,6,0.5,5636,0.004047967881595406
cpg,1360,6,0.75,8453,0.00240774886635809
cpg,1360,7,0.375,4227,0.00649772787828489
cpg,1360,7,0.5,5636,0.005297638036576131
cpg,1360,7,0.75,8453,0.0032873323120985146
cpg,1360,8,0.375,4227,0.005140870352984178
cpg,1360,8,0.5,5636,0.003588882456872812
cpg,1360,8,0.75,8453,0.002133690717942134
cpg,1873,6,0.375,4227,0.00996414849531268
cpg,1873,6,0.5,5636,0.009187990769605912
cpg,1873,6,0.75,8453,0.005255518813761572
cpg,1873,7,0.375,4227,0.010230554100885924
cpg,1873,7,0.5,5636,0.007022701743232431
cpg,1873,7,0.75,8453,0.005794070138763397
cpg,1873,8,0.375,4227,0.007060183754126689
cpg,1873,8,0.5,5636,0.00470919208915445
cpg,1873,8,0.75,8453,0.005335098796760253
cpg,1490,6,0.375,4227,0.00420239546868727
cpg,1490,6,0.5,5636,0.003595041760713557
cpg,1490,6,0.75,8453,0.0035539208618690513
cpg,1490,7,0.375,4227,0.006311815148063349
cpg,1490,7,0.5,5636,0.0038514425173091903
cpg,1490,7,0.75,8453,0.003453434824890211
cpg,1490,8,0.375,4227,0.007289897378151237
cpg,1490,8,0.5,5636,0.004842238753663087
cpg,1490,8,0.75,8453,0.004204996771513801
cpg,1376,6,0.375,4227,0.010289528112873396
cpg,1376,6,0.5,5636,0.008744335665409084
cpg,1376,6,0.75,8453,0.00627977824551331
cpg,1376,7,0.375,4227,0.01114119606623663
cpg,1376,7,0.5,5636,0.008714797979667949
cpg,1376,7,0.75,8453,0.006607912473848729
cpg,1376,8,0.375,4227,0.01266694229516048
cpg,1376,8,0.5,5636,0.010811269016380968
cpg,1376,8,0.75,8453,0.006992187004847856
cpg,2306,6,0.375,4227,0.004166672110278242
cpg,2306,6,0.5,5636,0.0031880919127221874
cpg,2306,6,0.75,8453,0.0032690862054750693
cpg,2306,7,0.375,4227,0.0059183586102431575
cpg,2306,7,0.5,5636,0.00397723535412035
cpg,2306,7,0.75,8453,0.0032426445364909197
cpg,2306,8,0.375,4227,0.005207148051057868
cpg,2306,8,0.5,5636,0.004412825085578891
cpg,2306,8,0.75,8453,0.0039539722468678136
cpg,2238,6,0.375,4227,0.0046640754290044086
cpg,2238,6,0.5,5636,0.0037428030397408324
cpg,2238,6,0.75,8453,0.0038545543291723106
cpg,2238,7,0.375,4227,0.00425829034415674
cpg,2238,7,0.5,5636,0.005475713590364219
cpg,2238,7,0.75,8453,0.0035748308129380625
cpg,2238,8,0.375,4227,0.0038856647640052714
cpg,2238,8,0.5,5636,0.00486448492874076
cpg,2238,8,0.75,8453,0.003913084740117463
pi,2241,6,0.375,4227,0.006099709608965123
pi,2241,6,0.5,5636,0.004789765661850112
pi,2241,6,0.75,8453,0.003948707793354094
pi,2241,7,0.375,4227,0.005861585664436615
pi,2241,7,0.5,5636,0.004619848043252201
pi,2241,7,0.75,8453,0.0038398085075559227
pi,2241,8,0.375,4227,0.005563913183359874
pi,2241,8,0.5,5636,0.005004519343277919
pi,2241,8,0.75,8453,0.003768950186044533
pi,2245,6,0.375,4227,0.00360826346561161
pi,2245,6,0.5,5636,0.0023036801522499963
pi,2245,6,0.75,8453,0.0018557665855681296
pi,2245,7,0.375,4227,0.0031105289695265276
pi,2245,7,0.5,5636,0.002397219628678539
pi,2245,7,0.75,8453,0.0018369523806895894
pi,2245,8,0.375,4227,0.003704158448423353
pi,2245,8,0.5,5636,0.0022071647314149986
pi,2245,8,0.75,8453,0.0017407962149553083
pi,1741,6,0.375,4227,0.010809377008657688
pi,1741,6,0.5,5636,0.008675341812393206
pi,1741,6,0.75,8453,0.003806268547308107
pi,1741,7,0.375,4227,0.009193144689612937
pi,1741,7,0.5,5636,0.00833363851352261
pi,1741,7,0.75,8453,0.002798859474547658
pi,1741,8,0.375,4227,0.01166519416363769
pi,1741,8,0.5,5636,0.00841102810295469
pi,1741,8,0.75,8453,0.00380222058483289
pi,1938,6,0.375,4227,0.004485176606110239
pi,1938,6,0.5,5636,0.005017578638553648
pi,1938,6,0.75,8453,0.005025922149290311
pi,1938,7,0.375,4227,0.004947521812928592
pi,1938,7,0.5,5636,0.0047913028868558855
pi,1938,7,0.75,8453,0.005119053285418406
pi,1938,8,0.375,4227,0.005896773608828531
pi,1938,8,0.5,5636,0.005137770648155868
pi,1938,8,0.75,8453,0.005152813090582459
pi,1470,6,0.375,4227,0.005497322173364055
pi,1470,6,0.5,5636,0.0030450313471102686
pi,1470,6,0.75,8453,0.002522269540976028
pi,1470,7,0.375,4227,0.004967263249051427
pi,1470,7,0.5,5636,0.003932379285693887
pi,1470,7,0.75,8453,0.0019789091119339383
pi,1470,8,0.375,4227,0.004377770997524677
pi,1470,8,0.5,5636,0.0039035855473997768
pi,1470,8,0.75,8453,0.001959133322774611
pi,2016,6,0.375,4227,0.011644048750325896
pi,2016,6,0.5,5636,0.010478034720816409
pi,2016,6,0.75,8453,0.009874840136268562
pi,2016,7,0.375,4227,0.012777323212614967
pi,2016,7,0.5,5636,0.010916055657015386
pi,2016,7,0.75,8453,0.010151574344419902
pi,2016,8,0.375,4227,0.011802230649157638
pi,2016,8,0.5,5636,0.010783518550661631
pi,2016,8,0.75,8453,0.009589382218372893
pi,1360,6,0.375,4227,0.005614359272034055
pi,1360,6,0.5,5636,0.004650890683499825
pi,1360,6,0.75,8453,0.0022876209693879625
pi,1360,7,0.375,4227,0.005410232602389533
pi,1360,7,0.5,5636,0.004748577549252454
pi,1360,7,0.75,8453,0.0022415571246658483
pi,1360,8,0.375,4227,0.005453821621335174
pi,1360,8,0.5,5636,0.0037318460056829325
pi,1360,8,0.75,8453,0.002511189054226173
pi,1873,6,0.375,4227,0.0073695281992906606
pi,1873,6,0.5,5636,0.005173486624712987
pi,1873,6,0.75,8453,0.005886353675823114
pi,1873,7,0.375,4227,0.009468541086441585
pi,1873,7,0.5,5636,0.007668411084444635
pi,1873,7,0.75,8453,0.006287240490079719
pi,1873,8,0.375,4227,0.008723433648015375
pi,1873,8,0.5,5636,0.006175348738629899
pi,1873,8,0.75,8453,0.005768319062065231
pi,1490,6,0.375,4227,0.005674824661573835
pi,1490,6,0.5,5636,0.004801754008950451
pi,1490,6,0.75,8453,0.0033962880050621294
pi,1490,7,0.375,4227,0.0065642744805843155
pi,1490,7,0.5,5636,0.006646969467959487
pi,1490,7,0.75,8453,0.003493446562596171
pi,1490,8,0.375,4227,0.007895555159881603
pi,1490,8,0.5,5636,0.005094821941704802
pi,1490,8,0.75,8453,0.003517085552691681
pi,1376,6,0.375,4227,0.010452289728632169
pi,1376,6,0.5,5636,0.008741029718179498
pi,1376,6,0.75,8453,0.00611960611735963
pi,1376,7,0.375,4227,0.009860505524162354
pi,1376,7,0.5,5636,0.008784266804777606
pi,1376,7,0.75,8453,0.007020225885330086
pi,1376,8,0.375,4227,0.012419517871097819
pi,1376,8,0.5,5636,0.009662468985855452
pi,1376,8,0.75,8453,0.006283267064106855
pi,2306,6,0.375,4227,0.0074482291732235525
pi,2306,6,0.5,5636,0.006117074814934062
pi,2306,6,0.75,8453,0.0035456057354415734
pi,2306,7,0.375,4227,0.009384572544631117
pi,2306,7,0.5,5636,0.005352177656040547
pi,2306,7,0.75,8453,0.003435068144143604
pi,2306,8,0.375,4227,0.007726695472926897
pi,2306,8,0.5,5636,0.006205896325223892
pi,2306,8,0.75,8453,0.003536067457824254
pi,2238,6,0.375,4227,0.00612014474650764
pi,2238,6,0.5,5636,0.005269295272055624
pi,2238,6,0.75,8453,0.003857832667531032
pi,2238,7,0.375,4227,0.005364132354077461
pi,2238,7,0.5,5636,0.004616529072723596
pi,2238,7,0.75,8453,0.003806141963236336
pi,2238,8,0.375,4227,0.0062469511323331684
pi,2238,8,0.5,5636,0.005224298139332615
pi,2238,8,0.75,8453,0.003929039957149033
uniform,2241,6,0.375,4227,0.028974556068329393
uniform,2241,6,0.5,5636,0.00938904506703482
uniform,2241,6,0.75,8453,0.006337048229743469
uniform,2241,7,0.375,4227,0.016180524113610314
uniform,2241,7,0.5,5636,0.010377194219774497
uniform,2241,7,0.75,8453,0.00807729303575889
uniform,2241,8,0.375,4227,0.009758007097810807
uniform,2241,8,0.5,5636,0.008677534430893495
uniform,2241,8,0.75,8453,0.007277966490711896
uniform,2245,6,0.375,4227,0.00805897406303873
uniform,2245,6,0.5,5636,0.006285713414891156
uniform,2245,6,0.75,8453,0.0038142673152016457
uniform,2245,7,0.375,4227,0.00850318421963748
uniform,2245,7,0.5,5636,0.008623869956151426
uniform,2245,7,0.75,8453,0.003533162558180693
uniform,2245,8,0.375,4227,0.007146912194973259
uniform,2245,8,0.5,5636,0.005874320256608625
uniform,2245,8,0.75,8453,0.004712551515348446
uniform,1741,6,0.375,4227,0.017043589327160782
uniform,1741,6,0.5,5636,0.010327168351706243
uniform,1741,6,0.75,8453,0.006339330639858324
uniform,1741,7,0.375,4227,0.013587492225478134
uniform,1741,7,0.5,5636,0.010982871723926133
uniform,1741,7,0.75,8453,0.007458704654211073
uniform,1741,8,0.375,4227,0.013380180410856028
uniform,1741,8,0.5,5636,0.016694652498541022
uniform,1741,8,0.75,8453,0.010777833619382003
uniform,1938,6,0.375,4227,0.0076290290827526076
uniform,1938,6,0.5,5636,0.007305537093948985
uniform,1938,6,0.75,8453,0.0062748585198268
uniform,1938,7,0.375,4227,0.005456398201964952
uniform,1938,7,0.5,5636,0.00505833478553775
uniform,1938,7,0.75,8453,0.0041301169448671625
uniform,1938,8,0.375,4227,0.005059291555315957
uniform,1938,8,0.5,5636,0.0051755954741636405
uniform,1938,8,0.75,8453,0.0046321321013285234
uniform,1470,6,0.375,4227,0.009240169193957398
uniform,1470,6,0.5,5636,0.006291983228196071
uniform,1470,6,0.75,8453,0.0029617988526056084
uniform,1470,7,0.375,4227,0.008774861581150688
uniform,1470,7,0.5,5636,0.006122829303901419
uniform,1470,7,0.75,8453,0.00413338394989918
uniform,1470,8,0.375,4227,0.006964626642321991
uniform,1470,8,0.5,5636,0.0065837770123345
uniform,1470,8,0.75,8453,0.0038597477019086945
uniform,2016,6,0.375,4227,0.04938013523468365
uniform,2016,6,0.5,5636,0.01407956225679017
uniform,2016,6,0.75,8453,0.010521588214887665
uniform,2016,7,0.375,4227,0.031525650128404595
uniform,2016,7,0.5,5636,0.01496524237897577
uniform,2016,7,0.75,8453,0.011273475516975787
uniform,2016,8,0.375,4227,0.01719685216273532
uniform,2016,8,0.5,5636,0.015290775624685147
uniform,2016,8,0.75,8453,0.011017570747442444
uniform,1360,6,0.375,4227,0.009841339810511052
uniform,1360,6,0.5,5636,0.008490100691349574
uniform,1360,6,0.75,8453,0.0035180498594907534
uniform,1360,7,0.375,4227,0.011845136429087357
uniform,1360,7,0.5,5636,0.007735760994733601
uniform,1360,7,0.75,8453,0.004475279788715252
uniform,1360,8,0.375,4227,0.012887097482768667
uniform,1360,8,0.5,5636,0.011911806662697935
uniform,1360,8,0.75,8453,0.005979554523630431
uniform,1873,6,0.375,4227,0.013236495773581327
uniform,1873,6,0.5,5636,0.011669362831732612
uniform,1873,6,0.75,8453,0.00862602741320693
uniform,1873,7,0.375,4227,0.012726168252868498
uniform,1873,7,0.5,5636,0.008857204210196876
uniform,1873,7,0.75,8453,0.01334775299644909
uniform,1873,8,0.375,4227,0.0285392291599952
uniform,1873,8,0.5,5636,0.009138874366923911
uniform,1873,8,0.75,8453,0.008960121435762969
uniform,1490,6,0.375,4227,0.01564648947852939
uniform,1490,6,0.5,5636,0.013368900259829614
uniform,1490,6,0.75,8453,0.008898372961500128
uniform,1490,7,0.375,4227,0.015811631790690405
uniform,1490,7,0.5,5636,0.014069972220892303
uniform,1490,7,0.75,8453,0.005080750260228229
uniform,1490,8,0.375,4227,0.014767418313512939
uniform,1490,8,0.5,5636,0.012769246843576939
uniform,1490,8,0.75,8453,0.005784579088730654
uniform,1376,6,0.375,4227,0.014707287230587942
uniform,1376,6,0.5,5636,0.0112352077663556
uniform,1376,6,0.75,8453,0.006892806058524095
uniform,1376,7,0.375,4227,0.01254248940509179
uniform,1376,7,0.5,5636,0.010842808705597937
uniform,1376,7,0.75,8453,0.006419279684094929
uniform,1376,8,0.375,4227,0.015046998481923186
uniform,1376,8,0.5,5636,0.019801760488346587
uniform,1376,8,0.75,8453,0.01019264301468143
uniform,2306,6,0.375,4227,0.01665162020329712
uniform,2306,6,0.5,5636,0.013533855247568921
uniform,2306,6,0.75,8453,0.005988516354006315
uniform,2306,7,0.375,4227,0.010756773206597844
uniform,2306,7,0.5,5636,0.008969555123659682
uniform,2306,7,0.75,8453,0.0062700275586695916
uniform,2306,8,0.375,4227,0.016112769479933797
uniform,2306,8,0.5,5636,0.010981115151223953
uniform,2306,8,0.75,8453,0.0074490810266107845
uniform,2238,6,0.375,4227,0.010913363044440447
uniform,2238,6,0.5,5636,0.007314818612120967
uniform,2238,6,0.75,8453,0.003541785280720937
uniform,2238,7,0.375,4227,0.014092975369656181
uniform,2238,7,0.5,5636,0.00766022935830145
uniform,2238,7,0.75,8453,0.004936049671860632
uniform,2238,8,0.375,4227,0.010929152364457764
uniform,2238,8,0.5,5636,0.007556255803095307
uniform,2238,8,0.75,8453,0.004360247520809921
ca,1739,6,0.375,4227,0.011706530902882348
ca,1739,6,0.5,5636,0.010596172810660925
ca,1739,6,0.75,8453,0.008950921713968612
ca,1739,7,0.375,4227,0.01280114280046214
ca,1739,7,0.5,5636,0.01039873229386905
ca,1739,7,0.75,8453,0.009134592470326353
ca,1739,8,0.375,4227,0.014142880274444459
ca,1739,8,0.5,5636,0.010980164298436845
ca,1739,8,0.75,8453,0.009300874057729327
ca,1346,6,0.375,4227,0.0023764453289685217
ca,1346,6,0.5,5636,0.00204069985032339
ca,1346,6,0.75,8453,0.0022641696592963414
ca,1346,7,0.375,4227,0.0020808555999899956
ca,1346,7,0.5,5636,0.0017218171456170085
ca,1346,7,0.75,8453,0.002167637623602922
ca,1346,8,0.375,4227,0.0023058930154262244
ca,1346,8,0.5,5636,0.0018201659453732305
ca,1346,8,0.75,8453,0.0021923169477758484
ca,1761,6,0.375,4227,0.010270918571009535
ca,1761,6,0.5,5636,0.006339434384548232
ca,1761,6,0.75,8453,0.0037003117312762795
ca,1761,7,0.375,4227,0.008620657234555285
ca,1761,7,0.5,5636,0.005088819023915446
ca,1761,7,0.75,8453,0.003444106323557257
ca,1761,8,0.375,4227,0.009918120303565373
ca,1761,8,0.5,5636,0.00712276242825442
ca,1761,8,0.75,8453,0.0040111110516828944
ca,1543,6,0.375,4227,0.0031136880337020354
ca,1543,6,0.5,5636,0.0029630822119744533
ca,1543,6,0.75,8453,0.003124872408819824
ca,1543,7,0.375,4227,0.0031022041004039507
ca,1543,7,0.5,5636,0.002882930376173824
ca,1543,7,0.75,8453,0.003300061804680784
ca,1543,8,0.375,4227,0.0036501633244816604
ca,1543,8,0.5,5636,0.0031973953717060835
ca,1543,8,0.75,8453,0.003128302569237941
ca,1319,6,0.375,4227,0.007820897441290478
ca,1319,6,0.5,5636,0.0050242112163544584
ca,1319,6,0.75,8453,0.003541152523944262
ca,1319,7,0.375,4227,0.006708495222979542
ca,1319,7,0.5,5636,0.0032898772129972436
ca,1319,7,0.75,8453,0.004818895419321987
ca,1319,8,0.375,4227,0.006066912088533612
ca,1319,8,0.5,5636,0.0037473044838521406
ca,1319,8,0.75,8453,0.0033488297443064106
ca,2291,6,0.375,4227,0.00832740729570844
ca,2291,6,0.5,5636,0.007917272473026761
ca,2291,6,0.75,8453,0.006501519521089248
ca,2291,7,0.375,4227,0.007186835820647312
ca,2291,7,0.5,5636,0.006297938092077216
ca,2291,7,0.75,8453,0.0060170202638687685
ca,2291,8,0.375,4227,0.008385532109057195
ca,2291,8,0.5,5636,0.005867216043498233
ca,2291,8,0.75,8453,0.0063595848409345925
ca,2025,6,0.375,4227,0.002618006170745405
ca,2025,6,0.5,5636,0.0026806690142190297
ca,2025,6,0.75,8453,0.0026687486496747865
ca,2025,7,0.375,4227,0.0029127502217868462
ca,2025,7,0.5,5636,0.002460533013783193
ca,2025,7,0.75,8453,0.003222713764187985
ca,2025,8,0.375,4227,0.0029947638584521155
ca,2025,8,0.5,5636,0.0025771741010926033
ca,2025,8,0.75,8453,0.003262341579909889
ca,2455,6,0.375,4227,0.01663123645536311
ca,2455,6,0.5,5636,0.01497890298742468
ca,2455,6,0.75,8453,0.012838143863037292
ca,2455,7,0.375,4227,0.01575833366092949
ca,2455,7,0.5,5636,0.01462072050101143
ca,2455,7,0.75,8453,0.012853233387511341
ca,2455,8,0.375,4227,0.016607205326576984
ca,2455,8,0.5,5636,0.013940771455125657
ca,2455,8,0.75,8453,0.013010139377808089
ca,2032,6,0.375,4227,0.004399462554357567
ca,2032,6,0.5,5636,0.00363407967105417
ca,2032,6,0.75,8453,0.0036445781192344477
ca,2032,7,0.375,4227,0.0036313003564743826
ca,2032,7,0.5,5636,0.004019867999524074
ca,2032,7,0.75,8453,0.003165627955262798
ca,2032,8,0.375,4227,0.0037592518168628212
ca,2032,8,0.5,5636,0.0030110457669806786
ca,2032,8,0.75,8453,0.0033242095197334063
ca,1868,6,0.375,4227,0.005450713041336451
ca,1868,6,0.5,5636,0.004898834082961891
ca,1868,6,0.75,8453,0.0034430158271245635
ca,1868,7,0.375,4227,0.004384827069683908
ca,1868,7,0.5,5636,0.0033964894612958205
ca,1868,7,0.75,8453,0.0036746705746027
ca,1868,8,0.375,4227,0.004460322774801085
ca,1868,8,0.5,5636,0.004073017115796537
ca,1868,8,0.75,8453,0.003995438530427429
ca,2309,6,0.375,4227,0.007588582331659837
ca,2309,6,0.5,5636,0.007429627083096968
ca,2309,6,0.75,8453,0.006384201643243032
ca,2309,7,0.375,4227,0.011898533505036266
ca,2309,7,0.5,5636,0.009654383226435873
ca,2309,7,0.75,8453,0.0062619591602175294
ca,2309,8,0.375,4227,0.008793745363886666
ca,2309,8,0.5,5636,0.008040420015219882
ca,2309,8,0.75,8453,0.006494905964642026
ca,2085,6,0.375,4227,0.0032147211634812028
ca,2085,6,0.5,5636,0.0029346189410403177
ca,2085,6,0.75,8453,0.0027612869342616493
ca,2085,7,0.375,4227,0.004550347112176473
ca,2085,7,0.5,5636,0.004543306604539718
ca,2085,7,0.75,8453,0.00279490945716027
ca,2085,8,0.375,4227,0.0036595383626437843
ca,2085,8,0.5,5636,0.002451674805678643
ca,2085,8,0.75,8453,0.0027077439304889566
cpg,1739,6,0.375,4227,0.014132716389792924
cpg,1739,6,0.5,5636,0.011630928354828023
cpg,1739,6,0.75,8453,0.008869797880012562
cpg,1739,7,0.375,4227,0.015852596867646646
cpg,1739,7,0.5,5636,0.011172540022569647
cpg,1739,7,0.75,8453,0.008880052467700563
cpg,1739,8,0.375,4227,0.014116927742870072
cpg,1739,8,0.5,5636,0.011985078404685804
cpg,1739,8,0.75,8453,0.008406708376386421
cpg,1346,6,0.375,4227,0.0029945358606711507
cpg,1346,6,0.5,5636,0.0023308854229180317
cpg,1346,6,0.75,8453,0.0024030639008226127
cpg,1346,7,0.375,4227,0.002087142977907241
cpg,1346,7,0.5,5636,0.002342082627329896
cpg,1346,7,0.75,8453,0.0026453953631005293
cpg,1346,8,0.375,4227,0.00253416018957754
cpg,1346,8,0.5,5636,0.0024515780712658715
cpg,1346,8,0.75,8453,0.002267052781306762
cpg,1761,6,0.375,4227,0.00828581106179087
cpg,1761,6,0.5,5636,0.00764083702013963
cpg,1761,6,0.75,8453,0.0037936663759495933
cpg,1761,7,0.375,4227,0.008740452327540017
cpg,1761,7,0.5,5636,0.008746977996978945
cpg,1761,7,0.75,8453,0.004381926401185456
cpg,1761,8,0.375,4227,0.00675390412204674
cpg,1761,8,0.5,5636,0.006805641697237817
cpg,1761,8,0.75,8453,0.004416363263778085
cpg,1543,6,0.375,4227,0.003828864410502971
cpg,1543,6,0.5,5636,0.0033071163825705544
cpg,1543,6,0.75,8453,0.0031507944110229797
cpg,1543,7,0.375,4227,0.004078730931614962
cpg,1543,7,0.5,5636,0.0032524013895033122
cpg,1543,7,0.75,8453,0.0031356886849769425
cpg,1543,8,0.375,4227,0.003130352368950674
cpg,1543,8,0.5,5636,0.0030866962233181525
cpg,1543,8,0.75,8453,0.003084964099815029
cpg,1319,6,0.375,4227,0.010656262116127515
cpg,1319,6,0.5,5636,0.00843311202643297
cpg,1319,6,0.75,8453,0.0034130520287421083
cpg,1319,7,0.375,4227,0.008015463265664156
cpg,1319,7,0.5,5636,0.006262765589458935
cpg,1319,7,0.75,8453,0.004395470791268843
cpg,1319,8,0.375,4227,0.009255839437538957
cpg,1319,8,0.5,5636,0.007481593401880316
cpg,1319,8,0.75,8453,0.003105905740520695
cpg,2291,6,0.375,4227,0.010619089547080796
cpg,2291,6,0.5,5636,0.006082082160442496
cpg,2291,6,0.75,8453,0.006345976066624913
cpg,2291,7,0.375,4227,0.010426424541703444
cpg,2291,7,0.5,5636,0.006840273633642715
cpg,2291,7,0.75,8453,0.006600535560447994
cpg,2291,8,0.375,4227,0.007850701725935277
cpg,2291,8,0.5,5636,0.00743460876930512
cpg,2291,8,0.75,8453,0.005919316225122741
cpg,2025,6,0.375,4227,0.0021534079187320743
cpg,2025,6,0.5,5636,0.002740925907444161
cpg,2025,6,0.75,8453,0.0032871725543024673
cpg,2025,7,0.375,4227,0.003476718109797715
cpg,2025,7,0.5,5636,0.00274487290867841
cpg,2025,7,0.75,8453,0.0030975874433364927
cpg,2025,8,0.375,4227,0.0026457141370868575
cpg,2025,8,0.5,5636,0.002666361564247873
cpg,2025,8,0.75,8453,0.0029893844851038693
cpg,2455,6,0.375,4227,0.01409854629721239
cpg,2455,6,0.5,5636,0.014092721052171034
cpg,2455,6,0.75,8453,0.012777135083786596
cpg,2455,7,0.375,4227,0.01580801815688199
cpg,2455,7,0.5,5636,0.014485926889318868
cpg,2455,7,0.75,8453,0.013116134950870705
cpg,2455,8,0.375,4227,0.015579784530541943
cpg,2455,8,0.5,5636,0.014295705225290946
cpg,2455,8,0.75,8453,0.012977304777238054
cpg,2032,6,0.375,4227,0.004539350322813112
cpg,2032,6,0.5,5636,0.0033876913169916803
cpg,2032,6,0.75,8453,0.003463882165239415
cpg,2032,7,0.375,4227,0.0029947701596961824
cpg,2032,7,0.5,5636,0.00271544786644657
cpg,2032,7,0.75,8453,0.0035467763483704212
cpg,2032,8,0.375,4227,0.0032554760633648743
cpg,2032,8,0.5,5636,0.0033959828660756913
cpg,2032,8,0.75,8453,0.0035428162505823837
cpg,1868,6,0.375,4227,0.005135320674975926
cpg,1868,6,0.5,5636,0.004426700929951823
cpg,1868,6,0.75,8453,0.003385274572100336
cpg,1868,7,0.375,4227,0.005565131591934659
cpg,1868,7,0.5,5636,0.0035468145599371797
cpg,1868,7,0.75,8453,0.0031699248670280403
cpg,1868,8,0.375,4227,0.005722875162379298
cpg,1868,8,0.5,5636,0.004809955949454058
cpg,1868,8,0.75,8453,0.002976696242509426
cpg,2309,6,0.375,4227,0.007701698543187015
cpg,2309,6,0.5,5636,0.008645233529479686
cpg,2309,6,0.75,8453,0.006196060121252399
cpg,2309,7,0.375,4227,0.007716983944468067
cpg,2309,7,0.5,5636,0.008371133784641317
cpg,2309,7,0.75,8453,0.006208978983278097
cpg,2309,8,0.375,4227,0.008135458817647592
cpg,2309,8,0.5,5636,0.006946895339877694
cpg,2309,8,0.75,8453,0.006052840596670008
cpg,2085,6,0.375,4227,0.004606325810927748
cpg,2085,6,0.5,5636,0.0031495987895864288
cpg,2085,6,0.75,8453,0.002828859076393691
cpg,2085,7,0.375,4227,0.003137296869510229
cpg,2085,7,0.5,5636,0.0022501129722331766
cpg,2085,7,0.75,8453,0.0030383675804064553
cpg,2085,8,0.375,4227,0.003807473588587458
cpg,2085,8,0.5,5636,0.0030126159178550946
cpg,2085,8,0.75,8453,0.0028635162514333524
pi,1739,6,0.375,4227,0.01493722873416143
pi,1739,6,0.5,5636,0.011051110833149715
pi,1739,6,0.75,8453,0.008367097935509864
pi,1739,7,0.375,4227,0.013807226159283132
pi,1739,7,0.5,5636,0.013062350996820064
pi,1739,7,0.75,8453,0.009411955978178482
pi,1739,8,0.375,4227,0.012890281055934963
pi,1739,8,0.5,5636,0.01190274247993897
pi,1739,8,0.75,8453,0.008197828457632452
pi,1346,6,0.375,4227,0.004565457512012438
pi,1346,6,0.5,5636,0.003316399936292428
pi,1346,6,0.75,8453,0.00242152093080469
pi,1346,7,0.375,4227,0.004388366641128652
pi,1346,7,0.5,5636,0.0035230210126794715
pi,1346,7,0.75,8453,0.0022810917198649344
pi,1346,8,0.375,4227,0.0042419642112657766
pi,1346,8,0.5,5636,0.0026482012034988013
pi,1346,8,0.75,8453,0.0021737360572462246
pi,1761,6,0.375,4227,0.00910464396357689
pi,1761,6,0.5,5636,0.008196260181005652
pi,1761,6,0.75,8453,0.004716899589819282
pi,1761,7,0.375,4227,0.010107256042377175
pi,1761,7,0.5,5636,0.008434199050390974
pi,1761,7,0.75,8453,0.004555691052285905
pi,1761,8,0.375,4227,0.008947444707173733
pi,1761,8,0.5,5636,0.008967288625949818
pi,1761,8,0.75,8453,0.005430246527261881
pi,1543,6,0.375,4227,0.004000269300502729
pi,1543,6,0.5,5636,0.0028865722458827313
pi,1543,6,0.75,8453,0.0030603825925026944
pi,1543,7,0.375,4227,0.0038575774207899654
pi,1543,7,0.5,5636,0.0032202852630034778
pi,1543,7,0.75,8453,0.0032034461670702712
pi,1543,8,0.375,4227,0.004408531667213491
pi,1543,8,0.5,5636,0.003225656169596799
pi,1543,8,0.75,8453,0.0031412550384976026
pi,1319,6,0.375,4227,0.0077973586560571035
pi,1319,6,0.5,5636,0.007232290061103867
pi,1319,6,0.75,8453,0.004729126576178857
pi,1319,7,0.375,4227,0.00791496409874497
pi,1319,7,0.5,5636,0.0062772916062479684
pi,1319,7,0.75,8453,0.004380873413090823
pi,1319,8,0.375,4227,0.008060537223585247
pi,1319,8,0.5,5636,0.0063641681298435135
pi,1319,8,0.75,8453,0.005183684090450054
pi,2291,6,0.375,4227,0.01077306448916692
pi,2291,6,0.5,5636,0.006278369301690911
pi,2291,6,0.75,8453,0.005967154641549159
pi,2291,7,0.375,4227,0.007599320158983102
pi,2291,7,0.5,5636,0.007160205239465546
pi,2291,7,0.75,8453,0.005830096369310269
pi,2291,8,0.375,4227,0.008623336365676902
pi,2291,8,0.5,5636,0.006963134479487696
pi,2291,8,0.75,8453,0.006177446130247169
pi,2025,6,0.375,4227,0.0043426536751907125
pi,2025,6,0.5,5636,0.004011487903963602
pi,2025,6,0.75,8453,0.0031182599699051193
pi,2025,7,0.375,4227,0.004603668122707306
pi,2025,7,0.5,5636,0.0037694008050418396
pi,2025,7,0.75,8453,0.0029777101863254995
pi,2025,8,0.375,4227,0.00480872187739636
pi,2025,8,0.5,5636,0.003682420098311463
pi,2025,8,0.75,8453,0.003384165839246887
pi,2455,6,0.375,4227,0.014906226406139946
pi,2455,6,0.5,5636,0.0141958747943727
pi,2455,6,0.75,8453,0.01316016767906119
pi,2455,7,0.375,4227,0.014818517399676661
pi,2455,7,0.5,5636,0.015328723500969029
pi,2455,7,0.75,8453,0.012913347912084434
pi,2455,8,0.375,4227,0.013819868081478778
pi,2455,8,0.5,5636,0.014376032431830678
pi,2455,8,0.75,8453,0.012775791187754845
pi,2032,6,0.375,4227,0.005215670294341994
pi,2032,6,0.5,5636,0.005358303379479383
pi,2032,6,0.75,8453,0.0034789200735559213
pi,2032,7,0.375,4227,0.005550333246210567
pi,2032,7,0.5,5636,0.0043400436996109786
pi,2032,7,0.75,8453,0.003692777733377026
pi,2032,8,0.375,4227,0.005160387169868838
pi,2032,8,0.5,5636,0.0045898700317495164
pi,2032,8,0.75,8453,0.003627995507402699
pi,1868,6,0.375,4227,0.006632828767275318
pi,1868,6,0.5,5636,0.0053245300978361715
pi,1868,6,0.75,8453,0.003349631945015199
pi,1868,7,0.375,4227,0.004795663599170733
pi,1868,7,0.5,5636,0.00524752450431851
pi,1868,7,0.75,8453,0.0037823313756867667
pi,1868,8,0.375,4227,0.005632273218873656
pi,1868,8,0.5,5636,0.0048858824889817
pi,1868,8,0.75,8453,0.003408586160171043
pi,2309,6,0.375,4227,0.009521280663963001
pi,2309,6,0.5,5636,0.010573691823313677
pi,2309,6,0.75,8453,0.006436371607350799
pi,2309,7,0.375,4227,0.010477964219719083
pi,2309,7,0.5,5636,0.009834380191929662
pi,2309,7,0.75,8453,0.006137469338258492
pi,2309,8,0.375,4227,0.008408781366025953
pi,2309,8,0.5,5636,0.009550710300159722
pi,2309,8,0.75,8453,0.006182248688870053
pi,2085,6,0.375,4227,0.0031454876366880675
pi,2085,6,0.5,5636,0.003396587241490713
pi,2085,6,0.75,8453,0.0027977112450566764
pi,2085,7,0.375,4227,0.0037734913932905454
pi,2085,7,0.5,5636,0.004067784566151592
pi,2085,7,0.75,8453,0.0027680733706543933
pi,2085,8,0.375,4227,0.004392050832226447
pi,2085,8,0.5,5636,0.0031819152701328497
pi,2085,8,0.75,8453,0.0028182167201834187
uniform,1739,6,0.375,4227,0.013185540024540164
uniform,1739,6,0.5,5636,0.009479595090141861
uniform,1739,6,0.75,8453,0.007548474841721273
uniform,1739,7,0.375,4227,0.011595059031189535
uniform,1739,7,0.5,5636,0.009995746754783676
uniform,1739,7,0.75,8453,0.006065201965753089
uniform,1739,8,0.375,4227,0.011715786400444447
uniform,1739,8,0.5,5636,0.009214359239816415
uniform,1739,8,0.75,8453,0.006580206561843992
uniform,1346,6,0.375,4227,0.02384544441399606
uniform,1346,6,0.5,5636,0.010402055111660749
uniform,1346,6,0.75,8453,0.0035050350649318395
uniform,1346,7,0.375,4227,0.007685310305779732
uniform,1346,7,0.5,5636,0.007141030494718071
uniform,1346,7,0.75,8453,0.004456819785069462
uniform,1346,8,0.375,4227,0.007645916038443352
uniform,1346,8,0.5,5636,0.005988362266937535
uniform,1346,8,0.75,8453,0.0046515628600097975
uniform,1761,6,0.375,4227,0.014859119148160595
uniform,1761,6,0.5,5636,0.01047403896668631
uniform,1761,6,0.75,8453,0.006264911512367142
uniform,1761,7,0.375,4227,0.03690661834005824
uniform,1761,7,0.5,5636,0.012189282020890627
uniform,1761,7,0.75,8453,0.004497612027650111
uniform,1761,8,0.375,4227,0.011572856117150379
uniform,1761,8,0.5,5636,0.010545936886154288
uniform,1761,8,0.75,8453,0.006998629264959836
uniform,1543,6,0.375,4227,0.007541785974012841
uniform,1543,6,0.5,5636,0.00474636792001968
uniform,1543,6,0.75,8453,0.003714845715848447
uniform,1543,7,0.375,4227,0.007599262168564847
uniform,1543,7,0.5,5636,0.005036358036280981
uniform,1543,7,0.75,8453,0.0034165237761399625
uniform,1543,8,0.375,4227,0.0056261016106863345
uniform,1543,8,0.5,5636,0.006181125963132892
uniform,1543,8,0.75,8453,0.004611711849293943
uniform,1319,6,0.375,4227,0.012403648331934471
uniform,1319,6,0.5,5636,0.013864022345561677
uniform,1319,6,0.75,8453,0.007508341845782868
uniform,1319,7,0.375,4227,0.011662236711704712
uniform,1319,7,0.5,5636,0.012084727943093808
uniform,1319,7,0.75,8453,0.006281064926422143
uniform,1319,8,0.375,4227,0.014714218744965528
uniform,1319,8,0.5,5636,0.011387487158028385
uniform,1319,8,0.75,8453,0.004955330732757699
uniform,2291,6,0.375,4227,0.01093845141534103
uniform,2291,6,0.5,5636,0.009606069357610582
uniform,2291,6,0.75,8453,0.006622997331509799
uniform,2291,7,0.375,4227,0.007140714401656979
uniform,2291,7,0.5,5636,0.006283494140615286
uniform,2291,7,0.75,8453,0.0059040900185779975
uniform,2291,8,0.375,4227,0.008360953008416683
uniform,2291,8,0.5,5636,0.007063132725484485
uniform,2291,8,0.75,8453,0.004904717321635029
uniform,2025,6,0.375,4227,0.012239210802500336
uniform,2025,6,0.5,5636,0.00732608134033968
uniform,2025,6,0.75,8453,0.004372991125332229
uniform,2025,7,0.375,4227,0.010869903344853426
uniform,2025,7,0.5,5636,0.010389371612646525
uniform,2025,7,0.75,8453,0.005215383624696349
uniform,2025,8,0.375,4227,0.009517773975124339
uniform,2025,8,0.5,5636,0.008769695836506396
uniform,2025,8,0.75,8453,0.0059993474663180635
uniform,2455,6,0.375,4227,0.025263803797451436
uniform,2455,6,0.5,5636,0.01842513513830485
uniform,2455,6,0.75,8453,0.013556279799720052
uniform,2455,7,0.375,4227,0.02968122892461038
uniform,2455,7,0.5,5636,0.025670296363471498
uniform,2455,7,0.75,8453,0.01638489565849406
uniform,2455,8,0.375,4227,0.030654533312121146
uniform,2455,8,0.5,5636,0.01640154831923625
uniform,2455,8,0.75,8453,0.015666191454237765
uniform,2032,6,0.375,4227,0.010003537242571633
uniform,2032,6,0.5,5636,0.006961084393580576
uniform,2032,6,0.75,8453,0.005278048620061963
uniform,2032,7,0.375,4227,0.010483760853219679
uniform,2032,7,0.5,5636,0.009318599867658688
uniform,2032,7,0.75,8453,0.0055349300041568775
uniform,2032,8,0.375,4227,0.011075976356016617
uniform,2032,8,0.5,5636,0.010056082566544397
uniform,2032,8,0.75,8453,0.006190875648233641
uniform,1868,6,0.375,4227,0.007942346629804793
uniform,1868,6,0.5,5636,0.006845005422391622
uniform,1868,6,0.75,8453,0.004537877638628036
uniform,1868,7,0.375,4227,0.011018716105783168
uniform,1868,7,0.5,5636,0.012873697899224155
uniform,1868,7,0.75,8453,0.006071952872427521
uniform,1868,8,0.375,4227,0.012843478203955608
uniform,1868,8,0.5,5636,0.01155719573875082
uniform,1868,8,0.75,8453,0.007242133811267234
uniform,2309,6,0.375,4227,0.011620031331453368
uniform,2309,6,0.5,5636,0.009051456932121466
uniform,2309,6,0.75,8453,0.006005165345840125
uniform,2309,7,0.375,4227,0.017746314208760036
uniform,2309,7,0.5,5636,0.010472610795184698
uniform,2309,7,0.75,8453,0.00459032508005251
uniform,2309,8,0.375,4227,0.01647671698637076
uniform,2309,8,0.5,5636,0.010926295601266857
uniform,2309,8,0.75,8453,0.0065833810413169136
uniform,2085,6,0.375,4227,0.010738695253989954
uniform,2085,6,0.5,5636,0.006821609247738074
uniform,2085,6,0.75,8453,0.003321952476403909
uniform,2085,7,0.375,4227,0.007906548603838753
uniform,2085,7,0.5,5636,0.006211148875174295
uniform,2085,7,0.75,8453,0.003971005934408706
uniform,2085,8,0.375,4227,0.014182307515098346
uniform,2085,8,0.5,5636,0.008805909943814586
uniform,2085,8,0.75,8453,0.004030216493227251
ca,1491,6,0.375,4227,0.007386967638854048
ca,1491,6,0.5,5636,0.007174325951670281
ca,1491,6,0.75,8453,0.008438528392444463
ca,1491,7,0.375,4227,0.00974967915076104
ca,1491,7,0.5,5636,0.009461962876165643
ca,1491,7,0.75,8453,0.008011657502424264
ca,1491,8,0.375,4227,0.008024890875720883
ca,1491,8,0.5,5636,0.007177764552827281
ca,1491,8,0.75,8453,0.007889551057629042
ca,1869,6,0.375,4227,0.012654093989771754
ca,1869,6,0.5,5636,0.009893487310817779
ca,1869,6,0.75,8453,0.006145973407430884
ca,1869,7,0.375,4227,0.011873419034787353
ca,1869,7,0.5,5636,0.008949920805756954
ca,1869,7,0.75,8453,0.006337074285944201
ca,1869,8,0.375,4227,0.009701891017267787
ca,1869,8,0.5,5636,0.008623391389773647
ca,1869,8,0.75,8453,0.006930809684775591
ca,2394,6,0.375,4227,0.010325465555974496
ca,2394,6,0.5,5636,0.0084489124679794
ca,2394,6,0.75,8453,0.009128155708267638
ca,2394,7,0.375,4227,0.008660987767644198
ca,2394,7,0.5,5636,0.008700863020735953
ca,2394,7,0.75,8453,0.008785605108823437
ca,2394,8,0.375,4227,0.008393163380995848
ca,2394,8,0.5,5636,0.007926751398141613
ca,2394,8,0.75,8453,0.009355820730356285
ca,2302,6,0.375,4227,0.011800323421574393
ca,2302,6,0.5,5636,0.011593402746716186
ca,2302,6,0.75,8453,0.012733777800935804
ca,2302,7,0.375,4227,0.012230083852882231
ca,2302,7,0.5,5636,0.01054520751954237
ca,2302,7,0.75,8453,0.012344313926001051
ca,2302,8,0.375,4227,0.011031959876763572
ca,2302,8,0.5,5636,0.011411907642243261
ca,2302,8,0.75,8453,0.012047003069997349
ca,1954,6,0.375,4227,0.010204086208620577
ca,1954,6,0.5,5636,0.009387412742385649
ca,1954,6,0.75,8453,0.009901400244657918
ca,1954,7,0.375,4227,0.010514917107983166
ca,1954,7,0.5,5636,0.009751393932255492
ca,1954,7,0.75,8453,0.009925242956079112
ca,1954,8,0.375,4227,0.00988728002232506
ca,1954,8,0.5,5636,0.01013571232756168
ca,1954,8,0.75,8453,0.01005543200676075
ca,1580,6,0.375,4227,0.004108046217465372
ca,1580,6,0.5,5636,0.004560910623632567
ca,1580,6,0.75,8453,0.005773869148375046
ca,1580,7,0.375,4227,0.005117053986140643
ca,1580,7,0.5,5636,0.004212148057295818
ca,1580,7,0.75,8453,0.005890456795289255
ca,1580,8,0.375,4227,0.0038497155626693994
ca,1580,8,0.5,5636,0.0035174302795245296
ca,1580,8,0.75,8453,0.005316012532388756
ca,2070,6,0.375,4227,0.005901238287469879
ca,2070,6,0.5,5636,0.0051058904636241565
ca,2070,6,0.75,8453,0.003919628973771879
ca,2070,7,0.375,4227,0.004912375059630885
ca,2070,7,0.5,5636,0.004266585780087366
ca,2070,7,0.75,8453,0.003909407283267605
ca,2070,8,0.375,4227,0.006530890868715088
ca,2070,8,0.5,5636,0.005495646045617281
ca,2070,8,0.75,8453,0.0042091916512383065
ca,1764,6,0.375,4227,0.0049307845604353775
ca,1764,6,0.5,5636,0.003104969073778976
ca,1764,6,0.75,8453,0.0019247948237978187
ca,1764,7,0.375,4227,0.0033631542150850484
ca,1764,7,0.5,5636,0.00243374404590859
ca,1764,7,0.75,8453,0.0019587350831483316
ca,1764,8,0.375,4227,0.003870385744891834
ca,1764,8,0.5,5636,0.0024265677521361647
ca,1764,8,0.75,8453,0.001946815880731992
ca,1436,6,0.375,4227,0.010775240664581237
ca,1436,6,0.5,5636,0.005092611419391123
ca,1436,6,0.75,8453,0.004371064017118895
ca,1436,7,0.375,4227,0.009587407611084668
ca,1436,7,0.5,5636,0.006569173738372248
ca,1436,7,0.75,8453,0.004275588919763484
ca,1436,8,0.375,4227,0.00981504436548714
ca,1436,8,0.5,5636,0.004796159038035848
ca,1436,8,0.75,8453,0.004279754035541057
ca,1368,6,0.375,4227,0.014190046575902563
ca,1368,6,0.5,5636,0.011290270421084764
ca,1368,6,0.75,8453,0.009216457894138464
ca,1368,7,0.375,4227,0.010418017561367943
ca,1368,7,0.5,5636,0.010121684880738556
ca,1368,7,0.75,8453,0.008848974605377966
ca,1368,8,0.375,4227,0.011917291023963479
ca,1368,8,0.5,5636,0.010568195378178366
ca,1368,8,0.75,8453,0.00954891271463177
ca,2049,6,0.375,4227,0.002513675769003687
ca,2049,6,0.5,5636,0.0019447672102273085
ca,2049,6,0.75,8453,0.002360240438380118
ca,2049,7,0.375,4227,0.003240679670437362
ca,2049,7,0.5,5636,0.0025273675463561673
ca,2049,7,0.75,8453,0.0024952935338497864
ca,2049,8,0.375,4227,0.002589649587819396
ca,2049,8,0.5,5636,0.0027208917666872575
ca,2049,8,0.75,8453,0.0022547977080814383
ca,1727,6,0.375,4227,0.004255617399024077
ca,1727,6,0.5,5636,0.0028374159657739173
ca,1727,6,0.75,8453,0.0029711359534503427
ca,1727,7,0.375,4227,0.0036611542729564207
ca,1727,7,0.5,5636,0.0032462012598168943
ca,1727,7,0.75,8453,0.002791176488576311
ca,1727,8,0.375,4227,0.004151811871482235
ca,1727,8,0.5,5636,0.003054129359240906
ca,1727,8,0.75,8453,0.0029386475087219257
cpg,1491,6,0.375,4227,0.009024681884061239
cpg,1491,6,0.5,5636,0.008062432222344226
cpg,1491,6,0.75,8453,0.008665293940780562
cpg,1491,7,0.375,4227,0.01031240638588099
cpg,1491,7,0.5,5636,0.008426083029048898
cpg,1491,7,0.75,8453,0.0075255295620135325
cpg,1491,8,0.375,4227,0.008809241563101207
cpg,1491,8,0.5,5636,0.009243423387482415
cpg,1491,8,0.75,8453,0.008113798466354887
cpg,1869,6,0.375,4227,0.011737955192005784
cpg,1869,6,0.5,5636,0.009144366945213629
cpg,1869,6,0.75,8453,0.006205642231952686
cpg,1869,7,0.375,4227,0.013376793773978914
cpg,1869,7,0.5,5636,0.007223864583043012
cpg,1869,7,0.75,8453,0.006126663480222432
cpg,1869,8,0.375,4227,0.012469255139880652
cpg,1869,8,0.5,5636,0.009300135796810546
cpg,1869,8,0.75,8453,0.005783962893701492
cpg,2394,6,0.375,4227,0.013832737841765523
cpg,2394,6,0.5,5636,0.01095327489548384
cpg,2394,6,0.75,8453,0.009943136835091545
cpg,2394,7,0.375,4227,0.009959342791042674
cpg,2394,7,0.5,5636,0.01020803468064597
cpg,2394,7,0.75,8453,0.009544902006464464
cpg,2394,8,0.375,4227,0.007829979346764816
cpg,2394,8,0.5,5636,0.008703167523009824
cpg,2394,8,0.75,8453,0.009133143522624322
cpg,2302,6,0.375,4227,0.011516317981128297
cpg,2302,6,0.5,5636,0.010877911545121422
cpg,2302,6,0.75,8453,0.01229354535537365
cpg,2302,7,0.375,4227,0.011777756771109593
cpg,2302,7,0.5,5636,0.011959237970877903
cpg,2302,7,0.75,8453,0.012614607972671634
cpg,2302,8,0.375,4227,0.011790467644861299
cpg,2302,8,0.5,5636,0.011822608095133141
cpg,2302,8,0.75,8453,0.012125252125621853
cpg,1954,6,0.375,4227,0.009649368343586246
cpg,1954,6,0.5,5636,0.009930149651177935
cpg,1954,6,0.75,8453,0.010142579004758161
cpg,1954,7,0.375,4227,0.011275175425287647
cpg,1954,7,0.5,5636,0.010195779405684703
cpg,1954,7,0.75,8453,0.010045716363562756
cpg,1954,8,0.375,4227,0.008500424055987684
cpg,1954,8,0.5,5636,0.010481597412475367
cpg,1954,8,0.75,8453,0.010157276521493733
cpg,1580,6,0.375,4227,0.0069592741938089096
cpg,1580,6,0.5,5636,0.004430499271295329
cpg,1580,6,0.75,8453,0.005599624059400943
cpg,1580,7,0.375,4227,0.0031824035799012484
cpg,1580,7,0.5,5636,0.003058787200429915
cpg,1580,7,0.75,8453,0.005516634181233603
cpg,1580,8,0.375,4227,0.005321525611986647
cpg,1580,8,0.5,5636,0.004530890763744812
cpg,1580,8,0.75,8453,0.005118535967682833
cpg,2070,6,0.375,4227,0.0058790209882845414
cpg,2070,6,0.5,5636,0.006741650609030857
cpg,2070,6,0.75,8453,0.004601381402149473
cpg,2070,7,0.375,4227,0.00581418996380929
cpg,2070,7,0.5,5636,0.004535045373097887
cpg,2070,7,0.75,8453,0.004099455857389275
cpg,2070,8,0.375,4227,0.006726108340860452
cpg,2070,8,0.5,5636,0.004752687528494364
cpg,2070,8,0.75,8453,0.004104992998384297
cpg,1764,6,0.375,4227,0.0047961130281081775
cpg,1764,6,0.5,5636,0.0022511044390079735
cpg,1764,6,0.75,8453,0.0019164154289821236
cpg,1764,7,0.375,4227,0.005464708393747257
cpg,1764,7,0.5,5636,0.0033964878812943354
cpg,1764,7,0.75,8453,0.001985247018980076
cpg,1764,8,0.375,4227,0.003776492669057765
cpg,1764,8,0.5,5636,0.002336278830309929
cpg,1764,8,0.75,8453,0.0019597575918285323
cpg,1436,6,0.375,4227,0.0062598803532516924
cpg,1436,6,0.5,5636,0.004737449222510303
cpg,1436,6,0.75,8453,0.004490989208921325
cpg,1436,7,0.375,4227,0.006238595494488681
cpg,1436,7,0.5,5636,0.005308353999813899
cpg,1436,7,0.75,8453,0.004421675928978822
cpg,1436,8,0.375,4227,0.010915446023511603
cpg,1436,8,0.5,5636,0.007505920072191119
cpg,1436,8,0.75,8453,0.004483708950637314
cpg,1368,6,0.375,4227,0.013466189580090203
cpg,1368,6,0.5,5636,0.011501480284096427
cpg,1368,6,0.75,8453,0.008762025699363204
cpg,1368,7,0.375,4227,0.011967649203495108
cpg,1368,7,0.5,5636,0.009888892345254223
cpg,1368,7,0.75,8453,0.008804488230177793
cpg,1368,8,0.375,4227,0.009886503529885286
cpg,1368,8,0.5,5636,0.010048504448889153
cpg,1368,8,0.75,8453,0.009131554985190636
cpg,2049,6,0.375,4227,0.003068669665969584
cpg,2049,6,0.5,5636,0.002138956128638309
cpg,2049,6,0.75,8453,0.002311492598168688
cpg,2049,7,0.375,4227,0.0031197050512164963
cpg,2049,7,0.5,5636,0.0020882628889560073
cpg,2049,7,0.75,8453,0.0025711971422591622
cpg,2049,8,0.375,4227,0.00304318099507466
cpg,2049,8,0.5,5636,0.0022249654742896537
cpg,2049,8,0.75,8453,0.002412170561374264
cpg,1727,6,0.375,4227,0.003470815027122204
cpg,1727,6,0.5,5636,0.0034038282980941624
cpg,1727,6,0.75,8453,0.002681677961141308
cpg,1727,7,0.375,4227,0.0065226810428492795
cpg,1727,7,0.5,5636,0.003934388632317965
cpg,1727,7,0.75,8453,0.0028714817287900096
cpg,1727,8,0.375,4227,0.004620368574552756
cpg,1727,8,0.5,5636,0.0029848132908867524
cpg,1727,8,0.75,8453,0.0027346076127413585
pi,1491,6,0.375,4227,0.010632223303347885
pi,1491,6,0.5,5636,0.009142529763006795
pi,1491,6,0.75,8453,0.00804117521617159
pi,1491,7,0.375,4227,0.009688360034850022
pi,1491,7,0.5,5636,0.009055104935285744
pi,1491,7,0.75,8453,0.008414525730371308
pi,1491,8,0.375,4227,0.006735875843211408
pi,1491,8,0.5,5636,0.007184952110641738
pi,1491,8,0.75,8453,0.008277426168982954
pi,1869,6,0.375,4227,0.011919463286962842
pi,1869,6,0.5,5636,0.010234134270172137
pi,1869,6,0.75,8453,0.006733080608353943
pi,1869,7,0.375,4227,0.011955527713744828
pi,1869,7,0.5,5636,0.010779991545083321
pi,1869,7,0.75,8453,0.006272877456944231
pi,1869,8,0.375,4227,0.012075510129297097
pi,1869,8,0.5,5636,0.009172042687130358
pi,1869,8,0.75,8453,0.005582464214257191
pi,2394,6,0.375,4227,0.00976905705603174
pi,2394,6,0.5,5636,0.009819951526094375
pi,2394,6,0.75,8453,0.009493001439199877
pi,2394,7,0.375,4227,0.01007371369267768
pi,2394,7,0.5,5636,0.007952962424167539
pi,2394,7,0.75,8453,0.008555058051530678
pi,2394,8,0.375,4227,0.012242466710830775
pi,2394,8,0.5,5636,0.010006221044296111
pi,2394,8,0.75,8453,0.009946220823636491
pi,2302,6,0.375,4227,0.011859282336765751
pi,2302,6,0.5,5636,0.01184630784300178
pi,2302,6,0.75,8453,0.012371431580547125
pi,2302,7,0.375,4227,0.01440345929465631
pi,2302,7,0.5,5636,0.012384541364472241
pi,2302,7,0.75,8453,0.012417203086119159
pi,2302,8,0.375,4227,0.011853464143580524
pi,2302,8,0.5,5636,0.011615340827990681
pi,2302,8,0.75,8453,0.01237029201752009
pi,1954,6,0.375,4227,0.009738495249932172
pi,1954,6,0.5,5636,0.009793410533937627
pi,1954,6,0.75,8453,0.01021775695454716
pi,1954,7,0.375,4227,0.01046207983082713
pi,1954,7,0.5,5636,0.010006520837220197
pi,1954,7,0.75,8453,0.009976540136729111
pi,1954,8,0.375,4227,0.009819459308428221
pi,1954,8,0.5,5636,0.010191973024351191
pi,1954,8,0.75,8453,0.010017618659785303
pi,1580,6,0.375,4227,0.006174208000706383
pi,1580,6,0.5,5636,0.00471315185711001
pi,1580,6,0.75,8453,0.005781667104222339
pi,1580,7,0.375,4227,0.006783230308801281
pi,1580,7,0.5,5636,0.004945261291095431
pi,1580,7,0.75,8453,0.004966982715510534
pi,1580,8,0.375,4227,0.0064266989768162275
pi,1580,8,0.5,5636,0.006031040749740596
pi,1580,8,0.75,8453,0.00517766687701909
pi,2070,6,0.375,4227,0.008086530283667308
pi,2070,6,0.5,5636,0.0063332559275015516
pi,2070,6,0.75,8453,0.004239617852997879
pi,2070,7,0.375,4227,0.01047199559959618
pi,2070,7,0.5,5636,0.006295771045074053
pi,2070,7,0.75,8453,0.004377766499485344
pi,2070,8,0.375,4227,0.008265789620056248
pi,2070,8,0.5,5636,0.006144552707601798
pi,2070,8,0.75,8453,0.004620186959783773
pi,1764,6,0.375,4227,0.004768536280894759
pi,1764,6,0.5,5636,0.004761307757875827
pi,1764,6,0.75,8453,0.00202736551133876
pi,1764,7,0.375,4227,0.005871602327749745
pi,1764,7,0.5,5636,0.005192287893149225
pi,1764,7,0.75,8453,0.002017162730374108
pi,1764,8,0.375,4227,0.006104962148380923
pi,1764,8,0.5,5636,0.0033228084962300115
pi,1764,8,0.75,8453,0.001990375870224104
pi,1436,6,0.375,4227,0.0104557465732302
pi,1436,6,0.5,5636,0.0078313837280685
pi,1436,6,0.75,8453,0.005841284939580719
pi,1436,7,0.375,4227,0.011352564992962827
pi,1436,7,0.5,5636,0.009015887941870679
pi,1436,7,0.75,8453,0.00551408997116007
pi,1436,8,0.375,4227,0.011019241395430375
pi,1436,8,0.5,5636,0.009625563855643329
pi,1436,8,0.75,8453,0.00512375188227632
pi,1368,6,0.375,4227,0.01278210763689537
pi,1368,6,0.5,5636,0.010935465547033252
pi,1368,6,0.75,8453,0.00954107650960707
pi,1368,7,0.375,4227,0.012828572089214113
pi,1368,7,0.5,5636,0.011360964537272466
pi,1368,7,0.75,8453,0.00915867192232535
pi,1368,8,0.375,4227,0.012722106910335845
pi,1368,8,0.5,5636,0.011027598031041273
pi,1368,8,0.75,8453,0.009178688259520939
pi,2049,6,0.375,4227,0.003148367429065475
pi,2049,6,0.5,5636,0.0020749798680533274
pi,2049,6,0.75,8453,0.002346998990472542
pi,2049,7,0.375,4227,0.0029012723565017247
pi,2049,7,0.5,5636,0.0020056444289966403
pi,2049,7,0.75,8453,0.002476183102564869
pi,2049,8,0.375,4227,0.0033398606599969764
pi,2049,8,0.5,5636,0.0024076856828554186
pi,2049,8,0.75,8453,0.002479538458875383
pi,1727,6,0.375,4227,0.008247468719157608
pi,1727,6,0.5,5636,0.004678459403116222
pi,1727,6,0.75,8453,0.002819332293401105
pi,1727,7,0.375,4227,0.008248626683522789
pi,1727,7,0.5,5636,0.005228420524397095
pi,1727,7,0.75,8453,0.0034267546959708723
pi,1727,8,0.375,4227,0.00846695158179853
pi,1727,8,0.5,5636,0.006683912291985843
pi,1727,8,0.75,8453,0.002748903006358564
uniform,1491,6,0.375,4227,0.011832483919392766
uniform,1491,6,0.5,5636,0.011210037957014508
uniform,1491,6,0.75,8453,0.010812329124024762
uniform,1491,7,0.375,4227,0.015855843875296528
uniform,1491,7,0.5,5636,0.013967143848636666
uniform,1491,7,0.75,8453,0.009516747960245793
uniform,1491,8,0.375,4227,0.015311691404028455
uniform,1491,8,0.5,5636,0.011366473911095572
uniform,1491,8,0.75,8453,0.012199617332780337
uniform,1869,6,0.375,4227,0.008881453128862715
uniform,1869,6,0.5,5636,0.007699013384094581
uniform,1869,6,0.75,8453,0.006331688535452066
uniform,1869,7,0.375,4227,0.010828928180395441
uniform,1869,7,0.5,5636,0.012478019450311174
uniform,1869,7,0.75,8453,0.007148894913167246
uniform,1869,8,0.375,4227,0.01217427207429508
uniform,1869,8,0.5,5636,0.008430035385955272
uniform,1869,8,0.75,8453,0.007434498613858392
uniform,2394,6,0.375,4227,0.018675177464071598
uniform,2394,6,0.5,5636,0.01550361302799445
uniform,2394,6,0.75,8453,0.011791214587290384
uniform,2394,7,0.375,4227,0.015823845472212262
uniform,2394,7,0.5,5636,0.01292477071466396
uniform,2394,7,0.75,8453,0.011027641177174996
uniform,2394,8,0.375,4227,0.015178204507708959
uniform,2394,8,0.5,5636,0.011203020534844782
uniform,2394,8,0.75,8453,0.010911158424377511
uniform,2302,6,0.375,4227,0.012194125068874245
uniform,2302,6,0.5,5636,0.011802687399800916
uniform,2302,6,0.75,8453,0.013086277282973974
uniform,2302,7,0.375,4227,0.012173592927909276
uniform,2302,7,0.5,5636,0.014140478218368488
uniform,2302,7,0.75,8453,0.01326922544763603
uniform,2302,8,0.375,4227,0.010593394515913304
uniform,2302,8,0.5,5636,0.010971303767621206
uniform,2302,8,0.75,8453,0.012400708073562123
uniform,1954,6,0.375,4227,0.012593371124073684
uniform,1954,6,0.5,5636,0.010144442061152632
uniform,1954,6,0.75,8453,0.0100983399788671
uniform,1954,7,0.375,4227,0.013718864321054907
uniform,1954,7,0.5,5636,0.011879867313480182
uniform,1954,7,0.75,8453,0.010619326360744204
uniform,1954,8,0.375,4227,0.013321410146826447
uniform,1954,8,0.5,5636,0.012238858547823153
uniform,1954,8,0.75,8453,0.00992522879589584
uniform,1580,6,0.375,4227,0.010752935786812261
uniform,1580,6,0.5,5636,0.009809243731282016
uniform,1580,6,0.75,8453,0.005724040805468121
uniform,1580,7,0.375,4227,0.010498521487206154
uniform,1580,7,0.5,5636,0.009268046116943762
uniform,1580,7,0.75,8453,0.006053358115100487
uniform,1580,8,0.375,4227,0.012017408771144425
uniform,1580,8,0.5,5636,0.008544543507305293
uniform,1580,8,0.75,8453,0.00809424749897101
uniform,2070,6,0.375,4227,0.013763223812425727
uniform,2070,6,0.5,5636,0.010924056800939733
uniform,2070,6,0.75,8453,0.007912916120076944
uniform,2070,7,0.375,4227,0.012176078961161381
uniform,2070,7,0.5,5636,0.009458324532062216
uniform,2070,7,0.75,8453,0.007101584688858474
uniform,2070,8,0.375,4227,0.011376884019089794
uniform,2070,8,0.5,5636,0.011022203645770797
uniform,2070,8,0.75,8453,0.005798601720219476
uniform,1764,6,0.375,4227,0.010927394637886565
uniform,1764,6,0.5,5636,0.008789474346756187
uniform,1764,6,0.75,8453,0.004406594264973175
uniform,1764,7,0.375,4227,0.009297498792401833
uniform,1764,7,0.5,5636,0.008136283699708334
uniform,1764,7,0.75,8453,0.005268862859613221
uniform,1764,8,0.375,4227,0.011832163363625945
uniform,1764,8,0.5,5636,0.00805244219305771
uniform,1764,8,0.75,8453,0.005297533061626318
uniform,1436,6,0.375,4227,0.01910225765989071
uniform,1436,6,0.5,5636,0.0132910005115497
uniform,1436,6,0.75,8453,0.00888710645412606
uniform,1436,7,0.375,4227,0.01541412199462245
uniform,1436,7,0.5,5636,0.011914316726524633
uniform,1436,7,0.75,8453,0.011873201781800334
uniform,1436,8,0.375,4227,0.017435762715192142
uniform,1436,8,0.5,5636,0.015782498120196463
uniform,1436,8,0.75,8453,0.008617722232487517
uniform,1368,6,0.375,4227,0.024224954977227597
uniform,1368,6,0.5,5636,0.015523202206213976
uniform,1368,6,0.75,8453,0.011143312186786975
uniform,1368,7,0.375,4227,0.028512468131720058
uniform,1368,7,0.5,5636,0.015131847229455231
uniform,1368,7,0.75,8453,0.013023948433879821
uniform,1368,8,0.375,4227,0.025388921112095095
uniform,1368,8,0.5,5636,0.01724688342892948
uniform,1368,8,0.75,8453,0.008550831704112345
uniform,2049,6,0.375,4227,0.0050588332027530535
uniform,2049,6,0.5,5636,0.00414975904350119
uniform,2049,6,0.75,8453,0.003324966452023598
uniform,2049,7,0.375,4227,0.00648197935220094
uniform,2049,7,0.5,5636,0.005533136465687646
uniform,2049,7,0.75,8453,0.00269317628030338
uniform,2049,8,0.375,4227,0.005080331824201042
uniform,2049,8,0.5,5636,0.004320825220467576
uniform,2049,8,0.75,8453,0.0036094355270576235
uniform,1727,6,0.375,4227,0.014669821816096735
uniform,1727,6,0.5,5636,0.012792374739263318
uniform,1727,6,0.75,8453,0.006243700816151367
uniform,1727,7,0.375,4227,0.01335542655341497
uniform,1727,7,0.5,5636,0.008984163906464778
uniform,1727,7,0.75,8453,0.006899528837764203
uniform,1727,8,0.375,4227,0.011465427117270536
uniform,1727,8,0.5,5636,0.009106806308787815
uniform,1727,8,0.75,8453,0.005335374920867879
