epoch,train_relative_l2,validation_relative_l2,best_validation_relative_l2,epoch_seconds
1,0.6645121554136276,0.07690335420891642,0.07690335420891642,5.141637429594994
2,0.6241181191951036,0.077618318926543,0.07690335420891642,3.803010053932667
3,0.6204764308035373,0.0741558170877397,0.0741558170877397,3.6521237194538116
4,0.6152673324048519,0.07508534895256162,0.0741558170877397,3.596174418926239
5,0.6132613134086132,0.0766293912101537,0.0741558170877397,3.6151817589998245
6,0.6108151832222939,0.07404126989655196,0.07404126989655196,3.7372337952256203
7,0.6116019590497017,0.07471030054613947,0.07404126989655196,3.560061641037464
8,0.6092850929200649,0.07523126217536628,0.07404126989655196,3.6608802378177643
9,0.6077174893021584,0.07513836397789418,0.07404126989655196,3.513256311416626
10,0.609429459631443,0.07535668821074068,0.07404126989655196,3.554987460374832
11,0.6119592367708683,0.07548369149677456,0.07404126989655196,3.5863575115799904
12,0.6112576621174812,0.07652109943330287,0.07404126989655196,3.5250645205378532
13,0.6062466497123241,0.07397110615856946,0.07397110615856946,3.7024246528744698
14,0.6091923263967037,0.07472193766385317,0.07397110615856946,3.6292267069220543
15,0.6111958642899991,0.07473362465389073,0.07397110615856946,3.5438788011670113
16,0.6092858370840549,0.0775820598192513,0.07397110615856946,3.5327233374118805
17,0.6083571957051754,0.07482992475852371,0.07397110615856946,3.5056848376989365
18,0.611772197753191,0.07453560187481344,0.07397110615856946,3.6218408793210983
19,0.6068465829789639,0.07470488983206451,0.07397110615856946,3.6701595038175583
20,0.6090639796555042,0.07420800881460309,0.07397110615856946,3.622389242053032
21,0.6123024509102106,0.07463102807290851,0.07397110615856946,3.6457448080182076
22,0.6095061039626598,0.07448125528171659,0.07397110615856946,3.688232995569706
23,0.6067290661931037,0.07465149373747408,0.07397110615856946,3.6269378811120987
24,0.6034979707300663,0.07578108847141266,0.07397110615856946,3.6521510183811188
25,0.6062170791327953,0.07558504685759544,0.07397110615856946,3.6161742359399796
26,0.6021907642036677,0.07283805375918746,0.07283805375918746,4.020211793482304
27,0.5924154507815838,0.07119732594117523,0.07119732594117523,3.8613561391830444
28,0.569731431633234,0.06802314871922135,0.06802314871922135,3.8230527117848396
29,0.5917385141551494,0.0821032103523612,0.06802314871922135,3.63546322286129
30,0.5897266547679901,0.07321707554161548,0.06802314871922135,3.7005503475666046
31,0.5804376423060894,0.06862974014133215,0.06802314871922135,3.678073652088642
32,0.5819059818834066,0.06824622611515224,0.06802314871922135,3.7629112526774406
33,0.5749584223926067,0.07338457508012652,0.06802314871922135,3.6430090442299843
34,0.5685860948562622,0.06418711384758354,0.06418711384758354,4.037013776600361
35,0.5731533731669187,0.07031263278797269,0.06418711384758354,3.671215735375881
36,0.5598299585282802,0.06691247035749256,0.06418711384758354,3.71506879478693
37,0.5539289480000734,0.0750153703801334,0.06418711384758354,3.5830974504351616
38,0.5591080292761326,0.06097766352817416,0.06097766352817416,3.7654313147068024
39,0.5497012530863286,0.06581063536927104,0.06097766352817416,3.697235517203808
40,0.5382952905595303,0.06679936276748777,0.06097766352817416,3.6611636504530907
41,0.5596144907474517,0.06244282186031341,0.06097766352817416,3.6268440932035446
42,0.5248815357685089,0.05951250736601651,0.05951250736601651,3.8195120841264725
43,0.5109647699892521,0.06263860723003745,0.05951250736601651,3.6487976908683777
44,0.5526202259361744,0.058540167044848206,0.058540167044848206,3.7513010129332542
45,0.5625920645147562,0.0632967522740364,0.058540167044848206,3.725291021168232
46,0.5237890387922526,0.06629777770489455,0.058540167044848206,3.6754455491900444
47,0.5452148497998714,0.06225302843376994,0.058540167044848206,3.660786919295788
48,0.5632138709872961,0.06605159539729356,0.058540167044848206,3.6043920889496803
49,0.5828006526529789,0.06045843587256968,0.058540167044848206,3.6427882611751556
50,0.5813636929094791,0.07008112252689898,0.058540167044848206,3.6566090434789658
51,0.529535519555211,0.05985320173203945,0.058540167044848206,3.6197400614619255
52,0.5464775307923555,0.06421083058230578,0.058540167044848206,3.5749899074435234
53,0.512252569720149,0.06049084577709436,0.058540167044848206,3.5766258016228676
54,0.5271481149792672,0.06151197822764516,0.058540167044848206,3.55120612680912
55,0.5112617078125476,0.0687787620164454,0.058540167044848206,3.5499887838959694
56,0.5397243526279927,0.057248286725953224,0.057248286725953224,3.6725369840860367
57,0.5133586213886738,0.05589892696589231,0.05589892696589231,3.7705385759472847
58,0.5147286069244147,0.056085910759866235,0.05589892696589231,3.5488602593541145
59,0.5549715512096882,0.0819825641065836,0.05589892696589231,3.6198914870619774
60,0.514608417391777,0.0606922890432179,0.05589892696589231,3.58835019916296
61,0.5083073759675026,0.05719690275378525,0.05589892696589231,3.526680551469326
62,0.5105648920983076,0.056897784788161515,0.05589892696589231,3.576057218015194
63,0.480606105864048,0.0569866485055536,0.05589892696589231,3.5607198402285576
64,0.4858231151849031,0.05377995648421347,0.05377995648421347,3.627042680978775
65,0.4947843526005745,0.05521275890991092,0.05377995648421347,3.499922998249531
66,0.4999517537504435,0.06300347690470516,0.05377995648421347,3.6321088671684265
67,0.485275589376688,0.05452821314334869,0.05377995648421347,3.6406766697764397
68,0.5035055633634329,0.052129699802026155,0.052129699802026155,3.7847560048103333
69,0.4769692294448614,0.06900452830828727,0.052129699802026155,3.6393977478146553
70,0.48981457169353965,0.051193683501333,0.051193683501333,3.834425300359726
71,0.4987227172255516,0.05259821624495089,0.051193683501333,3.825849696993828
72,0.461944727435708,0.05233394987881183,0.051193683501333,3.5902169346809387
73,0.4506456428319216,0.047003802908584476,0.047003802908584476,3.7377540469169617
74,0.45106375333666804,0.055413542352616786,0.047003802908584476,3.6822322458028793
75,0.43663522408902644,0.045983014740049837,0.045983014740049837,3.7675999775528908
76,0.42686866809427737,0.04516855902038515,0.04516855902038515,3.747738257050514
77,0.44669083727896214,0.04477891485206783,0.04477891485206783,3.7312518805265427
78,0.4618329856842756,0.06060293523594737,0.04477891485206783,3.755199946463108
79,0.44981246906518935,0.04992306102067232,0.04477891485206783,3.6844876930117607
80,0.44164065083861354,0.05135902736335993,0.04477891485206783,3.6638098284602165
81,0.4081801849603653,0.04681684168986976,0.04477891485206783,3.6025927662849426
82,0.3966143312603235,0.054201600523665544,0.04477891485206783,3.657382197678089
83,0.41880254992842675,0.04374482301063835,0.04374482301063835,3.720579318702221
84,0.38682496318221093,0.04207354600541294,0.04207354600541294,3.7180089876055717
85,0.39866748048365114,0.044655354050919416,0.04207354600541294,3.6731826215982437
86,0.4008897205591202,0.051211315570399166,0.04207354600541294,3.580914191901684
87,0.38868341340124607,0.04035570135340095,0.04035570135340095,3.6247532814741135
88,0.3572511087656021,0.04141655490733683,0.04035570135340095,3.490231841802597
89,0.39590396457910537,0.04880944486707449,0.04035570135340095,3.51476126909256
90,0.4061496626287699,0.03964800290763378,0.03964800290763378,3.631066881120205
91,0.3656384888738394,0.03360546581447124,0.03360546581447124,3.6919808238744736
92,0.3147323039472103,0.02931351120583713,0.02931351120583713,3.6315723657608032
93,0.3331954001188278,0.03787953401915729,0.02931351120583713,3.607695832848549
94,0.34392124646902084,0.050071577802300454,0.02931351120583713,3.5371413975954056
95,0.3768107800483704,0.04297970135696232,0.02931351120583713,3.5319847017526627
96,0.3161395222395659,0.03671654966659844,0.02931351120583713,3.7096729576587677
97,0.35541971372067926,0.0503753124922514,0.02931351120583713,3.558477595448494
98,0.3473940848559141,0.03402233617380261,0.02931351120583713,3.537751242518425
99,0.33857335433363916,0.03896862542256713,0.02931351120583713,3.6666997745633125
100,0.32652127054333685,0.0330161412153393,0.02931351120583713,3.705471709370613
101,0.34223528361320493,0.03898274245671928,0.02931351120583713,3.615784242749214
102,0.3843704783469439,0.05529633801430464,0.02931351120583713,3.6579682379961014
103,0.36325194157660007,0.04498507578857243,0.02931351120583713,4.083315670490265
104,0.3570185492634773,0.05010675553232431,0.02931351120583713,3.8639327362179756
105,0.3801718220710754,0.035133834779262546,0.02931351120583713,3.9957891702651978
106,0.33896876859664915,0.04582962039858103,0.02931351120583713,3.7917094230651855
107,0.31236416383832694,0.03236073549836874,0.02931351120583713,4.693976134061813
108,0.30746789138019087,0.03745002501644194,0.02931351120583713,4.674685969948769
109,0.3285803085565567,0.03643815104849637,0.02931351120583713,3.6552341654896736
110,0.33139443369209765,0.03997433022595942,0.02931351120583713,3.739839628338814
111,0.30461640590429306,0.03718109985813498,0.02931351120583713,3.8934366405010223
112,0.3051092834919691,0.029815742038190363,0.02931351120583713,3.7814182117581367
113,0.28724219684302804,0.04100376818329096,0.02931351120583713,3.73741801828146
114,0.2862691567540169,0.02921430058311671,0.02921430058311671,3.89765527844429
115,0.2810949811041355,0.029270962327718735,0.02921430058311671,3.6815105229616165
116,0.27340637643635274,0.029435664755292235,0.02921430058311671,3.713355489075184
117,0.29682094857096675,0.03503984128125012,0.02921430058311671,3.7255060970783234
118,0.29823382759839295,0.04453519466333091,0.02921430058311671,3.7102854251861572
119,0.317108212120831,0.029579936880618333,0.02921430058311671,3.8217467963695526
120,0.3201455146744847,0.03893427778035402,0.02921430058311671,3.860586941242218
121,0.27072964987158776,0.02660511853173375,0.02660511853173375,3.857401989400387
122,0.29195860324800016,0.03379171215929091,0.02660511853173375,3.784514769911766
123,0.27069836312532425,0.029590347232297063,0.02660511853173375,3.781384028494358
124,0.3069741979390383,0.0316272194776684,0.02660511853173375,3.737820476293564
125,0.29102722885459664,0.032461304711177946,0.02660511853173375,3.7042182981967926
126,0.26407223554700615,0.025301816943101584,0.025301816943101584,3.7845466136932373
127,0.25713862335681914,0.02909108859486878,0.025301816943101584,3.6758293882012367
128,0.27878215013444424,0.032598190498538314,0.025301816943101584,3.7168264910578728
129,0.2802858738750219,0.03258790389169008,0.025301816943101584,3.689261220395565
130,0.29928817341476677,0.03761619179043919,0.025301816943101584,3.7669229358434677
131,0.2682505022808909,0.039096179939806464,0.025301816943101584,4.491540044546127
132,0.26721282878518104,0.04090832973830402,0.025301816943101584,4.88193092495203
133,0.2814756140485406,0.03184248469304293,0.025301816943101584,4.832951113581657
134,0.2807091596275568,0.04288186279125512,0.025301816943101584,4.69342615455389
135,0.2976434963345528,0.028626409084536134,0.025301816943101584,4.558668628334999
136,0.2586834412738681,0.024087850581854583,0.024087850581854583,4.213575065135956
137,0.27625834330171345,0.02523338479921222,0.024087850581854583,4.518485829234123
138,0.24898407731950284,0.033210964552126826,0.024087850581854583,4.498508870601654
139,0.272430973187089,0.025596285639330744,0.024087850581854583,3.458028092980385
140,0.25348896312713626,0.02563483264297247,0.024087850581854583,3.3281270638108253
141,0.2689266537874937,0.04954234790988266,0.024087850581854583,3.293347343802452
142,0.26446690148860214,0.03245744020212442,0.024087850581854583,3.281347371637821
143,0.2636092713326216,0.034721445217728616,0.024087850581854583,3.2539332285523415
144,0.26398314005881546,0.02960270843002945,0.024087850581854583,3.2585505917668343
145,0.27458763279020787,0.028922099028714,0.024087850581854583,3.310549385845661
146,0.28076428501307965,0.026090273172594606,0.024087850581854583,3.2636364325881004
147,0.23220260056108236,0.04206271209288388,0.024087850581854583,3.3331385627388954
148,0.2764676910713315,0.029201275068335236,0.024087850581854583,3.3327284306287766
149,0.23039584869891405,0.023344538575038314,0.023344538575038314,3.3872754499316216
150,0.2306087385714054,0.024099731668829918,0.023344538575038314,3.2437479570508003
151,0.2852134195268154,0.03369098346680403,0.023344538575038314,3.2457915768027306
152,0.2660119838565588,0.027393409395590426,0.023344538575038314,3.2510781437158585
153,0.2677765278667211,0.029586975583806633,0.023344538575038314,3.2086846455931664
154,0.274492160089314,0.03398984304163605,0.023344538575038314,3.2206679582595825
155,0.2642947812452912,0.027745992089621724,0.023344538575038314,3.2100842148065567
156,0.2279970640540123,0.02634129624348134,0.023344538575038314,3.1892109513282776
157,0.26633395786583425,0.02469268077518791,0.023344538575038314,3.2010435983538628
158,0.2609881610348821,0.034870645105838774,0.023344538575038314,3.2627266943454742
159,0.2574473647475243,0.03327619527466595,0.023344538575038314,3.2959328964352608
160,0.2793622369244695,0.026098512359894813,0.023344538575038314,3.217856414616108
161,0.2581089215502143,0.029336450984701515,0.023344538575038314,3.1575003936886787
162,0.23298659636080266,0.01885333507321775,0.01885333507321775,3.363574482500553
163,0.24659303686767817,0.023692728760652246,0.01885333507321775,3.2468103617429733
164,0.24996170511841773,0.03003274753689766,0.01885333507321775,3.2312597781419754
165,0.2686599271669984,0.03425867789424956,0.01885333507321775,3.1955513283610344
166,0.25714964911341665,0.032986114001832906,0.01885333507321775,3.237875558435917
167,0.20996451350301504,0.027025737212970854,0.01885333507321775,3.1423194855451584
168,0.23520291671156884,0.03478612208738923,0.01885333507321775,3.394778288900852
169,0.2402739760428667,0.03648515206761658,0.01885333507321775,3.1371975913643837
170,0.2487801245972514,0.02811500323470682,0.01885333507321775,3.1645976901054382
171,0.25787638600170615,0.02717522831633687,0.01885333507321775,3.266058072447777
172,0.2374579576700926,0.03439722292125225,0.01885333507321775,3.2394910901784897
173,0.25040930219739677,0.02521305532194674,0.01885333507321775,3.1819918528199196
174,0.23499420287460088,0.022353698248043657,0.01885333507321775,3.313626639544964
175,0.22783338835835457,0.027535149555187672,0.01885333507321775,3.333890028297901
176,0.24527104928344487,0.028401311044581233,0.01885333507321775,3.4110593125224113
177,0.2584364600628614,0.025237640868872403,0.01885333507321775,3.357752948999405
178,0.2100839004740119,0.02822599858045578,0.01885333507321775,3.38862644135952
179,0.23003081639111042,0.024169670841656624,0.01885333507321775,3.350202351808548
180,0.2489763130620122,0.02405514566693455,0.01885333507321775,3.358414553105831
181,0.25504314900934694,0.032881329003721475,0.01885333507321775,3.366136357188225
182,0.2243187925443053,0.040522898593917486,0.01885333507321775,3.3862908333539963
183,0.22043525612354278,0.034093205137178305,0.01885333507321775,3.4760110154747963
184,0.25732305807620287,0.023014076263643803,0.01885333507321775,3.386773444712162
185,0.20517945256829262,0.021101724575273692,0.01885333507321775,3.3763303011655807
186,0.24183961603045465,0.023254287305753678,0.01885333507321775,3.4562461599707603
187,0.23277540504187347,0.02018130743643269,0.01885333507321775,3.6107084304094315
188,0.22742385201901197,0.0327182452660054,0.01885333507321775,3.433091916143894
189,0.2579373325034976,0.026133886673487722,0.01885333507321775,3.3566048815846443
190,0.2296688491553068,0.023272771593183278,0.01885333507321775,3.4441182166337967
191,0.22236642269045115,0.035512088998220864,0.01885333507321775,3.368607074022293
192,0.2422971698269248,0.03563207425177097,0.01885333507321775,3.4555750861763954
193,0.21812284203618765,0.03233890022151172,0.01885333507321775,3.413926787674427
194,0.21747853461652994,0.027243105112574995,0.01885333507321775,3.3941983953118324
195,0.22111069769412278,0.020977255650795997,0.01885333507321775,3.4369832575321198
196,0.2562305488884449,0.03241449422668666,0.01885333507321775,3.4676897153258324
197,0.23340133915096523,0.020306744836270808,0.01885333507321775,3.5339502692222595
198,0.2262210997119546,0.024999916721135378,0.01885333507321775,3.4603782519698143
199,0.24756171452999115,0.024824886531569064,0.01885333507321775,3.570301726460457
200,0.23798952571302653,0.03720937952864915,0.01885333507321775,3.5585319474339485
201,0.23545343185961246,0.02411983842495829,0.01885333507321775,3.747236169874668
202,0.21930485002696515,0.027649866086430847,0.01885333507321775,3.257600352168083
203,0.2248936623558402,0.031622220338322224,0.01885333507321775,3.4523476511240005
204,0.239322103895247,0.02475248427595943,0.01885333507321775,3.6556486636400223
205,0.20901107993721962,0.03481127555482089,0.01885333507321775,3.383006028831005
206,0.20804788970947266,0.024949463130906225,0.01885333507321775,3.4964122399687767
207,0.2245183286741376,0.02594318866264075,0.01885333507321775,3.5328910127282143
208,0.20382006389647722,0.0239636305347085,0.01885333507321775,3.1942064091563225
209,0.22130016580224038,0.02245707488618791,0.01885333507321775,3.169826477766037
210,0.257708407945931,0.020618645949289204,0.01885333507321775,3.322148747742176
211,0.2286011554375291,0.03714043793268502,0.01885333507321775,3.4359020814299583
212,0.24061960162222384,0.02157626188825816,0.01885333507321775,3.2232363000512123
213,0.2136987010166049,0.026906823636963964,0.01885333507321775,3.241284504532814
214,0.2300729775875807,0.031370348511263725,0.01885333507321775,3.246950015425682
215,0.20713806220144032,0.025509384013712406,0.01885333507321775,3.4320228323340416
216,0.2267880483865738,0.03070231556426734,0.01885333507321775,3.356325462460518
217,0.2236491859778762,0.02835268250666559,0.01885333507321775,3.280436411499977
218,0.23170611054450274,0.02640391806140542,0.01885333507321775,3.735634505748749
219,0.2175428334251046,0.025328333005309105,0.01885333507321775,3.642762027680874
220,0.20515605108439922,0.02604039613623172,0.01885333507321775,3.351167641580105
221,0.2354227109029889,0.029849715633317828,0.01885333507321775,3.48271045088768
222,0.1948223835155368,0.02461633241735399,0.01885333507321775,3.1903897523880005
223,0.22397754317522048,0.04954250668175519,0.01885333507321775,3.5794560983777046
224,0.22525569131970405,0.0178316092886962,0.0178316092886962,3.680875428020954
225,0.2206024236008525,0.02443049555644393,0.0178316092886962,3.2847541868686676
226,0.21368339379876852,0.02512510233093053,0.0178316092886962,3.263135552406311
227,0.2043277966082096,0.02183492140378803,0.0178316092886962,3.286730147898197
228,0.20130614999681712,0.028269137176685034,0.0178316092886962,3.3541941791772842
229,0.1849967835843563,0.02132713812403381,0.0178316092886962,3.301694020628929
230,0.19199512653797865,0.024547699927352368,0.0178316092886962,3.2796443328261375
231,0.21824212738126517,0.025147822801955044,0.0178316092886962,3.28428702801466
232,0.1843284482434392,0.02558608290273696,0.0178316092886962,3.33853742480278
233,0.22732511505484582,0.023041161326691508,0.0178316092886962,3.319215349853039
234,0.2201618299782276,0.02380871386732906,0.0178316092886962,3.291774608194828
235,0.21031655428558588,0.03816152748186141,0.0178316092886962,3.3015119805932045
236,0.21139785479009152,0.02986351603176445,0.0178316092886962,3.4294904321432114
237,0.21973815107345582,0.024710049177519976,0.0178316092886962,3.3918165266513824
238,0.24587014409899713,0.028408098379150034,0.0178316092886962,3.3496348932385445
239,0.21595740989595652,0.02655402765609324,0.0178316092886962,3.276480585336685
240,0.21774575965851545,0.02549386874306947,0.0178316092886962,3.472620368003845
241,0.20955488612502812,0.018000407093204558,0.0178316092886962,3.6300965547561646
242,0.19219996404647827,0.02327311401255429,0.0178316092886962,3.452743820846081
243,0.2153268132582307,0.039615491982549426,0.0178316092886962,3.588011860847473
244,0.2091618232280016,0.028328272392973305,0.0178316092886962,3.224782772362232
245,0.21527689085900784,0.024167855847626925,0.0178316092886962,3.220805123448372
246,0.20831299386918545,0.02095004159025848,0.0178316092886962,3.4271442368626595
247,0.22682465432584287,0.03378797721583396,0.0178316092886962,3.1965941190719604
248,0.20287993033230306,0.0336656842334196,0.0178316092886962,3.19928540289402
249,0.19451123751699925,0.02555348918773234,0.0178316092886962,3.154602400958538
250,0.22522337704151868,0.02427737577352673,0.0178316092886962,3.1549495086073875
251,0.193026861846447,0.01729616325814277,0.01729616325814277,3.3248611837625504
252,0.18460675713419913,0.017350043903570624,0.01729616325814277,3.249365620315075
253,0.17971276080608367,0.02084878600668162,0.01729616325814277,3.249077871441841
254,0.1899176159799099,0.01973156470339745,0.01729616325814277,3.196966879069805
255,0.17720326253026725,0.022482738685794174,0.01729616325814277,3.1810124963521957
256,0.19593243255466222,0.021271640688646586,0.01729616325814277,3.2841655015945435
257,0.20774271304160358,0.024342774916440248,0.01729616325814277,3.171969458460808
258,0.22909770055115222,0.03423557001166046,0.01729616325814277,3.234641879796982
259,0.18895434152334928,0.019768920661881566,0.01729616325814277,3.163215957581997
260,0.19120803253352642,0.025679675922729076,0.01729616325814277,3.223647728562355
261,0.193339159861207,0.016764773176982998,0.016764773176982998,3.375465877354145
262,0.19889122868329287,0.019927288899198176,0.016764773176982998,3.184557519853115
263,0.1859596444070339,0.019764214346650988,0.016764773176982998,3.2839185297489166
264,0.20682664243131876,0.019461381670553238,0.016764773176982998,3.2964691668748856
265,0.20001135697215797,0.018249625167809428,0.016764773176982998,3.3208750933408737
266,0.1849339333847165,0.018988096418324857,0.016764773176982998,3.2846911773085594
267,0.1802826088294387,0.016444079354405405,0.016444079354405405,3.5269400998950005
268,0.19239926685392855,0.022744793763849885,0.016444079354405405,3.2898976802825928
269,0.16742747346311807,0.019008363613393156,0.016444079354405405,3.2845998778939247
270,0.17982887990027666,0.020251977264415473,0.016444079354405405,3.3783831000328064
271,0.19098952399939298,0.022402418009005488,0.016444079354405405,3.3764516785740852
272,0.18932258636504412,0.02618220738135278,0.016444079354405405,3.269268922507763
273,0.18479704838991165,0.02030966046731919,0.016444079354405405,3.318679600954056
274,0.18282609689235688,0.03718412613030523,0.016444079354405405,3.3508836701512337
275,0.20435952188819648,0.015999997719191014,0.015999997719191014,3.4894955530762672
276,0.1994762528166175,0.018871901882812382,0.015999997719191014,3.289394147694111
277,0.18791986941546202,0.019265527869574726,0.015999997719191014,3.389687664806843
278,0.19225182952731848,0.020291544226929546,0.015999997719191014,3.3404808938503265
279,0.16943303199112417,0.02070891528390348,0.015999997719191014,3.281503789126873
280,0.16213949236273767,0.019157845028676092,0.015999997719191014,3.3282457068562508
281,0.16662593399733305,0.019522206804249435,0.015999997719191014,3.2850276976823807
282,0.2069253032207489,0.0228351940587163,0.015999997719191014,3.2771522030234337
283,0.17887181405723096,0.015548901353031396,0.015548901353031396,3.463813677430153
284,0.1898332824781537,0.04499652412254363,0.015548901353031396,3.311137370765209
285,0.19590091413259506,0.021547966408543288,0.015548901353031396,3.2499997913837433
286,0.16488972095772625,0.01442882627947256,0.01442882627947256,3.4443175345659256
287,0.17442828054353596,0.014818685299251228,0.01442882627947256,3.2835694029927254
288,0.16462565137445925,0.020493687889538707,0.01442882627947256,3.343632325530052
289,0.17952908179163932,0.022804956529289485,0.01442882627947256,3.3253090754151344
290,0.17401106522977353,0.018106905343011022,0.01442882627947256,3.3424814343452454
291,0.17197546753659845,0.022168443163391203,0.01442882627947256,3.4803396314382553
292,0.1705770846121013,0.028342481344006954,0.01442882627947256,3.346129074692726
293,0.17443167919665575,0.022872734651900827,0.01442882627947256,3.3109433725476265
294,0.18814882158488036,0.021618986045941712,0.01442882627947256,3.3332109600305557
295,0.17674797058850528,0.02335453222040087,0.01442882627947256,3.5197141990065575
296,0.18897269071638584,0.0208260648092255,0.01442882627947256,3.475482150912285
297,0.19997914169728756,0.016956007038243116,0.01442882627947256,3.3596074283123016
298,0.17616473072767258,0.031549523072317245,0.01442882627947256,3.2952571660280228
299,0.17891888474300505,0.0191334617882967,0.01442882627947256,3.341622933745384
300,0.16337174767255783,0.02617987430654466,0.01442882627947256,3.3265624567866325
301,0.1779862155877054,0.015696591059677304,0.01442882627947256,3.5189460664987564
302,0.15887494579702616,0.02159360304940492,0.01442882627947256,3.6037620678544044
303,0.18276838082820177,0.014813290317542851,0.01442882627947256,3.427861973643303
304,0.1922091115601361,0.02223736071959138,0.01442882627947256,3.433624617755413
305,0.18639345740154387,0.01935688519850373,0.01442882627947256,3.443632423877716
306,0.1593124363347888,0.020815919942688197,0.01442882627947256,3.425885148346424
307,0.15380524104088544,0.02209785229060799,0.01442882627947256,3.2760453522205353
308,0.18336541079729796,0.021718419448006898,0.01442882627947256,3.26012796908617
309,0.1519316781796515,0.019288372728042305,0.01442882627947256,3.317519523203373
310,0.186068486854434,0.033159626787528394,0.01442882627947256,3.1465316489338875
311,0.16988834811002015,0.017826346498914063,0.01442882627947256,3.161985144019127
312,0.178201109405607,0.02264185776002705,0.01442882627947256,3.2208055406808853
313,0.17963739955797792,0.027020112220197914,0.01442882627947256,3.2098593711853027
314,0.17695154958218337,0.0270842391718179,0.01442882627947256,3.2160107493400574
315,0.15149646916240453,0.020262462180107833,0.01442882627947256,3.207016207277775
316,0.17082675274834036,0.021241036476567388,0.01442882627947256,3.232558451592922
317,0.18463847892358898,0.02023294635117054,0.01442882627947256,3.2231290563941
318,0.1572015135884285,0.017562466519884766,0.01442882627947256,3.216086231172085
319,0.1772715448476374,0.029354320126585662,0.01442882627947256,3.2068197578191757
320,0.1748934295475483,0.02013732357416302,0.01442882627947256,3.245315283536911
321,0.15699570535495877,0.021709460937418042,0.01442882627947256,3.198672905564308
322,0.15744397236406804,0.02467978002037853,0.01442882627947256,3.146197624504566
323,0.16939637511968614,0.013387968516908585,0.013387968516908585,3.3267401605844498
324,0.14346933576092125,0.014910597996786236,0.013387968516908585,3.223841853439808
325,0.1569056757800281,0.014650897644460202,0.013387968516908585,3.2231124117970467
326,0.18262987604737282,0.025503178294748068,0.013387968516908585,3.2790850400924683
327,0.14930677361786365,0.018051449013873934,0.013387968516908585,3.251388803124428
328,0.15893044176325202,0.029294197694398463,0.013387968516908585,3.2056964114308357
329,0.1619917125068605,0.016201299848034978,0.013387968516908585,3.160665400326252
330,0.15487645012512802,0.023297180286608637,0.013387968516908585,3.1700633093714714
331,0.1718411540389061,0.018818656769581138,0.013387968516908585,3.2047239542007446
332,0.14507506117597221,0.0214016421046108,0.013387968516908585,3.1999668329954147
333,0.15393775833025575,0.013884506595786661,0.013387968516908585,3.1381218880414963
334,0.15819655922427772,0.023938964372500777,0.013387968516908585,3.145969048142433
335,0.15111216599866747,0.01864660928491503,0.013387968516908585,3.147044986486435
336,0.1655843682847917,0.023464948078617452,0.013387968516908585,3.2086304649710655
337,0.15967828842252493,0.015108984119724483,0.013387968516908585,3.3056512027978897
338,0.15673634512722492,0.017450475445948542,0.013387968516908585,3.1611499711871147
339,0.16387151828035712,0.014589785509742796,0.013387968516908585,3.159472644329071
340,0.15175529281049968,0.018385890717618168,0.013387968516908585,3.2585125416517258
341,0.1609888648055494,0.02151259324979037,0.013387968516908585,3.179045081138611
342,0.1419248049482703,0.01643619067966938,0.013387968516908585,3.165362238883972
343,0.16965379197150468,0.022199254957959057,0.013387968516908585,3.127653583884239
344,0.15596274513378738,0.014436065424233676,0.013387968516908585,3.1249598786234856
345,0.1393908021785319,0.013195816166698933,0.013195816166698933,3.29185938090086
346,0.14538771979138254,0.015610318828839809,0.013195816166698933,3.263380713760853
347,0.16288564168661832,0.02193556135054678,0.013195816166698933,3.306322045624256
348,0.15650749910995365,0.0249745206348598,0.013195816166698933,3.1963643357157707
349,0.16985623305663466,0.02030727908713743,0.013195816166698933,3.1685650646686554
350,0.14827739461511374,0.014588060765527188,0.013195816166698933,3.176853723824024
351,0.16504745700210333,0.033376597571186724,0.013195816166698933,3.1802116483449936
352,0.17419309321045875,0.015452816979959608,0.013195816166698933,3.1498847231268883
353,0.15746340584754945,0.0174770739977248,0.013195816166698933,3.1369161382317543
354,0.14717385267838837,0.01996316754259169,0.013195816166698933,3.1220096945762634
355,0.1477849503196776,0.02218684697523713,0.013195816166698933,3.167102351784706
356,0.14803298454731703,0.014929913599044085,0.013195816166698933,3.153325542807579
357,0.14263584576547145,0.0157813964295201,0.013195816166698933,3.2446439042687416
358,0.1521028591953218,0.016918620532378553,0.013195816166698933,3.1818530559539795
359,0.1582145868986845,0.020563294026069344,0.013195816166698933,3.1134781539440155
360,0.15134943014383315,0.014851709734648466,0.013195816166698933,3.1217875853180885
361,0.13282163665443658,0.020212307467591017,0.013195816166698933,3.151345044374466
362,0.1510877411291003,0.015170948894228787,0.013195816166698933,3.2256701663136482
363,0.1435317107476294,0.020267137712799012,0.013195816166698933,3.1619254425168037
364,0.14430139894038438,0.021118535865098237,0.013195816166698933,3.177497923374176
365,0.1360221908017993,0.014759309915825724,0.013195816166698933,3.3902519270777702
366,0.13531527894735337,0.01905386502854526,0.013195816166698933,3.2420032247900963
367,0.14830462931841612,0.019206018671393394,0.013195816166698933,3.5102958902716637
368,0.16765177953615784,0.017369706539902836,0.013195816166698933,3.298679254949093
369,0.14774489223957063,0.029601864558644594,0.013195816166698933,3.2334181666374207
370,0.1545482358597219,0.014290149768348782,0.013195816166698933,3.2923599407076836
371,0.14113733994960784,0.017024484733119606,0.013195816166698933,3.231537528336048
372,0.14392137428745627,0.014350517659913749,0.013195816166698933,3.2462034225463867
373,0.1299370261989534,0.012356951292604208,0.012356951292604208,3.46124005317688
374,0.16065961049497127,0.024480681512504817,0.012356951292604208,3.292666882276535
375,0.14286246628686786,0.016797201968729497,0.012356951292604208,3.1972000002861023
376,0.14681959315761925,0.015890969964675605,0.012356951292604208,3.221465900540352
377,0.14460669205710291,0.016483835170511156,0.012356951292604208,3.4321618527173996
378,0.13818876449391246,0.01764778981450945,0.012356951292604208,3.2283932343125343
379,0.1479113300219178,0.021519771562889218,0.012356951292604208,3.319404289126396
380,0.15405852948874235,0.014399177355226129,0.012356951292604208,3.1846873983740807
381,0.14292281940579415,0.01724148999899626,0.012356951292604208,3.2309484854340553
382,0.15734056519716977,0.01806617554510012,0.012356951292604208,3.235677033662796
383,0.14636483208090068,0.018408575067296623,0.012356951292604208,3.370096057653427
384,0.1528086250089109,0.013696075140032918,0.012356951292604208,3.316754423081875
385,0.13913432692363858,0.012924930101726205,0.012356951292604208,3.145954020321369
386,0.13574546005576849,0.027377557214349507,0.012356951292604208,3.391138270497322
387,0.15191551185026764,0.023599041204433888,0.012356951292604208,3.1250901371240616
388,0.13627782921493053,0.015368129471316933,0.012356951292604208,3.2736478000879288
389,0.1482114684060216,0.018647991698235274,0.012356951292604208,3.1623580679297447
390,0.12586910837888718,0.01597295082639903,0.012356951292604208,3.1871660128235817
391,0.12001470822840929,0.029539200267754494,0.012356951292604208,3.1568882688879967
392,0.13909478783234955,0.01717675933614373,0.012356951292604208,3.180231347680092
393,0.12402048568055034,0.013181226330343633,0.012356951292604208,3.165292449295521
394,0.1498626459389925,0.01558834385825321,0.012356951292604208,3.1627838909626007
395,0.10835220115631819,0.011497387101408095,0.011497387101408095,3.261671707034111
396,0.1473193492926657,0.020102497274056077,0.011497387101408095,3.1694069653749466
397,0.15455371144786478,0.03239212955348194,0.011497387101408095,3.1591753885149956
398,0.12249531195685268,0.015929398550651966,0.011497387101408095,3.165557377040386
399,0.13260580544546247,0.021236552204936743,0.011497387101408095,3.235042840242386
400,0.15310351461917163,0.012920355086680501,0.011497387101408095,3.2252219691872597
401,0.1353911271467805,0.01660976077662781,0.011497387101408095,3.1752687245607376
402,0.1452511002123356,0.02026193995960057,0.011497387101408095,3.108827091753483
403,0.12919542221724986,0.012567110133823008,0.011497387101408095,3.132949359714985
404,0.12293899852782487,0.012621076966170222,0.011497387101408095,3.154654197394848
405,0.1340276234485209,0.022717854666989296,0.011497387101408095,3.1414871364831924
406,0.13586184553429484,0.011114922154229134,0.011114922154229134,3.2091986536979675
407,0.12763190836086868,0.013947406988590956,0.011114922154229134,3.1073882952332497
408,0.11450495826080441,0.025500304610468448,0.011114922154229134,3.1558566465973854
409,0.1313170789964497,0.012497584228403866,0.011114922154229134,3.241750903427601
410,0.12045031598582864,0.01570044774096459,0.011114922154229134,3.2099467888474464
411,0.13202957421913744,0.012167283049784601,0.011114922154229134,3.1595293134450912
412,0.13815250008553268,0.012887781297322362,0.011114922154229134,3.2286649867892265
413,0.13203597529232503,0.019081166570540518,0.011114922154229134,3.1609394624829292
414,0.12235329420492053,0.020125989252701402,0.011114922154229134,3.507551833987236
415,0.15033093287050725,0.022504420159384607,0.011114922154229134,3.1823393404483795
416,0.13486722120270134,0.012483033846365288,0.011114922154229134,3.2197801619768143
417,0.11673910515010356,0.016540435194037854,0.011114922154229134,3.1841242238879204
418,0.13857763086631894,0.014059932806994767,0.011114922154229134,3.188691206276417
419,0.11651198197156191,0.019114146674983203,0.011114922154229134,3.403900168836117
420,0.1366702707260847,0.0142833656584844,0.011114922154229134,3.2127688229084015
421,0.12621937886252999,0.012186143063008786,0.011114922154229134,3.2152699008584023
422,0.1225403127707541,0.01828639234881848,0.011114922154229134,3.1443741098046303
423,0.11584048736467957,0.02041055521229282,0.011114922154229134,3.1650182008743286
424,0.1358341910354793,0.010014082612469792,0.010014082612469792,3.292879655957222
425,0.13439989925920964,0.01666784262517467,0.010014082612469792,3.2095671743154526
426,0.13819085029512643,0.014936083615757524,0.010014082612469792,3.1662363708019257
427,0.12521905091404914,0.013655623176600785,0.010014082612469792,3.204710617661476
428,0.12303619898110628,0.014863525603432208,0.010014082612469792,3.2243356481194496
429,0.12883734834566712,0.011541963790077716,0.010014082612469792,3.262614317238331
430,0.12251943830028177,0.010145538949873299,0.010014082612469792,3.2827915027737617
431,0.11180396375060081,0.016318565192632375,0.010014082612469792,3.2732231840491295
432,0.12280468694120646,0.013747952326666564,0.010014082612469792,3.180193282663822
433,0.10155078770592808,0.009734658231027425,0.009734658231027425,3.3255519345402718
434,0.12520005034469067,0.01485225606476888,0.009734658231027425,3.15533284842968
435,0.13195285969972612,0.016639738394878804,0.009734658231027425,3.142686814069748
436,0.1324560234621167,0.010278009094763547,0.009734658231027425,3.1554989963769913
437,0.11171126181632281,0.016374144833534957,0.009734658231027425,3.1807089895009995
438,0.11481749443337322,0.013118629155214875,0.009734658231027425,3.1896373629570007
439,0.13113946740701796,0.02592532489914447,0.009734658231027425,3.2742046788334846
440,0.12641403007507324,0.011098899194039405,0.009734658231027425,3.210902988910675
441,0.11123261090368032,0.013422935302369297,0.009734658231027425,3.2435093000531197
442,0.113211062701419,0.016536845294758677,0.009734658231027425,3.2572845593094826
443,0.12935950747132302,0.029485774431377648,0.009734658231027425,3.2295404076576233
444,0.12392779107019306,0.013502572851721198,0.009734658231027425,3.1893454790115356
445,0.11773353951796889,0.019406526135280728,0.009734658231027425,3.3858782425522804
446,0.12099873055890202,0.016559266552794726,0.009734658231027425,3.2015286907553673
447,0.10656957730650901,0.01397747261915356,0.009734658231027425,3.2339099273085594
448,0.10589499854296446,0.013033480234444141,0.009734658231027425,3.45298208296299
449,0.1185459189005196,0.012481683460064232,0.009734658231027425,3.2218920662999153
450,0.11976061662659049,0.013010731837712229,0.009734658231027425,3.4112053215503693
451,0.10590292089805008,0.008436909093288704,0.008436909093288704,3.395806334912777
452,0.13255513182468712,0.01312016928801313,0.008436909093288704,3.223137028515339
453,0.11289026303589345,0.01076142984093167,0.008436909093288704,3.1969093978405
454,0.11260541780292987,0.011502594209741802,0.008436909093288704,3.1496003046631813
455,0.10342808249220252,0.011341487651225179,0.008436909093288704,3.1993987634778023
456,0.11279249616898596,0.009754309270065278,0.008436909093288704,3.2146856114268303
457,0.10893479583412409,0.014689252357929944,0.008436909093288704,3.20866409689188
458,0.1284434153586626,0.01788324044784531,0.008436909093288704,3.310469515621662
459,0.10245974410325288,0.009736504550091922,0.008436909093288704,3.263016425073147
460,0.11820446047186851,0.013627204636577517,0.008436909093288704,3.17691957205534
461,0.11391508255526424,0.015256208525970578,0.008436909093288704,3.2939689606428146
462,0.1249249696470797,0.016542444699443878,0.008436909093288704,3.128206305205822
463,0.11301536309346556,0.011691615447634831,0.008436909093288704,3.1852000951766968
464,0.12321556815877557,0.017977950861677527,0.008436909093288704,3.1727681383490562
465,0.10594640217348933,0.009880102307070046,0.008436909093288704,3.2276979461312294
466,0.1123173229135573,0.01936306431889534,0.008436909093288704,3.1706021279096603
467,0.10810479462146759,0.018388398671522737,0.008436909093288704,3.153310276567936
468,0.10208889217302203,0.011768276484217495,0.008436909093288704,3.1838681176304817
469,0.12020668252184986,0.011765161033254116,0.008436909093288704,3.167789615690708
470,0.11339323204383255,0.02263537916354835,0.008436909093288704,3.2420021146535873
471,0.11181642413511872,0.01265451561892405,0.008436909093288704,3.158441334962845
472,0.11822679736465215,0.016066083058249206,0.008436909093288704,3.194703035056591
473,0.11227050235494972,0.017840185882523656,0.008436909093288704,3.259612835943699
474,0.11324458087608218,0.013964415760710835,0.008436909093288704,3.2515235245227814
475,0.10741791589930653,0.01236923828953877,0.008436909093288704,3.1649079620838165
476,0.09250536533258856,0.01932791684754193,0.008436909093288704,3.232604041695595
477,0.10470019581913947,0.007806624134536833,0.007806624134536833,3.2998702824115753
478,0.11627226833626628,0.012727526577655225,0.007806624134536833,3.1809951812028885
479,0.11528881491534412,0.010425841112155467,0.007806624134536833,3.4862735867500305
480,0.10713622625544668,0.019985663681291045,0.007806624134536833,3.4783256724476814
481,0.12881980603933335,0.022128550445195287,0.007806624134536833,3.3458476811647415
482,0.1167002329826355,0.021099260128103196,0.007806624134536833,3.3850133046507835
483,0.12085306207090617,0.013002053659874946,0.007806624134536833,3.267638586461544
484,0.0876934164725244,0.01179165334906429,0.007806624134536833,3.1817228347063065
485,0.10107308418489992,0.011765221529640258,0.007806624134536833,3.2067987993359566
486,0.10027541637979448,0.01465285356156528,0.007806624134536833,3.15469803661108
487,0.11179436345025898,0.010512317125685513,0.007806624134536833,3.607254572212696
488,0.0974711114168167,0.010518648290308193,0.007806624134536833,3.18295918405056
489,0.11250920030102134,0.013878428279422223,0.007806624134536833,3.2986091524362564
490,0.11532012076303363,0.018502555720042436,0.007806624134536833,3.3823530226945877
491,0.11412040716409683,0.011784872536081821,0.007806624134536833,3.29124553501606
492,0.10830710292980075,0.013746268717804924,0.007806624134536833,3.5339459404349327
493,0.11448451707698405,0.012901417050743475,0.007806624134536833,3.21232932806015
494,0.09324715615995229,0.011337372337002306,0.007806624134536833,3.1935610100626945
495,0.11167423046007753,0.012839744461234658,0.007806624134536833,3.220899775624275
496,0.11191779352352023,0.01370221140794456,0.007806624134536833,3.254808835685253
497,0.10209494031593204,0.017861329545266928,0.007806624134536833,3.241126701235771
498,0.09604588898085058,0.011881096039433032,0.007806624134536833,3.2317565381526947
499,0.1023603071719408,0.015054042683914304,0.007806624134536833,3.2507855519652367
500,0.11580251982994377,0.011565497304545716,0.007806624134536833,3.352501831948757
501,0.11924408002197742,0.02371663418132812,0.007806624134536833,3.186693914234638
502,0.10770606216788292,0.011607776382006704,0.007806624134536833,3.2163818776607513
503,0.10824288936704397,0.011272871315013618,0.007806624134536833,3.15427428483963
504,0.0964833769313991,0.01527867027791217,0.007806624134536833,3.2070001363754272
505,0.0927446082085371,0.009112743486184627,0.007806624134536833,3.163379743695259
506,0.09455507273972034,0.011686423697974534,0.007806624134536833,3.1747479364275932
507,0.08944524796120823,0.02151714826701209,0.007806624134536833,3.242264300584793
508,0.11463867691531777,0.014813789580948651,0.007806624134536833,3.2359669879078865
509,0.10959727350994944,0.02365140637382865,0.007806624134536833,3.3055491223931313
510,0.11317997691221535,0.013178180125541984,0.007806624134536833,3.276072785258293
511,0.10539748221822083,0.00960495843552053,0.007806624134536833,3.3000841066241264
512,0.10131334794871509,0.010788236303487792,0.007806624134536833,3.245504006743431
513,0.13158696511015297,0.01189185460563749,0.007806624134536833,3.2701656445860863
514,0.12025966056063771,0.012836212732363492,0.007806624134536833,3.3035027980804443
515,0.0975539728924632,0.015891302274540067,0.007806624134536833,3.210039436817169
516,0.09835872430354357,0.017215819945558906,0.007806624134536833,3.233732596039772
517,0.1031181639879942,0.018938939394429324,0.007806624134536833,3.2453100085258484
518,0.10566929421760142,0.010177110475488006,0.007806624134536833,3.2756712436676025
519,0.09698072614893317,0.008684367178939284,0.007806624134536833,3.3618196845054626
520,0.0944152031224221,0.023411652089562265,0.007806624134536833,3.172878712415695
521,0.08749991064891219,0.009966277475468814,0.007806624134536833,3.357269451022148
522,0.087759516954422,0.01617746878648177,0.007806624134536833,3.3382715359330177
523,0.10729091723449528,0.011424366269493476,0.007806624134536833,3.5034533217549324
524,0.09508070773817599,0.020616298767272383,0.007806624134536833,3.1831362694501877
525,0.09755469926446676,0.01168732276186347,0.007806624134536833,3.165223442018032
526,0.10241849469020962,0.012597506192978471,0.007806624134536833,3.1543555557727814
527,0.08487572572007775,0.008650856760796159,0.007806624134536833,3.302641086280346
528,0.11214161247201264,0.016655068853870036,0.007806624134536833,3.1667407900094986
529,0.0960460245013237,0.00938820424140431,0.007806624134536833,3.254951037466526
530,0.08489840711466969,0.009003736862214283,0.007806624134536833,3.1395605579018593
531,0.0952390815615654,0.012835245090536773,0.007806624134536833,3.133888028562069
532,0.10951691929623485,0.013630422838032246,0.007806624134536833,3.2911908477544785
533,0.09695539219491184,0.021938226325437425,0.007806624134536833,3.147365190088749
534,0.09386466491594911,0.01421222451608628,0.007806624134536833,3.135401025414467
535,0.10860809785872698,0.008703854090999812,0.007806624134536833,3.118950977921486
536,0.08701174069941044,0.009045794542180375,0.007806624134536833,3.128609277307987
537,0.10206390479207039,0.01177683516871184,0.007806624134536833,3.199102282524109
538,0.07551961335539818,0.008626183945452795,0.007806624134536833,3.178712099790573
539,0.09230856977589429,0.013590317461639643,0.007806624134536833,3.140936054289341
540,0.09523326910473406,0.007900433347094804,0.007806624134536833,3.295483909547329
541,0.10798520076461136,0.012792592531768605,0.007806624134536833,3.2566032335162163
542,0.08944179889746011,0.011371980004478246,0.007806624134536833,3.3179003670811653
543,0.10709072366356849,0.009772582895820961,0.007806624134536833,3.325853832066059
544,0.08937179582379759,0.00968727354425937,0.007806624134536833,3.266729913651943
545,0.09724984197691083,0.0117370779637713,0.007806624134536833,3.210584335029125
546,0.08937141979858279,0.009742463810835034,0.007806624134536833,3.224662572145462
547,0.09618848813325166,0.015550951429177076,0.007806624134536833,3.256024621427059
548,0.0888498300947249,0.009970102855004371,0.007806624134536833,3.1199406906962395
549,0.08136602970398962,0.011727527445182205,0.007806624134536833,3.1767250671982765
550,0.10776204084046186,0.010582719396334142,0.007806624134536833,3.2607709169387817
551,0.08489724821597337,0.008143277493072674,0.007806624134536833,3.2506053149700165
552,0.092238894501701,0.012240527770482004,0.007806624134536833,3.2297450453042984
553,0.08640938139334321,0.008287428704788909,0.007806624134536833,3.235262408852577
554,0.0717975351177156,0.009882077953079715,0.007806624134536833,3.2084661796689034
555,0.09648002052865923,0.01438029672834091,0.007806624134536833,3.241083085536957
556,0.09013051008433104,0.013190346504561603,0.007806624134536833,3.2241370677948
557,0.08345644145272672,0.01506416370626539,0.007806624134536833,3.1801322922110558
558,0.09294829574041069,0.012967192155774682,0.007806624134536833,3.163877673447132
559,0.09577240998670458,0.012427197635406628,0.007806624134536833,3.273359961807728
560,0.08135456546954811,0.00853280289680697,0.007806624134536833,3.3753002285957336
561,0.08505302615091205,0.008675398351624609,0.007806624134536833,3.275241382420063
562,0.09075464251078666,0.009900118861114606,0.007806624134536833,3.177123084664345
563,0.10196573838591576,0.0121995410323143,0.007806624134536833,3.177190586924553
564,0.09113099577836692,0.009713677355321124,0.007806624134536833,3.3409599289298058
565,0.07847899738326669,0.009316650308901444,0.007806624134536833,3.2152672708034515
566,0.0837071972489357,0.01027494780952111,0.007806624134536833,3.1421518102288246
567,0.08824242542497814,0.00994525917689316,0.007806624134536833,3.188484713435173
568,0.08480140480957925,0.009244041483616456,0.007806624134536833,3.183440901339054
569,0.08697589578293263,0.007852505915798247,0.007806624134536833,3.1812765672802925
570,0.08603807325102389,0.011125906244851649,0.007806624134536833,3.1779650300741196
571,0.08116322055645286,0.007584743300685659,0.007584743300685659,3.8506318032741547
572,0.08206644972227514,0.011148066597525031,0.007584743300685659,3.68631774187088
573,0.09098174073174596,0.00926870533498004,0.007584743300685659,3.5638737976551056
574,0.07122367051616312,0.007106642030412331,0.007106642030412331,3.3095940351486206
575,0.08266200159490109,0.008208973213331774,0.007106642030412331,3.2120620012283325
576,0.07694576820358634,0.022487486267928035,0.007106642030412331,3.1948271691799164
577,0.10346098661795258,0.011251947875134647,0.007106642030412331,3.2225688323378563
578,0.07854773576743901,0.011742861913517118,0.007106642030412331,3.2554713413119316
579,0.08609249470755458,0.011159210342448204,0.007106642030412331,3.354024149477482
580,0.0827094400599599,0.010650568578857928,0.007106642030412331,3.3437582701444626
581,0.08023464388772845,0.012400981308892368,0.007106642030412331,3.2698696553707123
582,0.08356989353336394,0.011030320266727359,0.007106642030412331,3.208928480744362
583,0.08638714179769158,0.01267467227531597,0.007106642030412331,3.165895752608776
584,0.0694569129832089,0.01524432229809463,0.007106642030412331,3.2305838316679
585,0.08493472566083074,0.009365270575508476,0.007106642030412331,3.225557565689087
586,0.07816261964850128,0.007849475076654925,0.007106642030412331,3.2165171205997467
587,0.07126177503727377,0.008387275293935091,0.007106642030412331,3.194624289870262
588,0.08855136799067259,0.007791937285801396,0.007106642030412331,3.1712063550949097
589,0.07337075297161937,0.008493445044150576,0.007106642030412331,3.211541421711445
590,0.08173309506103396,0.015933246132917703,0.007106642030412331,3.226846218109131
591,0.0960262878164649,0.01620752413291484,0.007106642030412331,3.1982212215662003
592,0.07697711919434369,0.013222147936467081,0.007106642030412331,3.2086209058761597
593,0.06686705609969795,0.007576384575804696,0.007106642030412331,3.144346334040165
594,0.0778113803807646,0.012339953253977,0.007106642030412331,3.2024318277835846
595,0.0843739138264209,0.009563030895078555,0.007106642030412331,3.1848751306533813
596,0.06924463051371277,0.012130302119767294,0.007106642030412331,3.265761412680149
597,0.07864220806024969,0.009705885817529633,0.007106642030412331,3.1624445095658302
598,0.07835397315397859,0.00789922746946104,0.007106642030412331,3.2030687108635902
599,0.07708959074132145,0.010273697009542957,0.007106642030412331,3.1735009998083115
600,0.07740281473472714,0.007823226751061157,0.007106642030412331,3.452334299683571
601,0.07039084517769516,0.010573220698861406,0.007106642030412331,3.687129430472851
602,0.08770820105448365,0.008248274450888857,0.007106642030412331,3.7604522928595543
603,0.07185604829341173,0.010699581342050806,0.007106642030412331,3.3617644980549812
604,0.08285929955355822,0.011399891760665923,0.007106642030412331,3.3962701484560966
605,0.08504629729129375,0.007984592914581298,0.007106642030412331,3.4197723641991615
606,0.07262604743055999,0.008890698781469837,0.007106642030412331,3.3596657291054726
607,0.07999475781433284,0.010405659568496048,0.007106642030412331,3.3528321385383606
608,0.08753785411268472,0.00906867228448391,0.007106642030412331,3.4180629402399063
609,0.0817175971083343,0.009103434216231108,0.007106642030412331,3.363463506102562
610,0.0780051895044744,0.010165941757149995,0.007106642030412331,3.4229238256812096
611,0.07556334915198386,0.009464449344668537,0.007106642030412331,3.3274456337094307
612,0.08529828974045812,0.006438295458210632,0.006438295458210632,3.448357343673706
613,0.07437154023349285,0.007796861798269674,0.006438295458210632,3.3828008994460106
614,0.06921653943695127,0.010081939802039414,0.006438295458210632,3.326449893414974
615,0.07028726823069155,0.006966632636031136,0.006438295458210632,3.356785401701927
616,0.0692271137572825,0.007142335195094347,0.006438295458210632,3.393413983285427
617,0.06507334825396538,0.007816920992918313,0.006438295458210632,3.341114453971386
618,0.07510128481127322,0.012848726310767233,0.006438295458210632,3.4327486157417297
619,0.08088191161118448,0.009534948373911903,0.006438295458210632,3.638722524046898
620,0.07624020468816162,0.008548197306226938,0.006438295458210632,3.2012522146105766
621,0.06980846720188856,0.00796949871815741,0.006438295458210632,3.1862701177597046
622,0.07544545934349299,0.009541680398397147,0.006438295458210632,3.1922179386019707
623,0.06955686510913074,0.00901517878868617,0.006438295458210632,3.1976898163557053
624,0.07670038527436554,0.007436465580249205,0.006438295458210632,3.3091458678245544
625,0.06597748116031289,0.009376854373840615,0.006438295458210632,3.3361227586865425
626,0.06822065599635244,0.006429976754589006,0.006429976754589006,3.509972557425499
627,0.07066553881019354,0.00714035568991676,0.006429976754589006,3.213099017739296
628,0.06809211937338114,0.009122971324250101,0.006429976754589006,3.190298542380333
629,0.06936683458648622,0.01277730346424505,0.006429976754589006,3.2646953240036964
630,0.08064901455864311,0.00724425615509972,0.006429976754589006,3.2213299348950386
631,0.08012279995903372,0.011107135909842327,0.006429976754589006,3.2308812513947487
632,0.07178706438839436,0.008613013159483672,0.006429976754589006,3.2020052447915077
633,0.08393627911619841,0.010126149207353592,0.006429976754589006,3.257503926753998
634,0.07965236844867468,0.006885415031574666,0.006429976754589006,3.2217521369457245
635,0.06590419714339077,0.011656333226710558,0.006429976754589006,3.3013285771012306
636,0.0689595470353961,0.0073237046564463525,0.006429976754589006,3.383674792945385
637,0.06196337708830833,0.011357714782934635,0.006429976754589006,3.189402788877487
638,0.06591972500644624,0.016579493551980705,0.006429976754589006,3.1974987834692
639,0.07186219235695898,0.011322522793198004,0.006429976754589006,3.2445126846432686
640,0.06507768679969013,0.010915619186125696,0.006429976754589006,3.26598784327507
641,0.07731187841668725,0.007820569537580013,0.006429976754589006,3.2130900397896767
642,0.0679802304469049,0.010918028856394812,0.006429976754589006,3.167085900902748
643,0.09203901798091829,0.00835280362982303,0.006429976754589006,3.151611976325512
644,0.06547884020581841,0.009479430366773157,0.006429976754589006,3.132522188127041
645,0.05984182093292475,0.00928951040143147,0.006429976754589006,3.23295608907938
646,0.06540131157077848,0.006657990869134664,0.006429976754589006,3.5098549649119377
647,0.05491666858829558,0.009597093316260725,0.006429976754589006,3.2783955708146095
648,0.06585361729003489,0.010530009880894795,0.006429976754589006,3.2444674968719482
649,0.07085528539679944,0.008917596396058798,0.006429976754589006,3.217768758535385
650,0.06498388526588679,0.007330194087699055,0.006429976754589006,3.336897484958172
651,0.07062950931489467,0.00814030802808702,0.006429976754589006,3.273056223988533
652,0.061756604321300985,0.008732749818591401,0.006429976754589006,3.1752181872725487
653,0.06505032183974982,0.012701058578677475,0.006429976754589006,3.184814691543579
654,0.0710611017420888,0.008267353236442431,0.006429976754589006,3.2373066842556
655,0.06763940183073282,0.009435843356186524,0.006429976754589006,3.2545389980077744
656,0.06097486108541489,0.011516463961452245,0.006429976754589006,3.2120225727558136
657,0.06349248794838785,0.009333615549840033,0.006429976754589006,3.1748174726963043
658,0.07210483425110578,0.010151806314243004,0.006429976754589006,3.175396680831909
659,0.0681407499499619,0.008434860524721444,0.006429976754589006,3.1976830288767815
660,0.06150884647853672,0.008885555972810835,0.006429976754589006,3.2104349434375763
661,0.0667899204865098,0.007765964725986123,0.006429976754589006,3.4278376772999763
662,0.06441148626804352,0.008225060992408544,0.006429976754589006,3.311693899333477
663,0.0677583925742656,0.007617846317589283,0.006429976754589006,3.1631246358156204
664,0.06191774711385369,0.008752954304218291,0.006429976754589006,3.197786584496498
665,0.05645018374361098,0.008206900155637414,0.006429976754589006,3.2250919491052628
666,0.06554356381855905,0.007936958014033735,0.006429976754589006,3.2264563366770744
667,0.06897768569178879,0.012365425101015716,0.006429976754589006,3.4894247502088547
668,0.0675253946390003,0.007742351328488439,0.006429976754589006,3.440227009356022
669,0.06664621065370739,0.00566824316920247,0.00566824316920247,3.5937277525663376
670,0.058996985791251066,0.007247673195088282,0.00566824316920247,3.4416472241282463
671,0.06352965261600911,0.009128634864464403,0.00566824316920247,3.4373826161026955
672,0.06830400840006769,0.0076695025607477875,0.00566824316920247,3.536657877266407
673,0.059728407258167866,0.008866642342181876,0.00566824316920247,3.4433255791664124
674,0.05937777091003955,0.005810460380744189,0.00566824316920247,3.3878789842128754
675,0.05497948147915304,0.011710206115385518,0.00566824316920247,3.4443509578704834
676,0.0663303180579096,0.01021861887187697,0.00566824316920247,3.500604711472988
677,0.054696136670187114,0.0075898203696124255,0.00566824316920247,3.5661102160811424
678,0.061291062235832215,0.006861029649153352,0.00566824316920247,3.5070532113313675
679,0.0547859816653654,0.006474915575236082,0.00566824316920247,3.4603778570890427
680,0.06371375038661063,0.007353429504437372,0.00566824316920247,3.5368334874510765
681,0.05888364830426872,0.007639409917173907,0.00566824316920247,3.3961912244558334
682,0.07022611180879176,0.008575019682757557,0.00566824316920247,3.4783479422330856
683,0.056795849543996156,0.006270826612599194,0.00566824316920247,3.4073253870010376
684,0.05518518563732505,0.008032983797602356,0.00566824316920247,3.371212102472782
685,0.0534159397771582,0.005892092803842388,0.00566824316920247,3.4515199288725853
686,0.059300325913354754,0.006881394734373316,0.00566824316920247,3.4387970492243767
687,0.054204389677383,0.007828477483708412,0.00566824316920247,3.38533528894186
688,0.050697377828881146,0.007460191395366565,0.00566824316920247,3.516172915697098
689,0.05542757938057184,0.008944268529303372,0.00566824316920247,3.4720330014824867
690,0.06210949659720063,0.008534261502791195,0.00566824316920247,3.578751862049103
691,0.05363694236800075,0.008664520288584754,0.00566824316920247,3.4363638311624527
692,0.05229300977475941,0.006005095526343211,0.00566824316920247,3.4286903738975525
693,0.057634792322292926,0.007052962215384468,0.00566824316920247,3.5236839056015015
694,0.053679170554503795,0.006959344433853403,0.00566824316920247,3.402121923863888
695,0.06319572090543807,0.009320989707484842,0.00566824316920247,3.42796178907156
696,0.051145292658358814,0.007721292818896473,0.00566824316920247,3.490631729364395
697,0.04997403066977858,0.007012720208149403,0.00566824316920247,3.4304697290062904
698,0.04696021640114486,0.005681952504673972,0.00566824316920247,3.3844300135970116
699,0.0498680248465389,0.010488675124943257,0.00566824316920247,3.45120932161808
700,0.057283712401986125,0.008768478102283553,0.00566824316920247,3.531105749309063
701,0.052736346797086296,0.00732947209966369,0.00566824316920247,3.443695828318596
702,0.04676567070744932,0.006506248870864511,0.00566824316920247,3.5813822001218796
703,0.05284243233315647,0.006243419558741152,0.00566824316920247,3.4823251962661743
704,0.04441318889521063,0.0059143558971118185,0.00566824316920247,3.3935762271285057
705,0.05285511120781303,0.0054763632715912535,0.0054763632715912535,3.4820161163806915
706,0.052457587356679145,0.00776732753496617,0.0054763632715912535,3.4416448995471
707,0.05250137134641409,0.0070988732890691604,0.0054763632715912535,3.397794045507908
708,0.05362444058433175,0.006085865644272417,0.0054763632715912535,3.4855495169758797
709,0.06124537555500865,0.0063692917791195215,0.0054763632715912535,3.4994762763381004
710,0.05161956774257123,0.007334073295351118,0.0054763632715912535,3.5354728773236275
711,0.04906536280084401,0.0058086612552870065,0.0054763632715912535,3.3773305788636208
712,0.04800414605811238,0.0051795569912064824,0.0051795569912064824,3.557532049715519
713,0.05393416859768331,0.007797854887321591,0.0051795569912064824,3.4517788141965866
714,0.05025873240455985,0.00583252104697749,0.0051795569912064824,3.3494377359747887
715,0.04570063931308687,0.0065982816554605965,0.0051795569912064824,3.4533041566610336
716,0.052065748486667875,0.007754953929688782,0.0051795569912064824,3.4741671979427338
717,0.0467846410619095,0.007622635121224448,0.0051795569912064824,3.376960076391697
718,0.04477510956209153,0.007377536102430895,0.0051795569912064824,3.479458376765251
719,0.046383128626272085,0.007803692546440288,0.0051795569912064824,3.4645940735936165
720,0.04837719351425767,0.006064221943961457,0.0051795569912064824,3.4223382100462914
721,0.046564712299965325,0.01110731355380267,0.0051795569912064824,3.4295847341418266
722,0.047164529819972816,0.00609018350020051,0.0051795569912064824,3.5568876042962074
723,0.04838707271683961,0.0060749246121849865,0.0051795569912064824,3.5072595328092575
724,0.050115822121500966,0.006464079361176118,0.0051795569912064824,3.5011139884591103
725,0.046188522554934025,0.005763965475489385,0.0051795569912064824,3.624582916498184
726,0.04655904304329306,0.005945996883092448,0.0051795569912064824,3.667369306087494
727,0.04599116943962872,0.007129212672589346,0.0051795569912064824,3.4972479715943336
728,0.04749717336706817,0.006497748106485232,0.0051795569912064824,4.132757246494293
729,0.04871279926784337,0.00618534279987216,0.0051795569912064824,5.126346118748188
730,0.04374855806771666,0.00850340383592993,0.0051795569912064824,5.153468199074268
731,0.04465251145046204,0.006830547770950943,0.0051795569912064824,5.149381183087826
732,0.050047901277430355,0.0058795931935310365,0.0051795569912064824,5.135689444839954
733,0.047171020045876505,0.0053500778554007415,0.0051795569912064824,4.360219545662403
734,0.04503549453616142,0.005576895992853679,0.0051795569912064824,5.019141025841236
735,0.043949138936586675,0.0071477061044424774,0.0051795569912064824,5.104039780795574
736,0.04958769113849849,0.00555806765682064,0.0051795569912064824,5.1676816046237946
737,0.0463647150862962,0.006806358979083597,0.0051795569912064824,5.103246510028839
738,0.04566572526376694,0.00635971401934512,0.0051795569912064824,5.201773010194302
739,0.04619061674457044,0.007378043279750272,0.0051795569912064824,4.506886720657349
740,0.04810171366855502,0.0061605253099696715,0.0051795569912064824,5.130206495523453
741,0.04360982601437718,0.006028653145767749,0.0051795569912064824,5.085338316857815
742,0.047793864423409105,0.00706125374243129,0.0051795569912064824,5.13758210092783
743,0.040691043369472026,0.007135016731917858,0.0051795569912064824,5.1182271763682365
744,0.053362323377281425,0.00736819286365062,0.0051795569912064824,5.085301101207733
745,0.04457969333883375,0.005453675011522136,0.0051795569912064824,5.155357658863068
746,0.04475204817205668,0.005876447518821806,0.0051795569912064824,5.040936052799225
747,0.040482839674688874,0.005965759368846193,0.0051795569912064824,5.009211920201778
748,0.0416143797961995,0.005302727409871295,0.0051795569912064824,5.1034842655062675
749,0.04556085112318396,0.006186627295101062,0.0051795569912064824,4.542329832911491
750,0.04585370051115751,0.005309651924180798,0.0051795569912064824,5.142546556890011
751,0.04059959255624562,0.004825659680063836,0.004825659680063836,5.214531362056732
752,0.03618498560599983,0.00585875784046948,0.004825659680063836,5.1397473737597466
753,0.04002487487625331,0.005759830643073656,0.004825659680063836,5.187220126390457
754,0.04223173853475601,0.007560162241570651,0.004825659680063836,5.214553989470005
755,0.04586345869489014,0.005412023961544037,0.004825659680063836,5.0967346131801605
756,0.038617822620086374,0.005167317582527175,0.004825659680063836,5.171703815460205
757,0.04049260802101344,0.007236880549462512,0.004825659680063836,5.138250462710857
758,0.03941577598080039,0.006317274756729603,0.004825659680063836,5.244221769273281
759,0.0474355492759496,0.006105289980187081,0.004825659680063836,5.198321782052517
760,0.03959391912817955,0.006478999348473735,0.004825659680063836,5.229845993220806
761,0.04003443395253271,0.007259544206317514,0.004825659680063836,5.272062309086323
762,0.04185311285499484,0.006612727924948558,0.004825659680063836,5.222601294517517
763,0.04300886594504118,0.006335918174590916,0.004825659680063836,5.272602915763855
764,0.0417006807718426,0.007716653576353565,0.004825659680063836,5.236545339226723
765,0.03720905935205519,0.005694372858852148,0.004825659680063836,5.268979460000992
766,0.037963471475057305,0.005557462460710667,0.004825659680063836,5.196654237806797
767,0.03642557910643518,0.005135522179771214,0.004825659680063836,4.2657290399074554
768,0.04210395248886198,0.005813032994046808,0.004825659680063836,3.4215359687805176
769,0.04280194122996181,0.007346169485826976,0.004825659680063836,3.6222337186336517
770,0.04409246508218348,0.00587453784479294,0.004825659680063836,3.3850760981440544
771,0.038876273229718206,0.005029075263300911,0.004825659680063836,3.4372640550136566
772,0.036235781410709024,0.005124173072981648,0.004825659680063836,4.369724743068218
773,0.03997553092613816,0.0052129298547515645,0.004825659680063836,4.801620848476887
774,0.034983078196644785,0.005286192104103975,0.004825659680063836,4.832646504044533
775,0.03609401009790599,0.006291229984490201,0.004825659680063836,4.827321365475655
776,0.037656559953466055,0.0066872355807572606,0.004825659680063836,4.856886275112629
777,0.035248796049505475,0.004951967095839791,0.004825659680063836,4.762632250785828
778,0.0332418916663155,0.004790414836606942,0.004790414836606942,4.9118897169828415
779,0.036157853154465555,0.005659123370423913,0.004790414836606942,4.82534795999527
780,0.03609090048540384,0.007275872387690469,0.004790414836606942,4.757152423262596
781,0.036998618970625105,0.005048575830296613,0.004790414836606942,4.810071922838688
782,0.034688613571226594,0.005454319526907056,0.004790414836606942,3.6919349133968353
783,0.036018662721849976,0.006809368975227699,0.004790414836606942,3.40405036509037
784,0.032646367511712016,0.0047728225961327555,0.0047728225961327555,3.6162287294864655
785,0.03424573937710375,0.006527154084760695,0.0047728225961327555,3.447651967406273
786,0.03847616103477776,0.004914921154268086,0.0047728225961327555,3.5555054172873497
787,0.03486682148184627,0.006427082818700001,0.0047728225961327555,3.4258516132831573
788,0.03440744052454829,0.006604391451692209,0.0047728225961327555,3.470958851277828
789,0.037580581648275255,0.007281109181931243,0.0047728225961327555,3.3645348623394966
790,0.03894369142502546,0.005406483713886701,0.0047728225961327555,3.4252342507243156
791,0.0365915845585987,0.005373830529861152,0.0047728225961327555,3.4307271540164948
792,0.036950697707012294,0.004558744821697474,0.004558744821697474,3.6065122708678246
793,0.03323977844137698,0.006008267787983641,0.004558744821697474,3.457966133952141
794,0.03532692571822554,0.005198823279351927,0.004558744821697474,3.5662050619721413
795,0.030807643305510283,0.005042006797739304,0.004558744821697474,3.4572607055306435
796,0.034811662996187806,0.004859539400204085,0.004558744821697474,3.406285025179386
797,0.03390501906443387,0.005036006618174724,0.004558744821697474,3.447879418730736
798,0.0348512959247455,0.0062536081380676475,0.004558744821697474,3.4557716473937035
799,0.030539832402020694,0.005505797729711048,0.004558744821697474,3.4669769182801247
800,0.032800814809277656,0.004968685173080303,0.004558744821697474,3.4423393830657005
801,0.032049019305035474,0.004946973219630308,0.004558744821697474,3.4700282588601112
802,0.034791888141073285,0.005421510122250766,0.004558744821697474,3.488673210144043
803,0.031379660504870115,0.004651414695545099,0.004558744821697474,3.424558073282242
804,0.031793248411267995,0.005571633975487203,0.004558744821697474,3.5970277041196823
805,0.03098342514876276,0.0047788057674188165,0.004558744821697474,3.3123058304190636
806,0.03148498665820807,0.004761204748647287,0.004558744821697474,3.2624579295516014
807,0.03169648025371134,0.0048228996474063025,0.004558744821697474,3.17441026866436
808,0.031108055789023637,0.004590765144093893,0.004558744821697474,3.370484560728073
809,0.02996285192389041,0.004703812399529852,0.004558744821697474,3.2462246790528297
810,0.031100521706044673,0.004632470399956219,0.004558744821697474,3.2370043098926544
811,0.03015522986650467,0.004932383027626202,0.004558744821697474,3.2958465293049812
812,0.02985178970452398,0.004687964423792437,0.004558744821697474,3.235524043440819
813,0.02888950979523361,0.004815758967306465,0.004558744821697474,3.2236106619238853
814,0.03011328161880374,0.005220930969226174,0.004558744821697474,3.1905182525515556
815,0.03073178123962134,0.004615738284774125,0.004558744821697474,3.2108614072203636
816,0.03190877273492515,0.004769631655653939,0.004558744821697474,3.477617599070072
817,0.03006218057591468,0.0056070500938221815,0.004558744821697474,3.322175107896328
818,0.03106428827531636,0.004593958371551707,0.004558744821697474,3.364414796233177
819,0.030791220784187317,0.005215885244542733,0.004558744821697474,3.1953424513339996
820,0.02981445110961795,0.004719510838040151,0.004558744821697474,3.268097050487995
821,0.029603251837193967,0.004738331265980378,0.004558744821697474,3.434698238968849
822,0.030699890314601363,0.004840944922179915,0.004558744821697474,3.2093744799494743
823,0.02892528322059661,0.005787927640485577,0.004558744821697474,3.2308483496308327
824,0.030704751506447792,0.0047792964498512445,0.004558744821697474,3.1672149524092674
825,0.028021543848328292,0.004650337006314658,0.004558744821697474,3.3027386590838432
826,0.02849978425819427,0.005206426305230707,0.004558744821697474,3.1746459901332855
827,0.028916496878489854,0.00519909675756935,0.004558744821697474,3.3307512179017067
828,0.031277683462947604,0.004725097630289383,0.004558744821697474,3.4407774806022644
829,0.02670562898926437,0.004896245531272143,0.004558744821697474,3.3257140070199966
830,0.02659900194965303,0.004640384241938591,0.004558744821697474,3.5192281305789948
831,0.02712899704836309,0.004817403052002191,0.004558744821697474,3.4909403771162033
832,0.028872846115380525,0.005176441874937154,0.004558744821697474,3.5292624160647392
833,0.030236669749952854,0.004975251668365672,0.004558744821697474,3.803574487566948
834,0.02983513840660453,0.0049395463051041585,0.004558744821697474,3.558737225830555
835,0.028106997918337585,0.00466908892209176,0.004558744821697474,3.527395121753216
836,0.026753846463747323,0.00484508648107294,0.004558744821697474,3.685297653079033
837,0.02922252217773348,0.004425301756709814,0.004425301756709814,3.627254918217659
838,0.027239067003130914,0.005443547149770894,0.004425301756709814,3.519323818385601
839,0.02822160979080945,0.004603039859212003,0.004425301756709814,3.5536592602729797
840,0.02793587751314044,0.004856241440866143,0.004425301756709814,3.8630631491541862
841,0.029436058552004398,0.004591109427274205,0.004425301756709814,3.572578117251396
842,0.025328641947358847,0.004786366729531437,0.004425301756709814,3.495076686143875
843,0.02838674689177424,0.004877363552805036,0.004425301756709814,3.639350563287735
844,0.02668807817623019,0.0046016182017046955,0.004425301756709814,3.398667499423027
845,0.027544079159386455,0.004335459343274124,0.004335459343274124,3.86851554363966
846,0.027595973218791186,0.004414396311040037,0.004335459343274124,3.743615597486496
847,0.025648133958689867,0.0044553455064306035,0.004335459343274124,3.4074175357818604
848,0.026241742057725788,0.004636679573450237,0.004335459343274124,3.3914573416113853
849,0.02686707399971783,0.004576669046073221,0.004335459343274124,3.4156318828463554
850,0.024619905050843955,0.004782041416619904,0.004335459343274124,3.5816809609532356
851,0.025908737127669154,0.005093975770869293,0.004335459343274124,3.7958874255418777
852,0.026730293445289134,0.0049943601043196395,0.004335459343274124,3.6056223064661026
853,0.02421853919234127,0.004213447938673199,0.004213447938673199,3.922934226691723
854,0.024866023370064796,0.004481928871246055,0.004213447938673199,3.70411429554224
855,0.023853206895291804,0.00454172650759574,0.004213447938673199,3.42477460950613
856,0.0291062779026106,0.005026476812781766,0.004213447938673199,3.5054596960544586
857,0.02512070853728801,0.004649569461471401,0.004213447938673199,3.44436664134264
858,0.023676161068491637,0.004450437766499817,0.004213447938673199,3.4135429859161377
859,0.023736538289114834,0.004398719043820165,0.004213447938673199,3.4435281977057457
860,0.025592065046541393,0.0047746477118926125,0.004213447938673199,3.346962571144104
861,0.025189279839396478,0.005559996220981702,0.004213447938673199,3.5620893463492393
862,0.027486857525072992,0.004619267135858536,0.004213447938673199,3.578347459435463
863,0.023557086864486338,0.004524529899354093,0.004213447938673199,3.5523335859179497
864,0.025743775622919202,0.004641874862718396,0.004213447938673199,3.4246308654546738
865,0.023484174746088684,0.004278904114617035,0.004213447938673199,3.314089819788933
866,0.022937626313418148,0.004445975223788991,0.004213447938673199,3.179889641702175
867,0.024736053785309197,0.004526346025522798,0.004213447938673199,3.2999755889177322
868,0.02377746259793639,0.0044258420314872635,0.004213447938673199,3.237817995250225
869,0.025437309317290782,0.00490816607431043,0.004213447938673199,3.3662763983011246
870,0.027763327373191714,0.004267480542184785,0.004213447938673199,3.198931820690632
871,0.02274198200646788,0.004211942288093269,0.004211942288093269,3.3625145256519318
872,0.024135515643283725,0.004245584388263524,0.004211942288093269,3.2969472110271454
873,0.022931044239550828,0.00448019104602281,0.004211942288093269,3.24186759442091
874,0.021562439689412714,0.004400237117661163,0.004211942288093269,3.283933199942112
875,0.022332418197765946,0.0045281812752364205,0.004211942288093269,3.253335066139698
876,0.024849273568950593,0.004307473725057207,0.004211942288093269,3.2254412174224854
877,0.023666719178669155,0.004259131739963777,0.004211942288093269,3.2125001028180122
878,0.023112910095602273,0.004634120147093199,0.004211942288093269,3.1909880563616753
879,0.022295394183136523,0.004291525555890985,0.004211942288093269,3.2245981842279434
880,0.02369235298782587,0.004331252363044769,0.004211942288093269,3.226332165300846
881,0.022350861677899958,0.004669059530133381,0.004211942288093269,3.19950320571661
882,0.025531954052858054,0.004510965822846629,0.004211942288093269,3.252082295715809
883,0.022837505592033267,0.004382864095387049,0.004211942288093269,3.3364127054810524
884,0.022959107137285172,0.004283442049054429,0.004211942288093269,3.3935178220272064
885,0.022289627758786082,0.004876550332992338,0.004211942288093269,3.3986895456910133
886,0.024073975849896668,0.0046620657981839035,0.004211942288093269,3.383755922317505
887,0.02146554171759635,0.004151393983047456,0.004151393983047456,3.5347731560468674
888,0.0223793960576877,0.004650871808989905,0.004151393983047456,3.327640622854233
889,0.020779038361273705,0.004608713246416301,0.004151393983047456,3.499855987727642
890,0.022344230324961245,0.004118925452930852,0.004118925452930852,3.478491671383381
891,0.0226053767465055,0.004257734192651697,0.004118925452930852,3.38963171094656
892,0.021372644551098347,0.0043177683762041855,0.004118925452930852,3.486156463623047
893,0.021449197323061525,0.004632689891732298,0.004118925452930852,3.48658100515604
894,0.02346579884644598,0.004553404232137836,0.004118925452930852,3.3670543506741524
895,0.021005516598932444,0.004502744982019067,0.004118925452930852,3.294383265078068
896,0.02161230990476906,0.005250602178857661,0.004118925452930852,3.3832420706748962
897,0.022875331779941915,0.0043271504127187655,0.004118925452930852,3.3085506707429886
898,0.020261913360096515,0.004401047744322568,0.004118925452930852,3.847934953868389
899,0.0207256150348112,0.004324776519206352,0.004118925452930852,4.405479080975056
900,0.021198934594169258,0.004192593649495393,0.004118925452930852,3.163614861667156
901,0.02023977917805314,0.004306577391689643,0.004118925452930852,3.1713524013757706
902,0.01999141779821366,0.004207641950924881,0.004118925452930852,3.1418175473809242
903,0.02024194427859038,0.004231987239909358,0.004118925452930852,3.292442299425602
904,0.02060518957208842,0.00434534688887652,0.004118925452930852,3.246588818728924
905,0.02100224497076124,0.004193697905866429,0.004118925452930852,3.1684892773628235
906,0.02033258349914104,0.00411945981089957,0.004118925452930852,3.160508580505848
907,0.019589078184217214,0.004305779773276299,0.004118925452930852,3.1664988547563553
908,0.019947673306800424,0.004167079098988324,0.004118925452930852,3.3147068321704865
909,0.020277104211971163,0.004185800492414273,0.004118925452930852,3.11414285749197
910,0.0201621624333784,0.004197436174144968,0.004118925452930852,3.2107574492692947
911,0.0204780387384817,0.00462749192956835,0.004118925452930852,3.401233971118927
912,0.020053499413654207,0.004164724104921334,0.004118925452930852,3.3858637511730194
913,0.01977232649549842,0.004277518827584572,0.004118925452930852,3.337100088596344
914,0.01978985749091953,0.004114493762026541,0.004114493762026541,3.517553836107254
915,0.01990609180089086,0.0042171609913930295,0.004114493762026541,3.3856489956378937
916,0.020471704533323646,0.004140808929223567,0.004114493762026541,3.4169259890913963
917,0.01962250332068652,0.004138914094073698,0.004114493762026541,3.4013064429163933
918,0.020249817876145243,0.004153084837016649,0.004114493762026541,3.4052261784672737
919,0.019908595837652684,0.004131445133825764,0.004114493762026541,3.3826324865221977
920,0.01930474105104804,0.004354178187204525,0.004114493762026541,3.3775989562273026
921,0.019281614870764314,0.004138749428093434,0.004114493762026541,3.4321517795324326
922,0.01915745634306222,0.004171409491682425,0.004114493762026541,3.4375687688589096
923,0.019479176696389912,0.004132804929395206,0.004114493762026541,3.238706588745117
924,0.01962002127338201,0.0042388170660706236,0.004114493762026541,3.1851972192525864
925,0.01927408127207309,0.004371254605939612,0.004114493762026541,3.161630518734455
926,0.019216569393873215,0.004767516988795251,0.004114493762026541,3.1613157615065575
927,0.020005375863052906,0.004097558371722698,0.004097558371722698,3.2513812333345413
928,0.018807923794724048,0.004172544127213768,0.004097558371722698,3.191210314631462
929,0.018636111876927316,0.004172299118363298,0.004097558371722698,3.199619710445404
930,0.018875486765988173,0.004177778410376049,0.004097558371722698,3.1504304707050323
931,0.019313194840215146,0.004195944554521702,0.004097558371722698,3.2093418166041374
932,0.019285708830691875,0.004096597897005267,0.004096597897005267,3.2900972217321396
933,0.018518665474839508,0.0041993244009790945,0.004096597897005267,3.140994504094124
934,0.019068709939718247,0.004107330293045379,0.004096597897005267,3.15790743380785
935,0.018577091621235012,0.004159736437723041,0.004096597897005267,3.137847028672695
936,0.018546209197491406,0.0041042119392659514,0.004096597897005267,3.1330548226833344
937,0.018599213155917824,0.0041394696227507665,0.004096597897005267,3.1480139568448067
938,0.018481488922610877,0.004094856785377488,0.004094856785377488,3.3941212594509125
939,0.018525030659511686,0.004121114892186597,0.004094856785377488,3.2412348836660385
940,0.018568689237348734,0.0040659485716605555,0.0040659485716605555,3.2462686747312546
941,0.018253656780347228,0.004316041339770891,0.0040659485716605555,3.178771957755089
942,0.01813751720264554,0.004075130659621209,0.0040659485716605555,3.1939917132258415
943,0.018173946454189717,0.004138217461295426,0.0040659485716605555,3.131362207233906
944,0.018126325892284512,0.0040288709936430675,0.0040288709936430675,3.3661768436431885
945,0.01810127710737288,0.0041475022537633775,0.0040288709936430675,3.1758033111691475
946,0.018033501418307424,0.004134370388928801,0.0040288709936430675,3.2005565762519836
947,0.0180361145241186,0.00409328315872699,0.0040288709936430675,3.220875471830368
948,0.01826502967812121,0.004072447311482392,0.0040288709936430675,3.2328529581427574
949,0.01805615106225014,0.004104665538179688,0.0040288709936430675,3.125114530324936
950,0.01798175102006644,0.004206456763204187,0.0040288709936430675,3.1138588711619377
951,0.017938340266235173,0.004078553652507253,0.0040288709936430675,3.196932204067707
952,0.017945131636224687,0.0041515501734102145,0.0040288709936430675,3.4172832891345024
953,0.01786085563339293,0.0040776780690066515,0.0040288709936430675,3.5197651386260986
954,0.017826115323230623,0.004057294926606119,0.0040288709936430675,3.2833050712943077
955,0.017810706381686033,0.0040846037160372365,0.0040288709936430675,3.456737443804741
956,0.01785207253228873,0.004088794466806576,0.0040288709936430675,3.150285981595516
957,0.018003410297445954,0.004072304107830859,0.0040288709936430675,3.1831852346658707
958,0.017808662400580943,0.00405373454967048,0.0040288709936430675,3.2199456989765167
959,0.01766391636710614,0.004076983492122963,0.0040288709936430675,3.196152612566948
960,0.017667197301052512,0.004033990437164903,0.0040288709936430675,3.202442951500416
961,0.017735071459785104,0.004080172577523626,0.0040288709936430675,3.1569794565439224
962,0.01769735342543572,0.004068163790507242,0.0040288709936430675,3.159628711640835
963,0.01751577657274902,0.00404711423732806,0.0040288709936430675,3.168984055519104
964,0.01777594840247184,0.004055224898038432,0.0040288709936430675,3.119785487651825
965,0.017781361975707115,0.0040818383474834265,0.0040288709936430675,3.1761160790920258
966,0.017526908565312624,0.0040364512806991115,0.0040288709936430675,3.2578215897083282
967,0.01742205217014998,0.0040827721706591545,0.0040288709936430675,3.177541673183441
968,0.017539236696437,0.004097193313646131,0.0040288709936430675,3.1497894152998924
969,0.01759961144719273,0.0040654539462411775,0.0040288709936430675,3.340911492705345
970,0.0175059134978801,0.004043767910916358,0.0040288709936430675,3.1637258008122444
971,0.017569821287877856,0.004094788893125951,0.0040288709936430675,3.2174074053764343
972,0.01748947058059275,0.004072381625301205,0.0040288709936430675,3.2269789054989815
973,0.017394711446017026,0.004047415053355508,0.0040288709936430675,3.1559179052710533
974,0.01741711962595582,0.004060679388348944,0.0040288709936430675,3.1890681460499763
975,0.01733492997009307,0.004056639953050762,0.0040288709936430675,3.216488763689995
976,0.017303700857795774,0.004058222628664225,0.0040288709936430675,3.2049145698547363
977,0.017283940993249418,0.004054063957300969,0.0040288709936430675,3.213574655354023
978,0.017355203293263913,0.004058858046773821,0.0040288709936430675,3.2046678736805916
979,0.017336078464984892,0.0040667382726678625,0.0040288709936430675,3.211678169667721
980,0.017322881205938757,0.004054091510479339,0.0040288709936430675,3.2209023982286453
981,0.01731276913359761,0.0040392739383969456,0.0040288709936430675,3.2410538867115974
982,0.01728997903969139,0.00405846834066324,0.0040288709936430675,3.2216362804174423
983,0.017278368844650685,0.004055639395373873,0.0040288709936430675,3.2488751336932182
984,0.01727105452120304,0.004074656893499196,0.0040288709936430675,3.2354353070259094
985,0.017237416789866983,0.004041873364476487,0.0040288709936430675,3.2518606930971146
986,0.017271829470060767,0.004065347083378583,0.0040288709936430675,3.2052286341786385
987,0.017233811893500386,0.004045227515161969,0.0040288709936430675,3.2794734090566635
988,0.017239254146814348,0.004051291635842062,0.0040288709936430675,3.3151364028453827
989,0.017214151967316866,0.004051242616842501,0.0040288709936430675,3.1820824593305588
990,0.017206473502330483,0.00406922563619446,0.0040288709936430675,3.2468091994524
991,0.01719978686235845,0.004051758768036961,0.0040288709936430675,3.2042952701449394
992,0.01718775517679751,0.00404811880318448,0.0040288709936430675,3.150930918753147
993,0.017183881793171166,0.00405134896223899,0.0040288709936430675,3.1864459812641144
994,0.017189281689934433,0.00404693195305299,0.0040288709936430675,4.206096336245537
995,0.017190744960680605,0.004050872362568043,0.0040288709936430675,4.482142746448517
996,0.017184084583073855,0.004050823284778744,0.0040288709936430675,4.579747185111046
997,0.017176498580724002,0.004049456574139185,0.0040288709936430675,3.484006330370903
998,0.01717482469882816,0.004050626714597456,0.0040288709936430675,3.569558322429657
999,0.017173905284143986,0.004049994684755802,0.0040288709936430675,3.166975513100624
1000,0.017172888914123177,0.004050039309076965,0.0040288709936430675,3.146116256713867
